,index,Titre,Année,Genres,Note,Votes,Popularité,Durée,Budget,Recette,Mots clés,key,id_tmdb,imdb_id,genres_ids
0,0,Dorothée Show,1987,Musique | Comédie | Familial,7.5,2.0,0.1459,90.0,0.0,0.0,[],,1048595,tt10300344,10402 | 35 | 10751
1,1,Trois couleurs : Blanc,1994,Comédie | Drame | Mystère,7.444,1315.0,2.9282,100.0,0.0,1273525.0,"['france', 'hairdresser', 'sexual frustration', 'businessman', 'funeral', 'love', 'poland', 'psychological', 'french', 'arthouse']",https://www.youtube.com/watch?v=uBEku1kG1fo,109,tt0111507,35 | 18 | 9648
2,2,Le Fabuleux Destin d'Amélie Poulain,2001,Comédie | Romance,7.918,12335.0,9.2704,120.0,10000000.0,173921954.0,"['daughter', 'paris, france', 'love triangle', 'photography', 'ghost train', 'sex shop', 'shyness', 'journey around the world', 'postcard', 'romcom', 'hypochondriac', 'romance', 'cafe', 'kindness', 'magic realism', ""child's point of view"", 'nostalgic', 'montmartre, paris', 'neighbor neighbor relationship', 'father daughter relationship', 'loving', 'happy ending', 'childhood memory', 'lighthearted']",https://www.youtube.com/watch?v=_cZyjM_R6-E,194,tt0211915,35 | 10749
3,3,La Science des rêves,2006,Comédie | Drame | Fantastique,7.0,828.0,1.8314,105.0,6000000.0,9524340.0,"['jealousy', 'dreams', 'mexico', 'paris, france', 'nightmare', 'escape', 'magic', 'date', 'subconsciousness', 'cloud', 'love', 'travel', 'art', 'magic realism', 'insecure']",https://www.youtube.com/watch?v=koacpw5a8Ro,300,tt0354899,35 | 18 | 14
4,4,Delicatessen,1991,Comédie | Science-Fiction | Fantastique,7.313,1615.0,2.9204,97.0,4000000.0,1794187.0,"['underground', 'suicide attempt', 'dystopia', 'post-apocalyptic future', 'dark comedy', 'clown', 'butcher', ""butcher's shop"", 'vegetarian', 'terror cell', 'surrealism', 'cannibal', 'cannibalism', 'post-apocalyptic']",https://www.youtube.com/watch?v=aWEUHqGX_T0,892,tt0101700,35 | 878 | 14
5,5,L'Auberge espagnole,2002,Drame | Comédie | Romance,7.123,1216.0,2.077,120.0,5300000.0,3897799.0,"['paris, france', 'barcelona, spain', 'alcohol', 'roommates', 'single', 'travel', 'crush', 'relationship', 'break-up', 'celebration', 'group of friends']",,1555,tt0283900,18 | 35 | 10749
6,7,Toujours possible,2025,Comédie | Romance,7.0,3.0,13.6139,90.0,0.0,0.0,[],https://www.youtube.com/watch?v=LEJU-puemyM,1313168,tt32992509,35 | 10749
7,8,Vivement dimanche !,1983,Comédie | Crime | Mystère,7.075,214.0,0.9212,115.0,0.0,0.0,"['clerk', 'detective', 'crime investigation', 'murder case']",https://www.youtube.com/watch?v=dJnDWOGIIyE,2455,tt0086551,35 | 80 | 9648
8,9,On connaît la chanson,1997,Drame | Comédie | Romance,7.01,155.0,1.1547,120.0,0.0,0.0,"['depression', 'hypochondriac']",,2817,tt0119828,18 | 35 | 10749
9,10,Astérix & Obélix : Mission Cléopâtre,2002,Familial | Fantastique | Comédie | Aventure,7.371,3758.0,5.4422,107.0,58500000.0,131116046.0,"['egypt', 'magic', 'palace', 'civil engineer', 'cleopatra', 'ancient rome', 'ancient world', ""based on children's book"", 'ancient egypt', 'grand', 'sympathetic']",https://www.youtube.com/watch?v=iT1n9Z4hVuk,2899,tt0250223,10751 | 14 | 35 | 12
10,11,Les Héroïques,2021,Comédie | Drame,7.0,14.0,0.4614,99.0,0.0,0.0,[],https://www.youtube.com/watch?v=Mph4Pa2wLZE,789578,tt7661518,35 | 18
11,12,Bébé à bord,2008,Comédie | Romance | Téléfilm,7.4,5.0,0.0687,90.0,0.0,0.0,[],,265998,tt1227544,35 | 10749 | 10770
12,13,Des frères et des sœurs,2014,Comédie,7.0,3.0,0.1738,90.0,0.0,0.0,[],,266804,tt3233494,35
13,14,Les petites couleurs,2002,Comédie | Drame,7.8,3.0,0.2797,94.0,0.0,0.0,"['friendship', 'husband wife relationship', 'strong woman', 'hairdresser', 'geneva, switzerland', 'empowerment', 'innkeeper', 'hairstyle', 'run away', 'divorce', 'road movie', 'woman director', 'roadtrip']",,5047,tt0311641,35 | 18
14,15,Golden Boy,1996,Comédie,7.2,4.0,0.4754,90.0,0.0,0.0,"['hairdresser', 'lottery', 'labor strike', 'labor union', 'doll factory']",,267285,tt0116432,35
15,16,Les Choristes,2004,Drame | Comédie | Musique,7.737,2596.0,5.5775,97.0,5300000.0,83600000.0,"['penalty', 'boarding school', 'choir', 'diary', 'musical', ""boys' choir"", 'dormitory', 'principal', ""boys' boarding school"", '1940s']",https://www.youtube.com/watch?v=d_JyZueGpHc,5528,tt0372824,18 | 35 | 10402
16,17,Fary : Aime-moi si tu peux,2024,Comédie,7.395,19.0,0.1078,67.0,0.0,0.0,[],,1317357,tt33708267,35
17,18,Train de vie,1998,Drame | Comédie | Guerre,7.339,292.0,0.9173,103.0,154790.0,3311162.0,"['nazi', 'concentration camp', 'holocaust (shoah)', 'village', 'world war ii', 'deportation', 'jewish life', 'eastern europe', 'fool', 'train', 'shocking', 'loving']",,8056,tt0170705,18 | 35 | 10752
18,19,J'ai toujours rêvé d'être un gangster,2008,Drame | Comédie | Crime,7.3,87.0,0.3774,108.0,0.0,0.0,"['waitress', 'paris, france']",https://www.youtube.com/watch?v=8Dk_M3HF6v4,8281,tt0827713,18 | 35 | 80
19,20,Jeux d'enfants,2003,Drame | Comédie | Romance,7.234,1870.0,2.4288,93.0,0.0,8561371.0,"['test of courage', 'belgium', 'crush']",https://www.youtube.com/watch?v=Zxw6IL3Qed0,8424,tt0364517,18 | 35 | 10749
20,21,Le Dîner de cons,1998,Comédie,7.761,2054.0,3.015,80.0,12500000.0,78599508.0,"['tax inspector', 'fool', 'comedy']",https://www.youtube.com/watch?v=wx0mwd9l93Q,9421,tt0119038,35
21,22,Le Bourgeois gentilhomme,1982,Comédie,7.6,5.0,0.3432,128.0,0.0,0.0,['molière'],,533846,tt0191013,35
22,23,Les Triplettes de Belleville,2003,Animation | Comédie | Drame | Familial,7.396,1035.0,1.8428,78.0,9500000.0,14776760.0,"['france', 'kidnapping', 'biker', 'tour de france', 'mafia', 'dog', 'triplet', 'band singer', 'silent film', 'adult animation', 'old woman']",https://www.youtube.com/watch?v=IHR8kcyPNqs,9662,tt0286244,16 | 35 | 18 | 10751
23,24,Dolce far niente,1999,Comédie | Drame,7.8,4.0,0.2139,119.0,0.0,0.0,[],,534349,tt0175575,35 | 18
24,25,C'est arrivé près de chez vous,1992,Comédie | Crime,7.228,1004.0,2.3474,95.0,33000.0,205569.0,"['movie business', 'dark comedy', 'mockumentary', 'serial killer', 'brutality', 'found footage', 'arab', 'crime', 'found footage adjacent', 'hybrid found footage']",,10086,tt0103905,35 | 80
25,26,La Fille sur le pont,1999,Drame | Comédie | Romance,7.018,224.0,1.0154,90.0,0.0,0.0,"['suicide', 'france', 'paris, france', 'gambling', 'circus', 'bridge', 'knife', 'seine', 'knife thrower', 'unconventional love']",https://www.youtube.com/watch?v=VgUULmasNIc,10401,tt0144201,18 | 35 | 10749
26,27,Le dernier jour du jeûne,2020,Comédie,7.5,2.0,0.3281,143.0,0.0,0.0,[],,797265,,35
27,28,L'Alambic,1998,Comédie | Téléfilm,8.0,2.0,0.0948,92.0,0.0,0.0,[],,797403,,35 | 10770
28,29,Les Filles à papa,2001,Comédie | Téléfilm | Familial,7.0,2.0,0.4349,94.0,0.0,0.0,"['family history', 'french family', 'girl', 'french', 'comedy']",,797517,tt0276959,35 | 10770 | 10751
29,30,Les Fourberies de Scapin,2020,Comédie,8.5,2.0,0.0852,93.0,0.0,0.0,[],,535497,tt0461223,35
30,31,Angel-A,2005,Romance | Comédie | Drame | Fantastique,7.0,779.0,1.47,90.0,15000000.0,9995168.0,"['paris, france', 'angel', 'seine', 'angel-a']",https://www.youtube.com/watch?v=8Q1oFUKM0O0,11227,tt0473753,10749 | 35 | 18 | 14
31,32,Le voyage de la grande duchesse,2003,Comédie | Familial | Téléfilm,7.0,2.0,0.3165,90.0,0.0,0.0,[],,797805,tt0357297,35 | 10751 | 10770
32,33,Les Inconnus - La Totale ! (Vol. 3),2017,Comédie,8.4,12.0,0.1154,111.0,0.0,0.0,[],,535713,,35
33,34,Les Inconnus - La Totale ! (Vol. 1),2017,Comédie,8.3,12.0,0.1157,94.0,0.0,0.0,[],,535722,,35
34,35,Cyrano de Bergerac,1990,Drame | Comédie | Histoire | Romance,7.319,822.0,2.0733,137.0,0.0,5822041.0,"['new love', 'paris, france', 'fencing', 'love letter', 'poet', 'nose', 'inferiority complex', 'based on play or musical', 'unrequited love', 'long nose', '17th century', ""thirty years' war (1618-1648)""]",https://www.youtube.com/watch?v=fnFv7IAoWP8,11673,tt0099334,18 | 35 | 36 | 10749
35,36,Les Visiteurs,1993,Fantastique | Comédie,7.121,2049.0,5.383,105.0,9500000.0,98800000.0,"['servant', 'time travel', 'clumsy fellow', 'middle ages (476-1453)', 'nobility']",https://www.youtube.com/watch?v=wOMZzFIhPL0,11687,tt0108500,14 | 35
36,37,Un diner d'adieu,2014,Comédie,7.5,4.0,0.3005,103.0,0.0,0.0,"['friendship', 'theatre group', 'public theatre', 'theatre', 'theatre performance', 'théâtre']",,536819,tt15142404,35
37,38,Le Château de ma mère,1990,Aventure | Comédie | Drame | Romance,7.2,297.0,1.2997,97.0,0.0,0.0,"['provence', 'biography', 'marcel pagnol']",https://www.youtube.com/watch?v=88olLaEqPdk,12717,tt0099266,12 | 35 | 18 | 10749
38,40,Alban Ivanov - Élément perturbateur,2018,Comédie,7.2,41.0,0.1823,70.0,0.0,0.0,[],,537197,tt14296534,35
39,41,Waly Dia : Ensemble ou rien,2022,Comédie,7.8,4.0,0.0214,90.0,0.0,0.0,['stand-up comedy'],,1061543,,35
40,42,Le Grand Restaurant : La Guerre de l'étoile,2022,Comédie | Téléfilm,8.0,2.0,0.4012,102.0,0.0,0.0,[],,1062061,tt23886088,35 | 10770
41,43,La Bastide bleue,2005,Téléfilm | Comédie | Drame,7.5,2.0,0.1711,89.0,0.0,0.0,[],,800040,,10770 | 35 | 18
42,44,Le père Noël est une ordure,1982,Comédie,7.3,1058.0,2.2359,90.0,0.0,0.0,"['suicide', 'transvestite', 'cake', 'pregnancy', 'pharmacist', 'theater play', 'black humor', 'phone', 'trapped in an elevator', 'christmas', 'live theatre', 'comedy of situation', 'marginal', 'public theatre']",https://www.youtube.com/watch?v=NH1-TVeV7V4,14645,tt0084555,35
43,45,Un air de famille,1996,Comédie,7.278,308.0,0.9139,110.0,3800000.0,0.0,[],https://www.youtube.com/watch?v=zHIQeEz-wEM,14646,tt0118015,35
44,46,La Cité de la peur,1994,Comédie,7.464,1343.0,1.7894,99.0,0.0,0.0,"['france', 'movie business', 'bodyguard', 'dark comedy', 'film in film', 'serial killer', 'sickle', 'vomiting', 'press agent', '1990s', 'cannes', 'hammer']",https://www.youtube.com/watch?v=-6lMRysFhrM,15097,tt0109440,35
45,47,"OSS 117 : Le Caire, nid d'espions",2006,Crime | Action | Aventure | Comédie,7.2,1841.0,2.7653,99.0,15200000.0,23055884.0,"['france', 'cairo', 'nazi', 'espionage', 'secret agent', 'comedy', 'french intelligence']",https://www.youtube.com/watch?v=Yy4UGidQUrM,15152,tt0464913,80 | 28 | 12 | 35
46,48,OSS 117 : Rio ne répond plus,2009,Crime | Action | Comédie,7.101,1522.0,1.8666,100.0,26800000.0,21924245.0,"['nazi', 'hippie', 'rio de janeiro', 'secret agent', 'comedy', 'humor', 'humour', 'french intelligence']",https://www.youtube.com/watch?v=pwSmSPmH1CE,15588,tt1167660,80 | 28 | 35
47,49,La Classe américaine,1993,Comédie | Téléfilm,7.593,246.0,1.5034,72.0,0.0,0.0,"['parody', 'hollywood star', 'mysterious death', 'collage film']",https://www.youtube.com/watch?v=CJaJEyuMozo,16130,tt0321715,35 | 10770
48,50,Ding et Dong : Le film,1990,Comédie,7.0,5.0,0.3686,96.0,0.0,0.0,['quebec'],,17196,tt0099432,35
49,51,Nos jours heureux,2006,Comédie | Familial,7.35,1104.0,1.5788,103.0,7508646.0,10890811.0,[],https://www.youtube.com/watch?v=pu-NYxy5epQ,19100,tt0478566,35 | 10751
50,52,La Chèvre,1981,Comédie | Crime | Aventure,7.115,701.0,2.3282,90.0,0.0,0.0,"['clumsy fellow', 'disappearance']",https://www.youtube.com/watch?v=32tlvttGjBU,19123,tt0082183,35 | 80 | 12
51,53,Le Hérisson,2009,Comédie | Drame,7.246,418.0,1.698,100.0,0.0,0.0,"['goldfish', 'death of neighbor', 'bookcase', 'parisian', 'distinguished gentleman', 'insightful', 'suicidal thoughts', 'dancing in the street', 'woman director', 'kids']",https://www.youtube.com/watch?v=RWX8mTKsmRE,19597,tt1442519,35 | 18
52,54,Edmond,2018,Comédie | Histoire,7.483,526.0,1.1837,113.0,9208475.0,0.0,"['husband wife relationship', 'paris, france', 'based on true story', 'aspiring actor', '19th century', 'portrait of an artist', 'struggling playwright', 'french writer']",https://www.youtube.com/watch?v=uC2FZNEJ6iM,544510,tt7201846,35 | 36
53,55,Play,2019,Comédie,7.3,364.0,0.6066,108.0,0.0,0.0,['found footage'],https://www.youtube.com/watch?v=_5f3yE5bMJw,547258,tt7998848,35
54,56,Le Concert,2009,Drame | Comédie,7.232,528.0,1.2422,120.0,0.0,0.0,"['concert', 'gypsy', 'orchestra', 'musical', 'based on true story', 'violin player']",https://www.youtube.com/watch?v=h0UUrar3uGg,25205,tt1320082,18 | 35
55,57,La Belle Verte,1996,Comédie,7.2,279.0,2.0741,99.0,0.0,0.0,"['extraterrestrial', 'woman director']",,25518,tt0115650,35
56,58,Spycies,2020,Animation | Comédie | Action | Aventure | Familial,7.355,220.0,1.9718,84.0,0.0,10000000.0,"['secret agent', 'animals']",https://www.youtube.com/watch?v=iNzQvuOiSAE,550738,tt8028842,16 | 35 | 28 | 12 | 10751
57,59,Dofus - Livre 1 : Julith,2016,Animation | Action | Aventure | Fantastique | Comédie,7.5,102.0,0.5225,107.0,8027100.0,624747.0,['dofus'],https://www.youtube.com/watch?v=wZcq1Y5N3q8,289143,tt4731504,16 | 28 | 12 | 14 | 35
58,60,La Femme de l'aviateur,1981,Drame | Comédie | Romance,7.194,121.0,0.697,104.0,0.0,0.0,"['obsession', 'stalking']",https://www.youtube.com/watch?v=4mZCpo3Mxh0,27145,tt0080728,18 | 35 | 10749
59,61,Couleur locale,2014,Comédie | Téléfilm,7.0,16.0,0.2591,105.0,0.0,0.0,['woman director'],,294663,tt4464466,35 | 10770
60,62,Swing,2002,Comédie | Drame | Musique,7.1,21.0,0.1824,90.0,0.0,0.0,['musical'],https://www.youtube.com/watch?v=kqdi2zG2Huk,32616,tt0307538,35 | 18 | 10402
61,63,Le Péril jeune,1995,Comédie | Drame,7.006,269.0,0.8902,106.0,0.0,0.0,"['high school', '1970s', 'memory', 'hospital', 'high school reunion', 'nostalgic']",https://www.youtube.com/watch?v=SrhJjyTEJEI,33095,tt0110922,35 | 18
62,64,Les Aventures de Rosette,1983,Comédie,7.3,3.0,0.456,70.0,0.0,0.0,[],,559411,tt27859219,35
63,65,Coup de torchon,1981,Comédie | Crime | Drame,7.0,212.0,1.0723,128.0,0.0,0.0,"['adultery', 'based on novel or book', 'love triangle', 'murder', 'mistress', 'racism', 'french noir', 'framed for a crime', 'public humiliation', 'open marriage', 'gun shooting', 'voyeur', 'french colonialism', 'french colony', 'revenge killing', 'african village', 'west africa', 'abused wife', 'lazy', 'witty', 'gun death', 'openly adulterous wife', 'adulterous husband', 'corrupt police', 'manipulative man']",https://www.youtube.com/watch?v=-g026C9WeFU,35797,tt0082206,35 | 80 | 18
64,66,Issa Doumbia - Première consultation,2018,Comédie,7.5,2.0,0.0688,90.0,0.0,0.0,[],,560548,,35
65,67,Les Enfants du marais,1999,Comédie | Drame,7.075,179.0,1.2964,115.0,0.0,0.0,"['based on novel or book', '1910s']",https://www.youtube.com/watch?v=kjhSTZX6JuY,36719,tt0167926,35 | 18
66,68,La Folle Soirée du Palmashow,2014,Comédie | Familial,7.1,38.0,0.1641,91.0,0.0,0.0,['comedian'],,299114,tt8644030,35 | 10751
67,69,La guerre des tuques,1984,Aventure | Drame | Comédie | Familial,7.0,37.0,0.3223,92.0,1340000.0,0.0,"['snow', 'dog', 'snowball fight']",https://www.youtube.com/watch?v=bjtvmgqlu6Y,37168,tt0087373,12 | 18 | 35 | 10751
68,70,4 aventures de Reinette et Mirabelle,1987,Comédie | Drame,7.423,84.0,0.8934,95.0,0.0,575.0,[],,37189,tt0090565,35 | 18
69,71,Conte d'été,1996,Romance | Drame | Comédie,7.4,258.0,1.0392,113.0,0.0,0.0,"['beach', 'waitress', 'holiday', 'coming of age', 'graduate']",,37563,tt0115940,10749 | 18 | 35
70,72,Bruno Salomone - Euphorique,2016,Comédie,7.8,5.0,0.0667,100.0,0.0,0.0,[],,562216,tt28488950,35
71,73,Amis,2021,Comédie | Familial,7.7,3.0,0.1997,76.0,0.0,0.0,['theater play'],https://www.youtube.com/watch?v=Ly1Kj0XKxfY,825331,,35 | 10751
72,74,Mon oncle d'Amérique,1980,Comédie | Drame | Romance,7.007,204.0,0.824,125.0,0.0,0.0,"['psychology', 'bourgeoisie', 'punishment', 'reward', 'textile company']",https://www.youtube.com/watch?v=zE6FZjiqwtc,39543,tt0081176,35 | 18 | 10749
73,75,Les Inconnus - La Totale ! (Vol. 4),2017,Comédie,8.1,5.0,0.1327,96.0,0.0,0.0,[],,826689,,35
74,76,Panique au village,2009,Aventure | Animation | Comédie | Familial | Fantastique,7.509,211.0,0.9105,74.0,0.0,0.0,"['farm', 'birthday', 'human animal relationship', 'stop motion', 'shootout']",https://www.youtube.com/watch?v=kzlEQh0RkbA,40623,tt1433540,12 | 16 | 35 | 10751 | 14
75,77,Cuisine et Dépendances,1993,Comédie | Drame,7.0,185.0,0.7482,96.0,0.0,0.0,"['poker', 'gambling', 'based on play or musical', 'reunion', 'money', 'conflict', 'dinner', 'gossip', 'argument', 'gambler', 'compulsive gambler', 'evening', 'out of control', 'gambling addiction', 'rich guests', 'dinner guest', 'kitchen', 'friends reunion', 'huis clos', 'late', 'out of control situation', 'lateness', 'comedy of manners', 'gamble']",https://www.youtube.com/watch?v=p2yThpdjvYc,40627,tt0106632,35 | 18
76,78,"TVN 595, la télévision des nuls",1988,Comédie,8.0,2.0,0.1466,112.0,0.0,0.0,[],,567558,tt0174256,35
77,79,Un monde sans pitié,1989,Romance | Comédie,7.1,43.0,0.402,84.0,0.0,0.0,[],https://www.youtube.com/watch?v=ny472Pq2Pbc,43281,tt0098552,10749 | 35
78,80,Redouanne Harjane - A La Cigale,2017,Comédie,8.8,2.0,0.0795,69.0,0.0,0.0,[],,567585,,35
79,81,Ding et Dong aux lundis des HA! HA!,2005,Comédie,8.5,2.0,0.0919,78.0,0.0,0.0,[],,305743,,35
80,82,Folle Amanda,2017,Comédie,8.0,2.0,0.1099,139.0,0.0,0.0,"['minister', 'theater play', 'music hall', 'theater', 'comedy']",https://www.youtube.com/watch?v=sFZOiTDqnwg,830667,tt6452656,35
81,83,Mon Inconnue,2019,Comédie | Romance | Fantastique,7.044,871.0,1.8766,118.0,7950000.0,0.0,"['husband wife relationship', 'love at first sight', 'dementia', 'ping pong', 'school teacher', 'best selling author', 'alternative reality', 'female pianist', 'pretending to be gay']",https://www.youtube.com/watch?v=cPmres2xeT0,570131,tt8265928,35 | 10749 | 14
82,84,"Astérix et Obélix : Mission Cléopâtre, le comankonafé",2002,Documentaire | Comédie,7.2,16.0,0.5411,115.0,0.0,0.0,"['behind the scenes', 'filmmaking', 'making of', 'archive footage', 'documentary filmmaking', 'movie set', 'celebrity interview', 'bonus feature', 'french actress', 'french director', 'french actor']",https://www.youtube.com/watch?v=enhF8VHlG8Q,1094579,tt0363444,99 | 35
83,85,Abracadabra,1993,Fantastique | Comédie | Familial,8.75,2.0,0.4652,108.0,0.0,0.0,[],,570564,tt0103611,14 | 35 | 10751
84,86,Taxi de nuit,1993,Comédie | Drame,7.8,3.0,0.3089,90.0,0.0,0.0,[],,570769,tt0108305,35 | 18
85,87,Yiddish Connection,1986,Crime | Drame | Comédie,8.0,2.0,0.5286,97.0,0.0,0.0,"['mafia', 'jewish mafia']",,46807,tt0092262,80 | 18 | 35
86,88,Un chapeau de paille d'Italie,2012,Comédie,7.1,4.0,0.2485,130.0,0.0,0.0,['vaudeville'],,309345,,35
87,90,Les Petits Mouchoirs,2010,Comédie | Drame,7.099,1627.0,1.6955,154.0,25000000.0,48531470.0,"['parent child relationship', 'boat', 'country house', 'thirty something', 'beach house', 'organic food', 'weasel', 'group of friends', 'reprimand', 'declaration of love', 'texting', 'low tide', 'forced', 'interrupted vacation', 'osteopath', 'lovesick']",https://www.youtube.com/watch?v=mxKMVFBPUQo,48034,tt1440232,35 | 18
88,92,Sept ans de réflexion,2021,Comédie,7.0,2.0,0.3495,91.0,0.0,0.0,[],https://www.youtube.com/watch?v=ysb-0QCm9RE,835351,,35
89,93,Festival International du Rire de Liège 2018 - Carte Blanche Aux Chevaliers Du Fiel,2019,Comédie,7.0,2.0,0.1345,90.0,0.0,0.0,[],,573255,,35
90,94,Le Nom des gens,2010,Drame | Comédie | Romance,7.23,330.0,0.8387,104.0,4600000.0,0.0,"['politics', 'voting results']",https://www.youtube.com/watch?v=zvcZKl1mLNA,50848,tt1646974,18 | 35 | 10749
91,95,Effroyables Jardins,2003,Comédie | Drame,7.4,124.0,0.5437,89.0,0.0,0.0,[],https://www.youtube.com/watch?v=ovx-3dZ7hV0,51163,tt0285052,35 | 18
92,96,"Ce soir, c'est Palmashow",2023,Comédie | Familial | Téléfilm,7.5,12.0,0.4186,94.0,0.0,0.0,[],,1101444,,35 | 10751 | 10770
93,97,Le Canard à l'orange,1993,Comédie,7.3,3.0,0.2618,140.0,0.0,0.0,[],,315491,,35
94,98,Le rêve américain,2026,Comédie,7.416,89.0,1.2518,122.0,0.0,0.0,"['based on true story', 'basketball']",https://www.youtube.com/watch?v=luo8zIBa8JA,1365378,tt36313062,35
95,99,Hors normes,2019,Comédie | Drame,7.8,981.0,1.5378,114.0,0.0,0.0,"['social worker', 'autism', 'social work', 'affectation', 'attention deficit hyperactivity disorder (adhd)', 'thoughtful', 'wistful', 'didactic', 'witty', 'appreciative', 'assertive', 'celebratory', 'comforting', 'compassionate', 'defiant', 'sympathetic', 'urgent', 'vibrant']",https://www.youtube.com/watch?v=BkU_ZzeyBHI,579245,tt8655470,35 | 18
96,100,"Terra Willy, planète inconnue",2019,Animation | Comédie | Aventure | Familial,7.2,214.0,1.6561,90.0,5100000.0,3123088.0,[],https://www.youtube.com/watch?v=B8wbIsEYJrA,580600,tt8329148,16 | 35 | 12 | 10751
97,101,Toto le héros,1991,Drame | Comédie | Fantastique,7.038,117.0,1.0365,88.0,0.0,1228153.0,"['future', 'flashback', 'magic realism', 'childhood', 'unreliable narrator', 'switched at birth']",https://www.youtube.com/watch?v=EIgM2q2N4WE,56321,tt0103105,18 | 35 | 14
98,102,Tandem,1987,Comédie,7.1,92.0,0.579,91.0,0.0,0.0,[],https://www.youtube.com/watch?v=XEfOiDAbskg,56520,tt0094105,35
99,104,Trois ponts sur la rivière,1999,Comédie | Drame,7.0,2.0,0.2358,117.0,0.0,0.0,[],,321219,tt0169339,35 | 18
100,105,Après la guerre,1989,Guerre | Comédie | Drame,7.113,32.0,0.4114,105.0,0.0,0.0,"['desertion', 'world war ii', 'german soldier', ""children's adventure"", 'runaway children', 'children in wartime', 'children on war']",,59349,tt0096828,10752 | 35 | 18
101,106,Les 4 saisons d'Espigoule,1999,Documentaire | Comédie,7.1,11.0,0.0506,97.0,0.0,0.0,[],https://www.youtube.com/watch?v=GV41PqFS794,59955,tt0189331,99 | 35
102,107,"L'ultima récital, les adieux irrévocables",2001,Musique | Comédie,7.3,3.0,0.0604,116.0,0.0,0.0,"['musical comedy', 'music']",,60601,tt0373411,10402 | 35
103,108,Le Bal,1983,Musique | Comédie | Drame,7.0,74.0,0.8296,112.0,0.0,0.0,"[""rock 'n' roll"", '1970s', 'world war ii', 'liberation', 'nightclub', 'musical', 'revue', 'racism', 'air raid', 'post world war ii', 'dance hall', 'nazi occupation', '1920s', '1940s', '1980s', '1950s', '1960s', 'ballroom', 'non-narrative', '1930s', 'occupied france (1940-44)', 'social allegory', 'french art', '20th century']",https://www.youtube.com/watch?v=iuDXZ07nOv0,60612,tt0085213,10402 | 35 | 18
104,109,« Art »,1998,Comédie,7.7,12.0,0.2527,87.0,0.0,0.0,[],,60832,tt1601176,35
105,110,La Femme du boulanger,2010,Comédie,7.1,6.0,0.2923,118.0,0.0,0.0,[],,323278,tt1799112,35
106,111,Un chat un chat,2009,Comédie | Drame,7.3,7.0,0.8345,105.0,0.0,0.0,['woman director'],https://www.youtube.com/watch?v=110o6wvxfDA,61664,tt1259604,35 | 18
107,112,Yannick,2023,Comédie | Drame | Thriller,7.053,713.0,0.9618,67.0,0.0,3500000.0,"['gun', 'hostage', 'boredom', 'hostage situation', 'held hostage', 'dissatisfaction', 'actor', 'theatre', 'play', 'entertainment', 'cuck', 'interruption', 'theatrical play', 'theatre actor']",https://www.youtube.com/watch?v=SvQrh_yXWR0,1110358,tt28236368,35 | 18 | 53
108,114,Changement de cap,2014,Comédie | Téléfilm,7.5,2.0,0.114,115.0,0.0,0.0,[],,324152,tt4009840,35 | 10770
109,115,Stéphane Guillon - En avant la musique !,2007,Comédie,7.0,2.0,0.0952,108.0,0.0,0.0,[],,62629,,35
110,116,Quartier lointain,2010,Drame | Fantastique | Comédie,7.1,55.0,1.166,98.0,18000000.0,231820.0,[],https://www.youtube.com/watch?v=xWVhc5JOcsg,62871,tt1266037,18 | 14 | 35
111,117,"Calamity, une enfance de Martha Jane Cannary",2020,Comédie | Animation | Familial | Aventure | Western,7.2,46.0,0.7042,84.0,0.0,2239791.0,[],https://www.youtube.com/watch?v=0Xz7TFmGD-A,587311,tt9719864,35 | 16 | 10751 | 12 | 37
112,118,Une nana pas comme les autres,1995,Téléfilm | Comédie,8.5,3.0,0.2214,80.0,0.0,0.0,[],,587467,tt0159604,10770 | 35
113,119,Loin de Manhattan,1982,Comédie | Drame,7.6,5.0,0.2727,80.0,0.0,0.0,[],,63208,tt0123973,35 | 18
114,121,L'Ami de mon amie,1987,Romance | Drame | Comédie,7.116,129.0,0.7837,103.0,0.0,0.0,['french new wave'],https://www.youtube.com/watch?v=fa4Rs5320Tk,64544,tt0092550,10749 | 18 | 35
115,122,Deux hommes tout nus,2014,Comédie,7.2,3.0,0.1124,116.0,0.0,0.0,[],,326707,tt4393104,35
116,123,Le Roi Soleil,2006,Musique | Comédie,8.3,38.0,0.2096,124.0,0.0,0.0,[],,64812,tt2196596,10402 | 35
117,124,En attendant Bojangles,2021,Drame | Comédie | Romance,7.4,344.0,1.0715,124.0,0.0,0.0,[],https://www.youtube.com/watch?v=fOHZVK9AHaQ,851303,tt11310608,18 | 35 | 10749
118,125,"Augustin, roi du kung-fu",1999,Comédie,7.3,15.0,0.9311,89.0,0.0,0.0,['woman director'],https://www.youtube.com/watch?v=ItA4aKQZSV0,64919,tt0208694,35
119,126,Haut bas fragile,1995,Mystère | Drame | Comédie | Romance | Musique,7.2,22.0,0.3538,169.0,0.0,0.0,[],,65040,tt0113273,9648 | 18 | 35 | 10749 | 10402
120,127,20 H 20,2001,Comédie | Téléfilm,8.0,2.0,0.0297,90.0,0.0,0.0,[],,1375926,tt33582372,35 | 10770
121,129,Princes et Princesses,2000,Drame | Animation | Fantastique | Comédie | Familial | Romance | Mystère | Aventure,7.675,232.0,0.5856,70.0,0.0,0.0,"['fairy tale', 'prince', 'castle', 'tale', 'short compilation', 'cutout animation', 'what if', 'silhouette animation', 'socerer', 'shadow theater']",https://www.youtube.com/watch?v=VErnkQqCIeY,65592,tt0229664,18 | 16 | 14 | 35 | 10751 | 10749 | 9648 | 12
122,131,Arnaud Ducret : That's Life,2023,Comédie | Familial,7.0,2.0,0.114,95.0,0.0,0.0,[],https://www.youtube.com/watch?v=0PLvXRzziF4,1115404,,35 | 10751
123,132,Les Décaféinés - Dépression musicale,2013,Comédie,7.0,2.0,0.0538,70.0,0.0,0.0,[],https://www.youtube.com/watch?v=_MJ8BgFxJAc,329561,,35
124,133,Certaines nouvelles,1980,Drame | Comédie,7.0,2.0,0.4879,97.0,0.0,0.0,[],,330071,tt0080511,18 | 35
125,134,L'Ours Maturin et la famille Wallace,2003,Comédie,9.0,2.0,0.081,88.0,0.0,0.0,[],,331142,tt0470017,35
126,135,Les Voisins,1987,Comédie,7.7,7.0,0.1573,96.0,0.0,0.0,[],,69766,tt0094276,35
127,136,Prends 10000 Balles Et Casse-Toi,1981,Comédie,10.0,2.0,0.0791,90.0,0.0,0.0,"['france', 'immigration', 'algeria', 'maghreb', 'arabe']",,333070,tt0081369,35
128,137,Des preuves d'amour,2025,Drame | Comédie,7.7,33.0,1.6233,96.0,0.0,0.0,"['female homosexuality', 'lgbt', 'same sex parenthood', 'festival chéries chéris']",https://www.youtube.com/watch?v=1137598154,1119537,tt34762801,18 | 35
129,138,L'As des as,1982,Aventure | Comédie,7.059,348.0,1.7817,100.0,0.0,0.0,"['sports', 'belmondo']",https://www.youtube.com/watch?v=u7Ks_XfHLcQ,71524,tt0083580,12 | 35
130,139,La Belle Époque,2019,Comédie | Drame,7.366,1065.0,2.11,110.0,11000000.0,13935410.0,"['husband wife relationship', 'nostalgia', 'romance', 'back in time', 'theater', 'favourite time']",https://www.youtube.com/watch?v=j-J7dpDR06s,595975,tt9172422,35 | 18
131,140,Laurent dans le vent,2025,Comédie | Drame | Romance,7.3,5.0,1.3553,110.0,0.0,0.0,"['lgbt', 'character study', 'reflective', 'gay theme', 'intimate', 'hopeful', 'art house film', 'french indie drama', 'alpine ski resort', 'coming-of-age adult', 'relational tension', 'friendship and conflict', 'generational portrait', 'cannes film festival']",https://www.youtube.com/watch?v=TrDXk2RmASM,1383289,tt36885668,35 | 18 | 10749
132,141,Boomerang !,2018,Comédie | Drame,7.0,3.0,0.3393,92.0,0.0,0.0,['body-swap'],https://www.youtube.com/watch?v=313009966,597671,tt8027144,35 | 18
133,142,Le Havre,2011,Drame | Comédie,7.016,476.0,0.9986,89.0,3850000.0,4230854.0,"['refugee', 'grocer', 'poverty', 'kindness', 'dog', 'policeman', 'shoe shiner', 'northern france', 'vietnamese', 'grocery store', 'cherry', 'port', 'family dog', 'ill wife', 'adult child friendship', 'kind man']",,73532,tt1508675,18 | 35
134,144,The Artist,2011,Drame | Comédie | Romance,7.44,3497.0,4.3746,100.0,15000000.0,133432856.0,"['movie business', 'hollywood', 'black and white', 'dog', 'filmmaking', 'mustache', 'silent film', 'marquee', 'terrier', 'movie star', 'flapper', 'silent film star', '1920s', 'pets', 'old hollywood', 'fading star']",https://www.youtube.com/watch?v=XvifS2QOun4,74643,tt1655442,18 | 35 | 10749
135,145,"Le Chat du rabbin, le film",2011,Comédie | Animation,7.029,188.0,0.695,100.0,0.0,0.0,"['parent child relationship', 'cat', 'rabbi', 'racism', 'french colonialism', 'jewish culture', 'talmud', 'french colony', 'inter religion relationship', 'casbah', 'religious prejudice', 'tuareg', 'guide book', 'portrait painting', 'arab jewish friendship']",https://www.youtube.com/watch?v=nX7I2YLt73w,75491,tt1355638,35 | 16
136,146,Les Gros Patinent Bien,2022,Comédie,9.3,3.0,0.0434,80.0,0.0,0.0,['théâtre'],,1386638,,35
137,147,I Love Périgord,2011,Comédie,7.8,2.0,0.4183,95.0,0.0,0.0,[],,76453,tt1863275,35
138,149,De Caunes-Garcia - Le meilleur de nulle part ailleurs,2004,Comédie,7.0,34.0,0.4984,360.0,0.0,0.0,[],,76873,tt8383670,35
139,150,Laurent Gerra à l'Olympia,2000,Comédie,8.5,2.0,0.0511,120.0,0.0,0.0,[],,76895,,35
140,151,Osmose,2004,Comédie | Romance | Drame,7.0,2.0,0.2419,75.0,0.0,0.0,[],,77284,tt0195119,35 | 10749 | 18
141,152,Intouchables,2011,Drame | Comédie,8.269,18331.0,18.7305,112.0,13000000.0,426590315.0,"['friendship', 'male friendship', 'based on true story', 'inspiring story', 'aristocrat', 'paragliding', 'unlikely friendship', 'duringcreditsstinger', 'quadriplegic', 'quadriplegia', 'feel good', 'cheerful', 'emotional']",https://www.youtube.com/watch?v=cXu2MhWYUuE,77338,tt1675434,18 | 35
142,153,Guillaume Wagner - Cinglant,2015,Comédie,7.5,2.0,0.0338,103.0,0.0,0.0,['comedian'],https://www.youtube.com/watch?v=Oayy1IfGg2A,339844,tt14179858,35
143,154,Mustapha El Atrassi - Second Degré,2015,Comédie,8.0,3.0,0.0281,61.0,0.0,0.0,['stand-up comedy'],,340014,,35
144,155,Poulet aux Prunes,2011,Comédie | Drame,7.038,184.0,0.9247,93.0,12000000.0,3265941.0,"['husband wife relationship', 'violin', 'violinist', 'death', 'woman director']",https://www.youtube.com/watch?v=70PhM0E8mZ0,78206,tt1663321,35 | 18
145,156,Avril et le monde truqué,2015,Thriller | Aventure | Animation | Comédie | Fantastique | Science-Fiction,7.1,354.0,1.3848,105.0,10000000.0,0.0,"['france', 'paris, france', 'cat', 'grandfather', 'lizard', 'steampunk', 'female protagonist', 'alternate history', 'scientist', 'coal', 'talking cat', 'female scientist']",https://www.youtube.com/watch?v=0CeRmyassi4,340357,tt3422078,53 | 12 | 16 | 35 | 14 | 878
146,157,Des nouvelles du bon Dieu,1996,Comédie,7.2,10.0,0.335,100.0,0.0,0.0,[],,78496,tt0116081,35
147,158,Solitarium,2025,Comédie | Drame,7.5,2.0,0.085,117.0,0.0,0.0,[],,1389337,tt17736314,35 | 18
148,159,La Folle Soirée du Palmashow 2,2015,Comédie | Familial,7.3,43.0,0.1639,90.0,0.0,0.0,['sketch comedy'],,340963,tt8644064,35 | 10751
149,160,C'est la vie,2001,Drame | Comédie,7.0,18.0,0.3834,113.0,0.0,0.0,[],https://www.youtube.com/watch?v=j0mY5Xb-5ZA,79048,tt0260198,18 | 35
150,162,Patrick Timsit - The One Man Stand-Up Show,2008,Comédie,7.0,4.0,0.0389,90.0,0.0,0.0,[],,81606,tt8458700,35
151,163,One More Joke à la tour Eiffel Paris rétro,2023,Comédie,8.0,2.0,0.0759,80.0,0.0,0.0,[],https://www.youtube.com/watch?v=IPXVaxm91EA,1130379,,35
152,164,La crème de caméra café,2003,Comédie,7.2,6.0,0.2635,68.0,0.0,0.0,[],,82275,,35
153,165,Fugueuses,2008,Comédie,9.2,6.0,0.1429,115.0,0.0,0.0,['theater play'],,83076,tt1286795,35
154,166,Number One,2008,Comédie,7.8,2.0,0.2672,86.0,0.0,0.0,[],,83424,tt1157689,35
155,167,Une journée ordinaire,2013,Comédie,7.3,3.0,0.0809,90.0,0.0,0.0,['theater play'],,345691,tt5620170,35
156,168,Thomas VDB - Bon Chienchien,2019,Comédie,7.2,10.0,0.088,80.0,0.0,0.0,[],,608110,tt14662010,35
157,169,Jamel et ses amis au Marrakech du rire 2015,2015,Comédie,7.0,19.0,0.2519,120.0,0.0,0.0,[],,347355,tt7123250,35
158,170,Les Guignols - Putain 30 ans !,2019,Comédie,8.5,2.0,0.2228,480.0,0.0,0.0,[],,610676,,35
159,171,Groland - 15 ans d'âge... bête,2007,Comédie,8.2,2.0,0.1688,188.0,0.0,0.0,[],,86966,,35
160,172,Ollie,2025,Comédie | Drame,7.0,8.0,0.3313,102.0,0.0,0.0,[],https://www.youtube.com/watch?v=OIQQKcTaLPY,1135569,tt30415406,35 | 18
161,173,Miss,2020,Comédie | Drame,7.2,158.0,0.7684,107.0,0.0,0.0,"['beauty contest', 'beauty queen contest', 'travestite', 'travesti', 'transgender']",https://www.youtube.com/watch?v=2ssRACqoE70,611751,tt10123698,35 | 18
162,175,Peplum: la folle histoire du mariage de Cléopâtre,2019,Comédie | Histoire,7.0,4.0,0.2547,90.0,0.0,0.0,[],,613584,tt8923212,35 | 36
163,176,Nous sommes tous encore ici,1997,Comédie | Drame | Romance,7.0,5.0,0.7281,80.0,0.0,0.0,['woman director'],,352249,tt0119808,35 | 18 | 10749
164,177,Witz,2019,Drame | Comédie,7.0,2.0,0.1226,80.0,0.0,0.0,['frontal lobe syndrome'],https://www.youtube.com/watch?v=HsGuYZNjFI0,616821,tt8693072,18 | 35
165,178,Juste une illusion,2026,Comédie | Drame,7.122,82.0,6.1269,116.0,0.0,0.0,[],https://www.youtube.com/watch?v=89vZB1n-gR4,1404684,tt36842933,35 | 18
166,179,Bac + 70,2007,Comédie,7.1,4.0,0.2524,90.0,0.0,0.0,[],,356642,tt0955220,35
167,180,À bicyclette !,2025,Comédie | Drame,7.172,100.0,0.8588,90.0,0.0,0.0,['intimate'],https://www.youtube.com/watch?v=mYzmhFvvS40,1321412,tt33298226,35 | 18
168,181,Le Hobbit : Le Retour du Roi du Cantal,2015,Aventure | Comédie,7.6,12.0,0.268,65.0,8000.0,0.0,[],https://www.youtube.com/watch?v=_3ulQD_RX5A,357073,tt4450930,12 | 35
169,182,L'Astronaute,2023,Comédie | Drame,7.1,84.0,0.5751,110.0,0.0,0.0,[],https://www.youtube.com/watch?v=Rii1GV4MoAU,881693,tt14313434,35 | 18
170,185,Placés,2022,Comédie | Drame,7.2,57.0,0.3252,111.0,0.0,0.0,[],https://www.youtube.com/watch?v=7CQm9ubIUCc,886953,tt14441788,35 | 18
171,186,Nous trois ou rien,2015,Drame | Comédie,7.5,501.0,0.6906,102.0,0.0,0.0,['iran'],https://www.youtube.com/watch?v=jTpPcZQkAw8,364137,tt4057632,18 | 35
172,187,"Georges, Le Petit Curieux - Singe Royal",2019,Animation | Aventure | Comédie | Familial,7.6,100.0,1.3342,89.0,0.0,0.0,"['family', 'animals']",,627093,tt10510166,16 | 12 | 35 | 10751
173,188,Un p'tit truc en plus,2024,Comédie | Familial,7.104,831.0,3.8255,99.0,6400000.0,84058132.0,"['mentally disabled', 'friendship', 'summer camp', 'relationship', 'handicap', 'complicated relationships', 'interpersonal relationships', 'troubled relationships']",https://www.youtube.com/watch?v=5hIJBQ3YD5g,1152014,tt30795948,35 | 10751
174,189,Portraits chinois,1996,Drame | Comédie,7.4,8.0,0.4025,106.0,0.0,0.0,[],,104103,tt0117365,18 | 35
175,190,Les Dissociés,2015,Comédie,7.295,198.0,0.3008,75.0,150000.0,0.0,['body exchange'],https://www.youtube.com/watch?v=gUlrl5lOftQ,366548,tt5148864,35
176,191,Comment c'est loin,2015,Comédie,7.0,688.0,0.3291,90.0,2023920.0,0.0,[],https://www.youtube.com/watch?v=_x9Xu25I_U4,366564,tt4576612,35
177,193,Les Deschiens - série moderne,2003,Comédie,8.7,5.0,0.2837,73.0,0.0,0.0,['sketch'],,368745,,35
178,194,Une belle course,2022,Comédie | Drame,7.103,194.0,1.3123,91.0,2900000.0,0.0,"['taxi', 'paris, france', 'first kiss', 'old woman', 'family abuse', 'admiring']",https://www.youtube.com/watch?v=xWEUoDs3hyQ,893372,tt14586118,35 | 18
179,195,Dieudonné - En vérité,2019,Comédie,7.5,4.0,0.0779,81.0,0.0,0.0,[],,631368,,35
180,196,H - Best Of,2005,Familial | Comédie,7.7,13.0,0.2016,100.0,0.0,0.0,[],,369613,,10751 | 35
181,197,Régis Laspales est Landru,2005,Familial | Comédie,8.0,2.0,0.2305,107.0,0.0,0.0,['theater play'],,369617,,10751 | 35
182,198,Les Robins des bois - sont des cons et toujours des cons - Florilèges de sketches 1 et 2,2006,Familial | Comédie,8.9,5.0,0.2577,196.0,0.0,0.0,['sketch'],,369873,,10751 | 35
183,199,Élie Kakou au Dôme de Marseille,2002,Comédie,8.5,2.0,0.0545,85.0,0.0,0.0,['comedian'],,373497,tt8400804,35
184,200,Les Guignols - La Fiction,1999,Comédie | Téléfilm,7.5,4.0,0.3253,76.0,0.0,0.0,[],,373505,tt0188651,35 | 10770
185,202,Le Prénom,2012,Comédie,7.323,1797.0,2.0863,109.0,0.0,0.0,[],https://www.youtube.com/watch?v=FX2ukwKgWlo,112198,tt2179121,35
186,203,TOC TOC,2008,Comédie,7.5,10.0,0.1864,110.0,0.0,0.0,[],,113533,tt1294717,35
187,204,Sans plomb,2000,Drame | Comédie,7.0,2.0,0.5904,100.0,0.0,0.0,[],,375772,tt0249935,18 | 35
188,206,Garnier contre Sentou,2015,Comédie,7.5,2.0,0.1784,80.0,0.0,0.0,[],,377173,,35
189,207,Un week-end tranquille,2018,Comédie,7.3,3.0,0.1338,87.0,0.0,0.0,[],,639799,,35
190,208,Noël à tous les étages,2021,Comédie | Familial | Téléfilm,7.1,7.0,0.4854,99.0,0.0,0.0,[],,903289,tt14142950,35 | 10751 | 10770
191,209,L’Âme Idéale,2025,Comédie | Romance | Fantastique,7.0,83.0,2.9521,98.0,0.0,0.0,[],https://www.youtube.com/watch?v=iwtTvWLyRxs,1166170,tt35526093,35 | 10749 | 14
192,210,Lady bar,2007,Comédie | Drame | Romance | Téléfilm,9.0,2.0,0.1889,97.0,0.0,0.0,[],https://www.youtube.com/watch?v=cc1ezAR5RMo,118006,tt0481429,35 | 18 | 10749 | 10770
193,211,Demain tout commence,2016,Drame | Comédie,7.724,3053.0,2.9684,118.0,0.0,1447740.0,"['london, england', 'single parent', 'parent child relationship', 'stuntman', 'remake', 'parenting', 'single father', 'lying', 'absent parent', 'frenchman abroad']",https://www.youtube.com/watch?v=OAt0mmfW8S4,382591,tt5078204,18 | 35
194,212,Les Amazones,2005,Comédie,9.0,2.0,0.1708,103.0,0.0,0.0,['theater play'],https://www.youtube.com/watch?v=DFr9lrE65Q0,382852,,35
195,213,Les duos impossibles de Jérémy Ferrari : 8ème édition,2021,Comédie,7.8,9.0,0.1388,150.0,0.0,0.0,[],,907339,,35
196,214,Merci Patron !,2016,Comédie | Documentaire,7.282,142.0,0.2658,83.0,162297.0,3800000.0,[],https://www.youtube.com/watch?v=U55G_PiSFh0,383809,tt5326448,35 | 99
197,215,Dans la maison,2012,Comédie | Drame | Mystère | Thriller,7.235,911.0,5.5267,105.0,0.0,11879046.0,"['high school', 'teacher', 'teen angst', 'male homosexuality', 'school', 'writer', 'teacher student relationship', 'lgbt', 'homework', 'gay theme']",https://www.youtube.com/watch?v=nW4WrjUUpbM,121875,tt1964624,35 | 18 | 9648 | 53
198,216,Jamel et ses amis au Marrakech du rire 2012,2012,Comédie,7.8,10.0,0.301,120.0,0.0,0.0,[],,122169,tt7618066,35
199,217,"Ferrari, Tsamere, Lecaplain : La Tournée du Trio",2025,Comédie,7.6,12.0,0.2948,117.0,0.0,0.0,"['comedy', 'humor', 'trio', 'three men show']",https://www.youtube.com/watch?v=rHhhzL4dZI8,1433379,,35
200,218,1905 (à Montréal),2006,Comédie,9.0,2.0,0.0486,68.0,0.0,0.0,[],,647194,,35
201,219,Jeff Panacloc contre-attaque,2019,Comédie,7.1,25.0,0.1685,125.0,0.0,0.0,[],,648116,tt36769667,35
202,220,En famille : Vacances en Bretagne,2019,Comédie | Familial,8.2,4.0,0.108,90.0,0.0,0.0,[],,648545,,35 | 10751
203,221,Candice Renoir - Ailleurs l'herbe est plus verte,2025,Téléfilm | Comédie | Crime,7.6,4.0,0.2238,95.0,0.0,0.0,[],,1435445,tt36049434,10770 | 35 | 80
204,222,Joyeuses Pâques,2023,Comédie,8.0,3.0,0.1606,135.0,0.0,0.0,[],https://www.youtube.com/watch?v=0DUkUiBJdEY,1173546,,35
205,223,Les Guignols de l'info - Putain 20 ans !,2009,Comédie,8.5,2.0,0.2142,244.0,0.0,0.0,[],,387346,tt8449136,35
206,224,Les Bodin's - Grandeur Nature,2019,Comédie,8.0,2.0,0.0887,160.0,0.0,0.0,[],,649549,,35
207,226,Ernest et Célestine,2012,Animation | Familial | Crime | Drame | Comédie,7.734,679.0,1.4316,79.0,12500000.0,8170333.0,"['friendship', 'underground world', 'musician', 'mouse', 'brotherhood', 'trial', 'prejudice', 'bear', ""based on children's book"", 'teeth', 'racial prejudice']",https://www.youtube.com/watch?v=OzPpnMFCrHY,126319,tt1816518,16 | 10751 | 80 | 18 | 35
208,227,Lady bar 2,2009,Drame | Comédie,9.0,2.0,0.0662,97.0,0.0,0.0,[],https://www.youtube.com/watch?v=XuuCFAm__MU,126824,tt1508300,18 | 35
209,228,Les Amazones : 3 ans après…,2007,Comédie,9.0,2.0,0.1314,99.0,0.0,0.0,['theater play'],,389226,,35
210,229,Adieu les cons,2020,Comédie | Drame,7.179,949.0,1.1111,87.0,9700000.0,16955173.0,[],https://www.youtube.com/watch?v=9uotsv-vf6I,651881,tt10196398,35 | 18
211,230,Mobile Étoile,2016,Comédie | Musique,7.0,2.0,0.3074,119.0,0.0,0.0,[],https://www.youtube.com/watch?v=mW9-WEhceOw,391063,tt5321024,35 | 10402
212,231,Mauvaise Pioche,2026,Comédie,7.0,10.0,1.5754,92.0,0.0,0.0,[],https://www.youtube.com/watch?v=cAw3XzAqhig,1440304,tt39314864,35
213,232,Le Professeur Rollin a encore quelque chose à dire,2003,Comédie,7.5,5.0,0.1513,77.0,0.0,0.0,[],,129692,,35
214,235,Ma vie de courgette,2016,Animation | Comédie | Drame,7.8,1496.0,1.4346,66.0,8000000.0,5873256.0,"['orphanage', 'thief', 'stop motion', 'police officer', 'alcoholic', 'adult animation']",https://www.youtube.com/watch?v=kY6sftI-orE,393559,tt2321405,16 | 35 | 18
215,236,Montreux Comedy Festival 2019 - Montreux fête ses 30 ans,2019,Comédie,8.0,2.0,0.1001,140.0,0.0,0.0,[],,658205,,35
216,237,Kev Adams : La Dernière en direct,2019,Comédie,7.4,18.0,0.1176,111.0,0.0,0.0,[],,658920,,35
217,238,En famille : Un si joyeux Noël,2019,Comédie | Familial,7.0,2.0,0.3736,90.0,0.0,0.0,[],,659385,,35 | 10751
218,239,"Mektoub, My Love: Canto Due",2025,Romance | Drame | Comédie,7.308,13.0,3.1466,140.0,0.0,0.0,[],https://www.youtube.com/watch?v=1140732052,661568,tt21811188,10749 | 18 | 35
219,240,Times Square,2022,Comédie,7.0,2.0,0.166,90.0,0.0,0.0,[],https://www.youtube.com/watch?v=53owx92SHOc,923914,tt28259733,35
220,241,La Bande des Jotas,2013,Comédie,7.3,3.0,0.0624,80.0,0.0,0.0,['woman director'],https://www.youtube.com/watch?v=jSi46VIj7zY,139815,tt2459758,35
221,242,Jamel et ses amis au Marrakech du rire 2016,2016,Comédie | Familial,7.0,17.0,0.2649,120.0,0.0,0.0,[],,404383,tt7123232,35 | 10751
222,243,Origine contrôlée,2001,Comédie,9.0,2.0,0.3632,90.0,0.0,0.0,[],,143722,tt0239224,35
223,246,Aux jours qui viennent,2025,Drame | Comédie,7.1,8.0,0.4339,100.0,0.0,0.0,[],https://www.youtube.com/watch?v=mjZEPHysE4E,1193440,tt30323611,18 | 35
224,249,Thomas Wiesel : Ça va.,2021,Comédie,8.4,5.0,0.0665,75.0,0.0,0.0,"['france', 'stand-up comedy', 'stand-up comedian']",,935659,tt22631984,35
225,250,588 rue Paradis,1992,Comédie | Drame,7.268,28.0,0.8736,120.0,0.0,0.0,['semi autobiographical'],https://www.youtube.com/watch?v=lPvDfTpjDjU,151232,tt0103601,35 | 18
226,251,Benoît Poelvoorde - Modèle déposé,1995,Comédie,7.1,5.0,0.0637,90.0,0.0,0.0,[],,151272,tt15452066,35
227,252,Olivier De Benoist - Très Très Haut Débit,2012,Comédie,7.0,2.0,0.0168,77.0,0.0,0.0,[],https://www.youtube.com/watch?v=NHki15MwlOk,151751,,35
228,254,Bernard Mabille - Miraculé,2023,Comédie,7.0,2.0,0.0311,104.0,0.0,0.0,[],,1200635,,35
229,255,Les Voisins de mes voisins sont mes voisins,2022,Animation | Comédie | Familial,7.0,5.0,0.2289,103.0,0.0,0.0,[],https://www.youtube.com/watch?v=AS-ckVfp7Ao,676586,tt15502904,16 | 35 | 10751
230,256,Robert Mitchum Est Mort,2011,Drame | Comédie,7.0,3.0,0.2288,85.0,0.0,0.0,[],https://www.youtube.com/watch?v=4gG_MT5IgV8,153541,tt1653929,18 | 35
231,257,Élie Kakou à l'Olympia : Déjà !,1994,Comédie,8.2,2.0,0.0582,110.0,0.0,0.0,"['comedian', 'stand-up comedy']",,155012,tt8400794,35
232,258,Morgane Cadignan à l'Européen de Paris,2023,Comédie | Familial,7.5,2.0,0.0404,75.0,0.0,0.0,[],,1204839,,35 | 10751
233,259,Hôtel,2013,Animation | Comédie,7.3,3.0,0.102,81.0,0.0,0.0,[],,419281,tt3454148,16 | 35
234,260,C'était quand la dernière fois ?,2019,Comédie,7.5,2.0,0.1983,89.0,0.0,0.0,"['theater play', 'theater', 'comedy', 'laugh']",https://www.youtube.com/watch?v=Mzma6mKn2Us,682002,,35
235,262,Montreux Comedy Festival 2019 - Gala so chic !,2019,Comédie,7.0,3.0,0.1154,104.0,0.0,0.0,[],,682355,,35
236,264,Le Ballon d'or,1994,Comédie,7.3,45.0,0.6132,90.0,0.0,0.0,[],https://www.youtube.com/watch?v=gKOYm9ewdPA,160372,tt0109201,35
237,266,La Folle Soirée du Palmashow 3,2016,Comédie | Familial | Téléfilm,7.1,23.0,0.3937,91.0,0.0,0.0,[],,425898,tt6237802,35 | 10751 | 10770
238,268,Paris Lost and Found,2023,Comédie | Drame,7.0,2.0,0.0886,88.0,0.0,0.0,[],,1213868,,35 | 18
239,270,Station Bonne Nouvelle,2020,Comédie,8.0,2.0,0.0522,82.0,0.0,0.0,['theater play'],,690091,,35
240,271,Dédo: KILLING JOKE,2020,Comédie,7.2,2.0,0.0486,82.0,0.0,0.0,[],,690646,,35
241,272,Antonia De Rendinger - Moi Jeu,2020,Comédie,9.0,2.0,0.0758,110.0,0.0,0.0,[],,692984,,35
242,274,Mr & Mme Adelman,2017,Romance | Drame | Comédie,7.5,461.0,1.3774,120.0,5983685.0,0.0,"['fictional biography', 'french writer', 'biographical fiction']",https://www.youtube.com/watch?v=2FArXxOzxrQ,431937,tt6095616,10749 | 18 | 35
243,275,Le Sens de la fête,2017,Comédie,7.016,1579.0,2.5178,117.0,17200000.0,23800000.0,"['paris, france', 'wedding planner', 'marriage', 'wedding party', 'bride and groom', 'catering']",https://www.youtube.com/watch?v=hA1SLeFEUZY,432068,tt5699154,35
244,276,Sage homme,2023,Comédie | Drame,7.1,201.0,0.3755,105.0,5180000.0,0.0,"['nurse', 'man woman relationship', 'human relationship', 'male nurse']",https://www.youtube.com/watch?v=MyAdSX5-M0I,957770,tt15568526,35 | 18
245,277,Smoking,1993,Drame | Comédie | Romance,7.7,9.0,0.0972,140.0,0.0,0.0,"['smoking', 'alain resnais']",,695789,,18 | 35 | 10749
246,278,No Smoking,1993,Drame | Comédie | Romance,7.7,10.0,0.1764,140.0,0.0,0.0,"['smoking', 'alain resnais']",,695792,,18 | 35 | 10749
247,279,Les Bonobos,2012,Comédie,7.4,5.0,0.1831,105.0,0.0,0.0,[],,172016,tt8413510,35
248,280,Montreux Comedy Festival 2023 - Dernière tournée!,2023,Comédie,7.5,2.0,0.091,114.0,0.0,0.0,[],,1220777,,35
249,281,Patients,2017,Drame | Comédie,7.446,625.0,0.6876,110.0,0.0,0.0,"['friendship', 'swimming pool', 'hospital', 'based on memoir or autobiography', 'suicidal thoughts', '1990s', 'diving accident', 'tetraplegic', 'disabled person']",https://www.youtube.com/watch?v=YOvQUp3VPsg,434616,tt5598100,18 | 35
250,283,L'assassin jouait du trombone,1991,Comédie | Mystère | Crime | Science-Fiction,7.0,4.0,0.2041,99.0,0.0,0.0,[],,172938,tt0101372,35 | 9648 | 80 | 878
251,284,Suivez cet avion,1989,Comédie,7.2,2.0,0.2164,87.0,0.0,0.0,[],,172945,tt0098409,35
252,285,Hors jeu,1998,Comédie | Drame,7.0,3.0,0.5359,91.0,0.0,0.0,[],,172971,tt0166651,35 | 18
253,286,Loulou graffiti,1992,Comédie,7.7,3.0,0.485,90.0,0.0,0.0,[],,435262,tt0102339,35
254,287,Dites-lui que je l’aime,2025,Drame | Comédie,8.1,7.0,0.3067,92.0,0.0,0.0,[],https://www.youtube.com/watch?v=1140724628,1221719,tt35465530,18 | 35
255,288,Les Rêveurs,2025,Comédie | Drame,7.0,11.0,1.0537,106.0,0.0,0.0,[],https://www.youtube.com/watch?v=1135275632,1221724,tt35489550,35 | 18
256,289,"La Reine des neiges, l'histoire oubliée de Kay et Gerda",2023,Familial | Comédie,9.0,2.0,0.0545,100.0,0.0,0.0,[],https://www.youtube.com/watch?v=3B43kbnmNDY,1222412,,10751 | 35
257,290,Neuf mecs - Le film,2022,Comédie | Drame,7.1,6.0,0.28,89.0,0.0,0.0,[],https://www.youtube.com/watch?v=0PFF2T3cqio,962526,,35 | 18
258,292,Rendez-vous au tas de sable,1990,Comédie,8.0,5.0,0.306,95.0,0.0,0.0,[],https://www.youtube.com/watch?v=I2IZ77Lhlxo,176903,tt0100473,35
259,293,Le Garçon,2025,Comédie | Documentaire,7.545,12.0,0.4093,97.0,0.0,0.0,[],https://www.youtube.com/watch?v=CD4UCHKgfpA,964875,tt34052034,35 | 99
260,294,Le Mur,1998,Comédie,7.3,6.0,0.188,67.0,0.0,0.0,[],,178646,tt0190874,35
261,295,Réalité,2015,Comédie,7.076,545.0,1.2791,87.0,0.0,423619.0,['film director'],https://www.youtube.com/watch?v=ljPT9UoXRCs,179150,tt2392672,35
262,296,Le pot de colle,2010,Comédie | Téléfilm,7.3,3.0,0.3144,86.0,0.0,0.0,[],,441821,tt1576419,35 | 10770
263,299,Les Franglaises - Le Viens-Retour,2017,Comédie | Musique,9.0,2.0,0.0661,102.0,0.0,0.0,"['theater play', 'musical', 'stage musical']",,442529,,35 | 10402
264,301,Les Bodin's : Grandeur Nature (@Zenith de Limoges),2016,Comédie,7.8,12.0,0.1055,141.0,0.0,0.0,[],https://www.youtube.com/watch?v=TSDD7RQH0Dw,442581,tt6616088,35
265,304,Honorin et la Loreleï,1992,Comédie,9.0,2.0,0.2903,89.0,0.0,0.0,[],,446755,tt0168865,35
266,305,Alex Vizorek est une dernière fois une œuvre d'art,2020,Comédie,9.0,2.0,0.1007,101.0,0.0,0.0,[],https://www.youtube.com/watch?v=rNmEzgxXOu0,710176,,35
267,306,Le retour de Richard 3 par le train de 9h24,2019,Comédie | Drame,9.5,2.0,0.1353,85.0,0.0,0.0,[],https://www.youtube.com/watch?v=4FWG-L5d77o,710742,tt10081286,35 | 18
268,307,La Venue de l'avenir,2025,Drame | Comédie,7.4,236.0,3.1611,124.0,0.0,8908474.0,"['multiple time frames', '19th century', 'lighthearted', '1890s', 'joyful']",https://www.youtube.com/watch?v=CTHXknI3Hnc,1235304,tt31411349,18 | 35
269,308,Blanche Gardin - Il faut que je vous parle,2020,Comédie,8.2,10.0,1.0971,63.0,0.0,0.0,[],,712091,tt13882702,35
270,309,Un triomphe,2020,Comédie | Drame,7.0,211.0,0.8212,106.0,0.0,0.0,[],https://www.youtube.com/watch?v=6COhMJ6KKG8,712152,tt12444440,35 | 18
271,310,Guillaume Bats : Hors cadre,2018,Familial | Comédie,7.2,3.0,0.1039,66.0,0.0,0.0,[],https://www.youtube.com/watch?v=w06xfyPpgmM,713554,,10751 | 35
272,311,L'École buissonnière,2017,Drame | Comédie | Familial,7.358,303.0,0.9939,116.0,0.0,0.0,[],https://www.youtube.com/watch?v=oS4Ka34PAwM,451499,tt6330246,18 | 35 | 10751
273,312,Adieu,2004,Comédie | Drame,7.3,9.0,0.3502,124.0,0.0,0.0,"['politics', 'religion']",,190390,tt0382520,35 | 18
274,313,L'Arnaqueuse,2026,Comédie,7.0,2.0,0.6779,82.0,0.0,0.0,[],https://www.youtube.com/watch?v=lFRIIV-d16E,1501523,tt37741089,35
275,314,Le Grand Méchant Renard et autres contes...,2017,Familial | Animation | Comédie,7.705,313.0,1.7903,83.0,3000000.0,19030780.0,"['duck', 'santa claus', 'chimney', 'fireplace']",https://www.youtube.com/watch?v=ifUfZUIs_tQ,453191,tt5851904,10751 | 16 | 35
276,315,Élie Kakou au Cirque d'Hiver,2000,Comédie,8.7,3.0,0.0891,95.0,0.0,0.0,"['circus', 'comedian', 'stand-up comedy']",,191273,tt4069364,35
277,316,Représailles,2015,Comédie,7.2,3.0,0.1788,95.0,0.0,0.0,[],,453501,,35
278,317,Zombillénium,2017,Comédie | Animation | Fantastique,7.0,241.0,0.692,78.0,0.0,0.0,"['witch', 'vampire', 'based on comic', 'zombie', 'werewolf', 'demon']",https://www.youtube.com/watch?v=31ZGhujM2CI,454549,tt5313906,35 | 16 | 14
279,318,Le syndrome de l'écossais,2017,Comédie,7.2,6.0,0.2451,95.0,0.0,0.0,"['theater play', 'burlesque humor', 'public theatre', 'theater']",https://www.youtube.com/watch?v=DM-wdcImCmg,455795,tt6876054,35
280,319,Valentine,2003,Comédie | Téléfilm,7.0,6.0,0.3449,98.0,0.0,0.0,[],,456147,tt0380791,35 | 10770
281,320,Les duos impossibles de Jérémy Ferrari : 7ème édition,2020,Comédie,7.9,8.0,0.1736,123.0,0.0,0.0,[],,718539,,35
282,321,Élodie Poux se marie,2024,Comédie,7.0,3.0,0.1652,107.0,0.0,0.0,[],,1243503,,35
283,322,Certe Mathurin - Une histoire d'argent,2024,Comédie | Familial,8.0,2.0,0.0379,82.0,0.0,0.0,[],,1244289,,35 | 10751
284,323,Par le bout du nez,2022,Comédie,7.2,6.0,0.1343,85.0,0.0,0.0,['theatre'],https://www.youtube.com/watch?v=kFSylOr6wTI,982181,tt23635936,35
285,324,Guillermo Guiz a un bon fond,2019,Comédie,7.0,3.0,0.0598,86.0,0.0,0.0,[],,720661,tt12605944,35
286,325,"Columbo, meurtre sous prescription",2017,Comédie | Crime,7.8,2.0,0.1738,102.0,0.0,0.0,[],https://www.youtube.com/watch?v=V6uSPXH_Ee0,460817,tt14787714,35 | 80
287,326,Les Chevaliers du Fiel : Toute la télé des Chevaliers du Fiel,2010,Comédie | Familial,9.0,2.0,0.0382,118.0,0.0,0.0,[],,461378,,35 | 10751
288,327,Marina Rollman - Un spectacle drôle,2022,Comédie,9.0,5.0,0.0992,78.0,0.0,0.0,['stand-up comedy'],,985732,,35
289,328,Mutafukaz,2018,Science-Fiction | Animation | Action | Crime | Comédie | Thriller,7.151,348.0,1.5228,93.0,0.0,461724.0,"['adult animation', 'mutafukaz']",https://www.youtube.com/watch?v=TXgVY7IVljM,461615,tt4717402,878 | 16 | 28 | 80 | 35 | 53
290,329,Muriel Robin : Au secours!,2005,Familial | Comédie,9.2,3.0,0.0819,105.0,0.0,0.0,[],,200252,,10751 | 35
291,330,Philippe Laprise : Plus sexy que jamais,2017,Comédie,9.0,2.0,0.0357,129.0,0.0,0.0,['canada'],,462958,,35
292,331,"Sexe, magouilles et culture générale",2001,Comédie,7.3,3.0,0.1744,136.0,0.0,0.0,[],,200828,tt0891344,35
293,333,Aya de Yopougon,2013,Animation | Romance | Comédie,7.2,53.0,0.4482,84.0,0.0,314047.0,"['cheating', 'africa', '1970s', 'female friendship', 'love affair', 'based on graphic novel', 'woman director', 'ivory coast', 'unplanned pregnancy', 'classism', 'west africa', ""côte d'ivoire"", 'gkids']",https://www.youtube.com/watch?v=VRoqycmDlt0,203715,tt2077703,16 | 10749 | 35
294,334,Tous les jours dimanche,1995,Comédie,7.0,4.0,0.5125,90.0,0.0,0.0,[],,465948,tt0111132,35
295,335,Oggy et les Cafards,2013,Animation | Comédie | Familial,7.1,69.0,0.8447,80.0,0.0,0.0,[],https://www.youtube.com/watch?v=hZu6YrlGe0s,205048,tt3032300,16 | 35 | 10751
296,336,Nouvelle Vague,2025,Comédie | Drame | Histoire,7.353,187.0,3.2407,105.0,9900000.0,0.0,"['based on true story', 'filmmaking', 'french new wave']",https://www.youtube.com/watch?v=N-U-7jk3OWA,1254808,tt31688586,35 | 18 | 36
297,337,Les homos préfèrent les blondes,2007,Comédie,8.0,2.0,0.0322,103.0,0.0,0.0,['gay theme'],,471597,tt3835958,35
298,338,Albert Dupontel à l'Olympia,1992,Comédie,7.8,6.0,0.1604,80.0,0.0,0.0,[],,209571,,35
299,339,Chers parents,2024,Comédie,7.2,3.0,0.1587,87.0,0.0,0.0,"['theater play', 'theatre']",https://www.youtube.com/watch?v=_FOlvTyLP4s,1261141,,35
300,340,Valensole 1965,2025,Comédie | Drame | Mystère,7.0,5.0,0.359,90.0,700000.0,0.0,"['provence', 'ufo sighting']",https://www.youtube.com/watch?v=2TeGOFIVKTI,1000407,tt27502334,35 | 18 | 9648
301,341,En fanfare,2024,Comédie | Drame | Musique,7.274,481.0,1.6282,103.0,6100000.0,26252618.0,"['brotherhood', 'marching band', 'adopted', 'orchestra conductor', 'brother brother relationship', 'amused', 'sympathetic', 'tragic']",https://www.youtube.com/watch?v=1029587015,1000866,tt30327451,35 | 18 | 10402
302,342,Les reines du drame,2024,Musique | Romance | Drame | Comédie | Fantastique,7.4,13.0,0.6146,115.0,0.0,0.0,"['pop', 'casting agent', 'closeted homosexual', 'toxic relationship', '2000s', 'lesbian', 'french', 'glitter']",https://www.youtube.com/watch?v=FkVmATN4Vmk,1001376,tt28349668,10402 | 10749 | 18 | 35 | 14
303,343,Sur un fil,2024,Comédie | Drame,7.536,14.0,0.3594,115.0,0.0,0.0,"['circus', 'caregiver', 'helping children', 'circus troupe', 'circus clown', 'circus performer', 'circus life', 'caregiver patient relationship', 'hospital setting', 'children']",https://www.youtube.com/watch?v=a3vRKQKh14s,1001473,tt27811106,35 | 18
304,344,Adieu Monsieur Haffmann,2018,Comédie | Drame,8.0,2.0,0.1355,93.0,0.0,0.0,"['paris, france', 'world war ii', 'theater play']",,740277,,35 | 18
305,345,On ira,2025,Comédie | Drame,7.1,110.0,0.739,97.0,0.0,0.0,[],https://www.youtube.com/watch?v=l7LZF-69_pI,1003504,tt35077924,35 | 18
306,346,Florence Foresti : Boys Boys Boys,2024,Comédie,7.5,37.0,0.2043,80.0,0.0,0.0,[],https://www.youtube.com/watch?v=Zx6tcV0vFjs,1265725,tt31962790,35
307,347,Mention particulière,2017,Drame | Comédie | Téléfilm,7.5,50.0,0.2944,100.0,0.0,0.0,[],,481817,tt7605442,18 | 35 | 10770
308,348,Les duos impossibles de Jérémy Ferrari : 4ème édition,2017,Comédie,7.2,12.0,0.1482,120.0,0.0,0.0,[],,483206,,35
309,349,Les Chatouilles,2018,Drame | Comédie,7.368,382.0,1.9429,103.0,0.0,0.0,"['pedophilia', 'dance', 'child abuse', 'rape', 'dancer', 'therapist', 'ballet dancer', 'childhood trauma', 'ballet', 'memory', 'pedophile', 'therapy', 'childhood sexual abuse']",https://www.youtube.com/watch?v=502092386,484747,tt7502234,18 | 35
310,350,Le Roi des Pâquerettes,2022,Aventure | Comédie,7.0,2.0,0.0404,80.0,0.0,0.0,"['theater play', 'filmed theater', 'theater']",,1271783,,12 | 35
311,351,Michaël Gregorio - J'ai 10 ans,2017,Comédie,7.5,4.0,0.08,125.0,0.0,0.0,[],https://www.youtube.com/watch?v=ynrUQEF89Mk,485466,,35
312,352,Une vie démente,2020,Drame | Comédie,7.1,55.0,0.3702,86.0,0.0,0.0,[],https://www.youtube.com/watch?v=4vIbEXvqpls,747681,tt13194566,18 | 35
313,353,Impionçable,2020,Drame | Comédie,8.3,5.0,0.2801,83.0,500.0,0.0,"['sleeplessness', 'youtube']",,748094,tt13059804,18 | 35
314,354,1789 et après ?!,2025,Histoire | Comédie,7.5,2.0,0.0214,98.0,0.0,0.0,[],,1535731,,36 | 35
315,355,Mais qu'est-ce que j'ai fait au bon Dieu pour avoir une femme qui boit dans les cafés avec les hommes ?,1980,Comédie,7.7,3.0,0.3805,90.0,0.0,0.0,['french society'],https://www.youtube.com/watch?v=rCFNGhmoOjo,487753,tt0228556,35
316,356,Thé à la menthe ou t'es citron ?,2017,Comédie,7.8,4.0,0.1112,95.0,0.0,0.0,['theater play'],https://www.youtube.com/watch?v=MUAuOvSUXBE,488061,tt15375154,35
317,357,Montreux Comedy Festival 2012 - Carte blanche à Jérémy Ferrari & Arnaud Tsamere,2012,Comédie,7.0,2.0,0.1067,84.0,0.0,0.0,[],,488374,,35
318,358,Marc-Antoine Le Bret à la Cigale,2024,Comédie,7.5,4.0,0.1597,76.0,0.0,0.0,[],,1277388,,35
319,359,Le Clan des divorcées,2009,Comédie,7.9,10.0,0.18,104.0,0.0,0.0,['theater play'],https://www.youtube.com/watch?v=aJ6DiP9fGIk,229294,tt9728242,35
320,360,A.D.A. : L'argent des autres,2009,Comédie,7.0,2.0,0.166,123.0,0.0,0.0,[],,492615,tt1543198,35
321,361,"Silence, on tourne !",2017,Comédie,7.0,4.0,0.0987,113.0,0.0,0.0,[],,493328,,35
322,362,Ramsès II,2020,Comédie | Drame,7.0,3.0,0.1042,85.0,0.0,0.0,"['theater play', 'theatre']",https://www.youtube.com/watch?v=krl3EzKZPbQ,493335,,35 | 18
323,363,Non à l'argent !,2019,Comédie,9.0,2.0,0.1635,100.0,0.0,0.0,"['theater performance', 'public theatre', 'theater', 'theatre performance', 'spoken theater']",,493341,,35
324,364,Duels à Davidéjonatown,2023,Western | Comédie,8.4,7.0,0.1472,110.0,0.0,0.0,"['theater play', 'pistol duel', 'duelist', 'dueling']",https://www.youtube.com/watch?v=EFKbmzh0_nk,493354,,37 | 35
325,365,"À droite, à gauche",2016,Comédie,7.7,3.0,0.1245,85.0,0.0,0.0,['theater play'],https://www.youtube.com/watch?v=aGknhGUDsII,493371,,35
326,366,Dothy et le magicien d'Oz,2009,Comédie | Musique,8.0,2.0,0.2819,87.0,0.0,0.0,['musical'],,232157,,35 | 10402
327,368,"L'Amour, la Mort, les Fringues",2011,Comédie,7.0,2.0,0.5326,94.0,0.0,0.0,['theater play'],,495266,tt15136718,35
328,369,Elie Semoun - À partager,2017,Comédie,8.7,3.0,0.1644,87.0,0.0,0.0,[],https://www.youtube.com/watch?v=WNO9dJ95nsU,495667,,35
329,370,Presque,2022,Comédie | Drame,7.243,167.0,0.9141,92.0,0.0,3358402.0,"['funeral', 'class differences', 'relationship', 'on the road', 'road movie', 'social differences', 'roadtrip', 'personal relationships', 'age-gap relationship', 'south of france']",https://www.youtube.com/watch?v=pd1SKaeATu4,757999,tt13553662,35 | 18
330,373,La Comédie presque française : Les Feux de l'amour et du hasard,2017,Comédie,8.8,2.0,0.1643,67.0,0.0,0.0,[],https://www.youtube.com/watch?v=l6iMOhRozsM,497668,,35
331,375,Mauvaises herbes,2018,Comédie | Drame,7.628,626.0,1.0426,104.0,0.0,0.0,[],https://www.youtube.com/watch?v=YfogtE9iBYQ,498249,tt6708116,35 | 18
332,376,"Quand la télé dérape, 40 ans de scandales",2024,Documentaire | Comédie,7.5,2.0,0.1642,100.0,0.0,0.0,"['talk show', 'scandal', 'politically incorrect', 'social satire', 'archive footage', 'political satire', 'shocking', '1980s', '1990s', 'political scandal', 'news satire', 'celebrity interview', 'social scandal', 'film archives', '2000s', 'media satire', 'tv show set', 'irreverent', 'tv show', 'documentary', 'provocative', 'broad satire', 'mocking', 'tv show writer', 'talk show segment']",,1284836,tt32631721,99 | 35
333,377,Douze hommes en colère,2010,Comédie,7.0,10.0,0.2059,116.0,0.0,0.0,[],,499137,tt1577800,35
334,378,Les Parapluies de Cherbourg,2015,Comédie | Musique,8.7,3.0,0.5518,100.0,0.0,0.0,['musical'],,499267,,35 | 10402
335,379,Les duos impossibles de Jérémy Ferrari : 9ème édition,2022,Comédie,7.4,9.0,0.1493,130.0,0.0,0.0,[],,1025030,,35
336,381,Jonathan Lambert : Perruques,2013,Comédie,7.2,6.0,0.0256,90.0,0.0,0.0,[],,241160,,35
337,382,Anthony Kavanagh : Happy,2025,Comédie,7.0,2.0,0.0286,86.0,0.0,0.0,[],https://www.youtube.com/watch?v=A_97yjnApmU,1551917,tt39141546,35
338,383,Ma frère,2026,Comédie,7.1,33.0,0.4851,112.0,0.0,0.0,[],https://www.youtube.com/watch?v=53BgM9euEOQ,1290436,tt36856791,35
339,384,La télé d'Omar et Fred,2020,Documentaire | Familial | Comédie,7.5,3.0,0.1777,85.0,0.0,0.0,[],,769201,,99 | 10751 | 35
340,385,En corps,2022,Comédie | Drame | Familial,7.4,455.0,1.2703,118.0,7780000.0,11196824.0,"['injury', 'dance group', 'dance practice', 'challenge for change', 'contemporary dance', 'resilience', 'renewal']",https://www.youtube.com/watch?v=WMqIkiI6fAA,771077,tt13531468,35 | 18 | 10751
341,386,Les As de la jungle 2 : Opération tour du monde,2023,Animation | Aventure | Comédie | Familial,7.2,20.0,0.6656,89.0,0.0,8870834.0,['sequel'],https://www.youtube.com/watch?v=8vKd68sHQYY,1034055,tt21810762,16 | 12 | 35 | 10751
342,387,THE KEY,2025,Drame | Comédie,10.0,2.0,0.0923,108.0,0.0,0.0,"['powerful', 'where is the key to happiness', 'hidden people']",https://www.youtube.com/watch?v=1125115764,1559058,tt39255149,18 | 35
343,388,Les duos impossibles de Jérémy Ferrari : 10ème édition,2024,Comédie,7.1,12.0,0.3578,163.0,0.0,0.0,[],,1352086,tt32317060,35
344,389,Minuscule 2 - Les Mandibules du bout du monde,2019,Animation | Aventure | Familial | Comédie,7.0,211.0,1.3378,90.0,0.0,0.0,"['exotic island', 'nature', 'ladybug', 'woman director']",https://www.youtube.com/watch?v=TYHbn2tzGow,513302,tt7296782,16 | 12 | 10751 | 35
345,390,"Michel Muller : Pas tout blanc, pas tout noir",2003,Comédie,7.5,2.0,0.0725,111.0,0.0,0.0,[],,251938,,35
346,392,La dernière tentation des belges,2021,Drame | Comédie,7.0,2.0,0.1986,75.0,0.0,0.0,[],https://www.youtube.com/watch?v=GoAmXZroIds,778761,tt11611416,18 | 35
347,393,13 à Table,2020,Comédie,8.0,3.0,0.1272,115.0,0.0,0.0,[],,778809,,35
348,394,L'Épreuve du feu,2025,Comédie | Drame,7.34,100.0,0.3904,105.0,0.0,0.0,[],https://www.youtube.com/watch?v=H4slc8lD4Gs,1303356,tt37051267,35 | 18
349,395,Les grandes vacances de François Damiens,2016,Familial | Comédie,7.2,4.0,0.0618,115.0,0.0,0.0,[],,517193,,10751 | 35
350,396,Laura Felpin : Ça passe,2024,Comédie,7.1,14.0,0.2333,81.0,0.0,0.0,['stand-up comedy'],,1303942,tt32605360,35
351,397,La troupe à Palmade s'amuse avec...François Berléand,2020,Comédie,8.0,2.0,0.147,95.0,0.0,0.0,[],,780121,,35
352,398,Le Golem de Montréal,2004,Comédie | Thriller | Familial,7.0,2.0,0.1677,87.0,0.0,0.0,['golem'],,256256,tt0407829,35 | 53 | 10751
353,399,Guy,2018,Comédie | Drame | Musique,7.0,145.0,0.5721,101.0,0.0,0.0,"['found footage', 'admiring', 'faux documentary']",https://www.youtube.com/watch?v=VAZwQ4XhAGs,518668,tt7253216,35 | 18 | 10402
354,400,Panayotis Pascot : Presque,2022,Comédie,7.8,49.0,0.1617,78.0,0.0,0.0,"['stand-up comedy', 'humorist']",,1043816,tt22872766,35
355,401,Les Chevaliers du Fiel : Mamie d'enfer,2022,Comédie,7.3,3.0,0.0363,92.0,0.0,0.0,[],,1044454,,35
356,402,Jamais 2 sans 3,2009,Comédie | Téléfilm | Crime | Mystère,7.5,4.0,0.2985,90.0,0.0,0.0,[],,258868,tt1392173,35 | 10770 | 80 | 9648
357,403,La Poupée,2026,Comédie | Romance,7.6,7.0,4.2535,80.0,0.0,0.0,[],https://www.youtube.com/watch?v=h4AXflGENo4,1309396,tt36749000,35 | 10749
358,2,Clara et les Chics Types,1981,Musique | Comédie | Drame,5.488,43.0,0.8748,115.0,0.0,0.0,,,49959,tt0080541,10402 | 35 | 18
359,6,Signé Furax,1981,Comédie | Mystère,5.033,15.0,1.3878,90.0,0.0,0.0,,,62790,tt0081513,35 | 9648
360,7,L'Année prochaine... si tout va bien,1981,Drame | Comédie,5.775,20.0,0.7546,100.0,0.0,0.0,,,375356,tt0082022,18 | 35
361,8,Quand tu seras débloqué... fais-moi signe !,1981,Comédie,5.225,69.0,0.8839,90.0,0.0,0.0,,,72262,tt0082041,35
362,9,Le Beau Mariage,1982,Drame | Romance | Comédie,6.813,88.0,0.8046,95.0,0.0,0.0,,,2861,tt0082053,18 | 10749 | 35
363,19,Les hommes préfèrent les grosses,1981,Comédie,5.107,56.0,0.898,86.0,0.0,0.0,,,81024,tt0082524,35
364,20,Ma femme s'appelle reviens,1982,Comédie | Romance,5.099,71.0,0.6111,85.0,0.0,0.0,,,78830,tt0082690,35 | 10749
365,21,Le Maître d'école,1981,Comédie,6.046,195.0,1.3276,95.0,0.0,0.0,,,53179,tt0082726,35
366,25,Réveillon chez Bob,1984,Comédie,6.167,18.0,0.5643,83.0,0.0,0.0,,,144557,tt0083013,35
367,26,La Soupe aux choux,1981,Comédie | Science-Fiction,6.377,936.0,3.9738,98.0,0.0,0.0,,,9317,tt0083109,35 | 878
368,27,Les Sous-doués en vacances,1982,Comédie,5.396,270.0,1.3279,95.0,0.0,0.0,,,51925,tt0083110,35
369,30,Tais-toi quand tu parles,1981,Comédie,5.964,14.0,0.8789,85.0,0.0,0.0,,,41470,tt0083161,35
370,31,"Tout feu, tout flamme",1982,Comédie | Drame,5.948,58.0,0.9044,107.0,0.0,0.0,,,80587,tt0083219,35 | 18
371,32,Tête à claques,1982,Comédie,5.25,12.0,0.4158,92.0,0.0,0.0,,,178297,tt0083245,35
372,33,"Viens chez moi, j'habite chez une copine",1981,Comédie,6.289,154.0,0.6228,85.0,0.0,0.0,,,69044,tt0083287,35
373,35,Banzaï,1983,Comédie,6.232,194.0,1.5069,102.0,0.0,0.0,,,52557,tt0083618,35
374,37,La Boum 2,1982,Comédie | Romance | Drame,6.431,656.0,2.1486,108.0,0.0,0.0,,,171,tt0083686,35 | 10749 | 18
375,38,Deux heures moins le quart avant Jésus-Christ,1982,Comédie,6.087,201.0,1.438,82.0,0.0,0.0,,,49398,tt0083824,35
376,39,Le Gendarme et les Gendarmettes,1982,Comédie,6.019,593.0,2.0453,100.0,0.0,0.0,,,11915,tt0083996,35
377,41,Paradis pour tous,1982,Drame | Comédie | Science-Fiction,6.033,45.0,0.8213,110.0,0.0,0.0,,,64344,tt0084468,18 | 35 | 878
378,42,Passion,1982,Drame | Comédie,5.651,65.0,1.3462,87.0,0.0,0.0,,,32692,tt0084481,18 | 35
379,43,Pour 100 briques t'as plus rien !,1982,Comédie,6.284,81.0,0.922,82.0,0.0,0.0,,,59455,tt0084526,35
380,46,Que les gros salaires lèvent le doigt !,1982,Comédie | Drame,5.5,43.0,0.7861,98.0,0.0,0.0,,,78803,tt0084562,35 | 18
381,48,Un chien dans un jeu de quilles,1983,Comédie,5.694,31.0,0.5899,93.0,0.0,0.0,,,79748,tt0084841,35
382,50,L'Africain,1983,Comédie | Aventure,6.257,72.0,1.3851,101.0,0.0,0.0,,,71055,tt0085141,35 | 12
383,51,L'Ami de Vincent,1983,Comédie | Drame,6.167,12.0,1.1046,93.0,0.0,0.0,,,197485,tt0085158,35 | 18
384,52,"Attention, une femme peut en cacher une autre !",1983,Comédie,6.025,20.0,0.9281,110.0,0.0,0.0,,,82052,tt0085187,35
385,55,Circulez y a rien à voir !,1983,Comédie,5.043,48.0,1.5116,90.0,0.0,0.0,,,78409,tt0085341,35
386,56,Les Compères,1983,Comédie,6.611,428.0,2.0141,92.0,0.0,0.0,,,10484,tt0085354,35
387,57,Lucky Luke : Les Dalton en cavale,1983,Animation | Comédie | Western,6.23,61.0,1.8287,80.0,0.0,0.0,,,52166,tt0085394,16 | 35 | 37
388,58,La Femme de mon pote,1983,Romance | Comédie,5.795,95.0,0.8467,99.0,0.0,0.0,,,64504,tt0085529,10749 | 35
389,59,La fiancée qui venait du froid,1983,Comédie | Romance,5.444,18.0,0.6078,90.0,0.0,0.0,,,427810,tt0085536,35 | 10749
390,60,Garçon !,1983,Drame | Comédie | Romance,5.571,63.0,1.3087,102.0,0.0,0.0,,,75996,tt0085576,18 | 35 | 10749
391,64,Papy fait de la résistance,1983,Comédie | Guerre,6.864,440.0,4.2292,105.0,3000000.0,0.0,,,48769,tt0086079,35 | 10752
392,65,Pauline à la plage,1983,Drame | Romance | Comédie,6.966,249.0,1.8335,90.0,0.0,0.0,,,10293,tt0086087,18 | 10749 | 35
393,71,Signes extérieurs de richesse,1983,Romance | Comédie,5.656,32.0,0.585,92.0,0.0,0.0,,,79756,tt0086311,10749 | 35
394,75,La vie est un roman,1983,Drame | Comédie,5.765,34.0,1.0558,110.0,0.0,0.0,,,63978,tt0086542,18 | 35
395,81,L'Amour par terre,1984,Drame | Comédie,5.8,15.0,0.5107,176.0,0.0,0.0,,,64225,tt0086889,18 | 35
396,84,Les Enfants,1985,Comédie,6.192,13.0,0.551,94.0,0.0,0.0,,,86096,tt0087205,35
397,87,Frankenstein 90,1984,Comédie | Horreur | Téléfilm | Science-Fiction,5.8,18.0,1.0464,100.0,0.0,0.0,,,3118,tt0087289,35 | 27 | 10770 | 878
398,92,Le Jumeau,1984,Comédie,6.007,68.0,1.0663,108.0,0.0,0.0,,,39978,tt0087520,35
399,94,Marche à l'ombre,1984,Comédie,6.431,195.0,1.0152,90.0,0.0,0.0,,,55976,tt0087681,35
400,95,Les Morfalous,1984,Guerre | Comédie,5.973,150.0,1.5173,106.0,0.0,0.0,,,72664,tt0087742,10752 | 35
401,102,Pinot simple-flic,1984,Comédie,5.584,101.0,0.7482,85.0,0.0,0.0,,,42394,tt0087917,35
402,103,Le Quart d'heure américain,1982,Comédie | Romance,6.011,45.0,0.5518,87.0,0.0,0.0,,,50212,tt0087964,35 | 10749
403,104,Les Ripoux,1984,Comédie,6.604,269.0,1.7753,107.0,0.0,0.0,,,10260,tt0088002,35
404,106,La Smala,1984,Comédie,5.021,48.0,0.8954,90.0,0.0,0.0,,,68946,tt0088138,35
405,111,Viva la vie,1984,Thriller | Comédie | Drame | Mystère | Science-Fiction,5.976,21.0,0.9603,110.0,0.0,0.0,,,127994,tt0088357,53 | 35 | 18 | 9648 | 878
406,113,À nous les garçons,1985,Comédie,5.69,21.0,0.5927,102.0,0.0,0.0,,,155219,tt0088463,35
407,115,L'Amour braque,1985,Drame | Crime | Romance | Comédie,5.736,53.0,1.4926,101.0,0.0,0.0,,,98927,tt0088714,18 | 80 | 10749 | 35
408,116,L'Amour en douce,1985,Comédie | Romance,5.34,25.0,0.7214,91.0,0.0,0.0,,,118694,tt0088715,35 | 10749
409,117,L'amour propre ne le reste jamais très longtemps,1985,Comédie,5.625,12.0,0.6342,90.0,0.0,0.0,,,246601,tt0088717,35
410,118,Astérix et la Surprise de César,1985,Comédie | Animation | Familial | Aventure,6.53,636.0,1.986,79.0,0.0,0.0,,,8868,tt0088748,35 | 16 | 10751 | 12
411,121,La Cage aux folles 3 - « Elles » se marient,1985,Comédie,5.144,66.0,0.962,87.0,0.0,345280.0,,,78159,tt0088873,35
412,124,Détective,1985,Comédie | Crime | Drame,5.255,67.0,1.076,98.0,0.0,0.0,,,52710,tt0089066,35 | 80 | 18
413,125,L'Effrontée,1985,Drame | Comédie,6.5,126.0,1.1621,96.0,0.0,0.0,,,61991,tt0089072,18 | 35
414,127,Elvis Gratton 1: Le King des Kings,1985,Comédie,6.35,20.0,0.2326,89.0,0.0,0.0,,,44792,tt0089085,35
415,128,Escalier C,1985,Comédie | Drame,5.963,27.0,0.5851,102.0,0.0,0.0,,,41912,tt0089103,35 | 18
416,132,Hold-up,1985,Comédie | Crime,6.13,166.0,1.5899,114.0,1500000.0,0.0,,,40411,tt0089284,35 | 80
417,133,"Liberté, égalité, choucroute",1985,Comédie,5.933,15.0,1.1702,109.0,0.0,0.0,,,165218,tt0089484,35
418,134,Le Mariage du siècle,1985,Comédie | Romance,5.444,27.0,1.0326,104.0,0.0,0.0,,,80336,tt0089554,35 | 10749
419,139,P.R.O.F.S.,1985,Comédie,6.149,144.0,1.4906,95.0,0.0,0.0,,,57308,tt0089762,35
420,142,Les Rois du gag,1985,Comédie,5.784,37.0,0.7699,98.0,0.0,0.0,,,64675,tt0089929,35
421,144,Sac de nœuds,1985,Comédie | Drame,5.3,30.0,1.1531,90.0,0.0,0.0,,,192324,tt0089950,35 | 18
422,145,Scout toujours…,1985,Comédie,5.657,169.0,0.9034,98.0,0.0,0.0,,,50211,tt0089977,35
423,146,Tranches de vie,1985,Comédie,5.391,23.0,0.8339,91.0,0.0,0.0,,,79762,tt0090193,35
424,147,3 Hommes et un couffin,1985,Comédie,6.364,286.0,1.4945,106.0,0.0,2052466.0,,,4180,tt0090206,35
425,148,Le téléphone sonne toujours deux fois,1985,Comédie,5.375,52.0,0.9145,90.0,0.0,0.0,,,59161,tt0090228,35
426,149,Une femme ou deux,1985,Comédie | Romance,5.5,12.0,0.9735,97.0,0.0,0.0,,,191056,tt0090235,35 | 10749
427,152,Ça n'arrive qu'à moi,1985,Comédie,5.25,12.0,0.8918,95.0,0.0,0.0,,,251968,tt0090382,35
428,155,Astérix chez les Bretons,1986,Familial | Animation | Aventure | Comédie,6.774,719.0,1.975,79.0,0.0,0.0,,,9318,tt0090667,10751 | 16 | 12 | 35
429,157,Black Mic Mac,1986,Comédie,5.727,22.0,0.7354,93.0,0.0,0.0,,,63657,tt0090734,35
430,163,Double messieurs,1986,Drame | Comédie,6.1,17.0,0.7681,90.0,0.0,0.0,,,63982,tt0090963,18 | 35
431,166,Les Frères Pétard,1986,Comédie,5.371,58.0,0.6649,90.0,0.0,0.0,,,51257,tt0091089,35
432,167,Les Fugitifs,1986,Comédie,6.802,426.0,1.9231,89.0,0.0,0.0,,,30163,tt0091093,35
433,170,Je hais les acteurs,1986,Comédie,5.367,15.0,0.5796,90.0,0.0,0.0,,,63979,tt0091287,35
434,173,Maine Océan,1986,Comédie,5.772,123.0,0.7422,130.0,0.0,0.0,,,63663,tt0091461,35
435,174,Max mon amour,1986,Comédie | Romance,5.736,36.0,0.9594,92.0,0.0,0.0,,,64097,tt0091498,35 | 10749
436,175,Le Miraculé,1987,Comédie,5.413,40.0,0.8267,88.0,0.0,0.0,,,64419,tt0091525,35
437,177,Nuit d'ivresse,1986,Comédie,6.024,105.0,0.8868,87.0,0.0,0.0,,,40224,tt0091656,35
438,183,Tenue de soirée,1986,Comédie | Crime | Drame,6.609,248.0,1.519,84.0,0.0,0.0,,,3934,tt0092068,35 | 80 | 18
439,184,Twist again à Moscou,1986,Comédie,6.073,75.0,1.1744,89.0,0.0,0.0,,,81122,tt0092121,35
440,186,Golden Eighties,1986,Musique | Comédie | Romance,6.587,23.0,1.1179,96.0,0.0,0.0,,,63763,tt0092219,10402 | 35 | 10749
441,191,Association de malfaiteurs,1987,Aventure | Comédie | Mystère,5.931,36.0,0.5613,103.0,0.0,0.0,,,64080,tt0092588,12 | 35 | 9648
442,198,Les Exploits d'un jeune Don Juan,1986,Comédie | Drame,6.035,311.0,48.6557,95.0,0.0,1300000.0,,,81774,tt0092995,35 | 18
443,199,Fucking Fernand,1987,Comédie | Guerre,5.386,22.0,0.8469,89.0,0.0,0.0,,,191479,tt0093057,35 | 10752
444,206,Lévy et Goliath,1987,Aventure | Comédie | Crime,5.059,17.0,0.491,105.0,0.0,0.0,,,77729,tt0093411,12 | 35 | 80
445,217,Soigne ta droite,1987,Comédie | Drame | Fantastique,6.13,23.0,1.3159,82.0,0.0,0.0,,,65612,tt0094002,35 | 18 | 14
446,231,La Couleur du vent,1988,Drame | Comédie,5.808,13.0,0.6818,81.0,0.0,0.0,,,67551,tt0094911,18 | 35
447,234,La Lectrice,1988,Comédie | Drame,6.3,40.0,0.8004,97.0,0.0,0.0,,,49693,tt0095511,35 | 18
448,241,Quelques jours avec moi,1988,Comédie | Drame,5.917,48.0,1.483,131.0,0.0,335.0,,,2025,tt0095943,35 | 18
449,244,Sans peur et sans reproche,1988,Comédie,5.487,38.0,1.0306,96.0,0.0,0.0,,,50226,tt0096034,35
450,248,La vie est un long fleuve tranquille,1988,Comédie,6.751,457.0,1.3083,90.0,0.0,0.0,,,4271,tt0096386,35
451,249,À gauche en sortant de l’ascenseur,1988,Comédie,6.181,94.0,1.2825,83.0,0.0,0.0,,,39422,tt0096517,35
452,251,L'Étudiante,1988,Romance | Comédie | Drame,5.86,268.0,2.0706,103.0,0.0,0.0,,,52286,tt0096523,10749 | 35 | 18
453,255,Astérix et le Coup du menhir,1989,Familial | Animation | Aventure | Comédie,6.292,665.0,2.3015,81.0,0.0,0.0,,,11625,tt0096842,10751 | 16 | 12 | 35
454,261,Et la lumière fut,1989,Comédie | Drame,6.333,15.0,0.1951,105.0,0.0,0.0,,,203986,tt0097297,35 | 18
455,266,"Les Maris, les Femmes, les Amants",1989,Drame | Comédie,5.115,13.0,0.8667,117.0,0.0,0.0,,,173999,tt0097836,18 | 35
456,267,Marquis,1989,Animation | Comédie,6.49,51.0,1.4377,83.0,0.0,0.0,,,36068,tt0097839,16 | 35
457,268,Mes meilleurs copains,1989,Comédie,6.255,104.0,1.1173,110.0,0.0,0.0,,,51326,tt0097871,35
458,269,Milou en Mai,1990,Comédie | Drame,6.851,94.0,1.2545,108.0,0.0,1576702.0,,,1785,tt0097884,35 | 18
459,274,Romuald et Juliette,1989,Comédie,6.697,71.0,0.7317,108.0,0.0,0.0,,,11480,tt0098220,35
460,276,Roselyne et les lions,1988,Romance | Comédie | Drame | Fantastique | Aventure | Action,5.55,20.0,0.7431,129.0,0.0,0.0,,,131128,tt0098226,10749 | 35 | 18 | 14 | 12 | 28
461,278,Les Sièges de l'Alcazar,1989,Comédie | Histoire,7.154,13.0,0.4432,53.0,0.0,0.0,,,181123,tt0098341,35 | 36
462,282,Vanille fraise,1989,Comédie | Romance | Aventure,5.237,19.0,1.0374,110.0,0.0,0.0,,,174589,tt0098578,35 | 10749 | 12
463,283,Les 1001 nuits,1990,Fantastique | Comédie | Aventure,5.095,63.0,2.1578,98.0,0.0,0.0,,,20220,tt0098961,14 | 35 | 12
464,287,La Baule-les-Pins,1990,Comédie | Drame,5.994,79.0,1.7188,100.0,0.0,0.0,,,77672,tt0099200,35 | 18
465,300,"Génial, mes parents divorcent !",1991,Comédie | Familial,5.5,47.0,0.4247,95.0,0.0,0.0,,,38014,tt0099724,35 | 10751
466,301,Il y a des jours… et des lunes,1990,Drame | Comédie,6.293,29.0,0.9657,117.0,0.0,0.0,,,51329,tt0099827,18 | 35
467,302,Le Mari de la coiffeuse,1990,Comédie | Drame | Romance,6.804,227.0,1.811,82.0,0.0,0.0,,,11796,tt0100112,35 | 18 | 10749
468,304,L'Opération Corned Beef,1991,Comédie | Action,6.197,264.0,1.4891,105.0,0.0,0.0,,,40223,tt0100303,35 | 28
469,305,Promotion canapé,1990,Comédie,5.137,51.0,1.1346,92.0,0.0,0.0,,,79753,tt0100425,35
470,308,Ripoux contre ripoux,1990,Action | Comédie,6.018,165.0,0.9261,105.0,0.0,0.0,,,22240,tt0100496,28 | 35
471,311,Tatie Danielle,1990,Comédie | Drame,6.532,235.0,1.3466,110.0,0.0,0.0,,,6444,tt0100747,35 | 18
472,315,Uranus,1990,Drame | Comédie,6.635,104.0,1.0124,100.0,0.0,0.0,,,41930,tt0100851,18 | 35
473,328,Ma vie est un enfer,1991,Comédie,5.845,58.0,0.765,105.0,0.0,0.0,,,4272,tt0102367,35
474,330,"Mon père, ce héros",1991,Comédie | Drame,5.65,137.0,1.0335,105.0,0.0,0.0,,,20978,tt0102465,35 | 18
475,331,On peut toujours rêver,1991,Comédie,5.75,20.0,0.3898,90.0,0.0,0.0,,,72833,tt0102589,35
476,336,La Reine blanche,1991,Comédie | Drame | Romance,6.214,21.0,0.8095,119.0,0.0,0.0,,,164023,tt0102770,35 | 18 | 10749
477,337,Les Secrets professionnels du Docteur Apfelglück,1991,Comédie,5.345,29.0,1.1346,82.0,0.0,0.0,,,70532,tt0102869,35
478,339,La Totale !,1991,Aventure | Comédie,5.849,116.0,1.5187,102.0,0.0,0.0,,,75944,tt0103103,12 | 35
479,345,Une époque formidable,1991,Comédie,6.389,117.0,0.8948,96.0,0.0,0.0,,,50213,tt0103168,35
480,346,La Vieille qui marchait dans la mer,1991,Comédie | Crime | Drame,5.396,24.0,0.5707,97.0,0.0,0.0,,,78285,tt0103207,35 | 80 | 18
481,352,Le Bal des casse-pieds,1992,Comédie,5.934,53.0,1.1586,99.0,0.0,0.0,,,76793,tt0103761,35
482,358,La Crise,1992,Comédie | Drame,6.932,125.0,1.3875,95.0,0.0,0.0,,,56947,tt0104025,35 | 18
483,367,Le Retour de Casanova,1992,Romance | Comédie | Drame,5.986,36.0,0.6672,93.0,0.0,0.0,,,172303,tt0105243,10749 | 35 | 18
484,369,Riens du tout,1992,Comédie,6.17,50.0,0.6986,95.0,0.0,0.0,,,69896,tt0105260,35
485,380,Versailles Rive-Gauche,1992,Comédie | Romance,6.74,25.0,0.551,47.0,0.0,0.0,,,71260,tt0105738,35 | 10749
486,384,Le Zèbre,1992,Romance | Comédie,5.531,49.0,1.1345,95.0,0.0,0.0,,,164126,tt0105911,10749 | 35
487,386,"L'Arbre, le Maire et la Médiathèque",1993,Comédie | Drame,6.73,76.0,0.8188,105.0,0.0,0.0,,,134463,tt0106301,35 | 18
488,387,Aux petits bonheurs,1994,Comédie | Drame | Romance,5.231,13.0,0.5718,103.0,0.0,0.0,,,77149,tt0106327,35 | 18 | 10749
489,390,Cible émouvante,1993,Drame | Comédie | Crime,6.477,43.0,0.7558,87.0,0.0,0.0,,,62133,tt0106573,18 | 35 | 80
490,393,Fanfan,1993,Romance | Comédie,6.401,96.0,1.0313,89.0,0.0,0.0,,,38012,tt0106866,10749 | 35
491,397,Les gens normaux n'ont rien d'exceptionnel,1993,Drame | Comédie,6.727,11.0,0.7019,95.0,0.0,0.0,,,65849,tt0106999,18 | 35
492,407,Les Marmottes,1993,Comédie | Drame,5.3,40.0,1.048,104.0,0.0,0.0,,,70908,tt0107520,35 | 18
493,408,Métisse,1993,Comédie | Romance,6.038,40.0,0.7312,94.0,0.0,0.0,,,47507,tt0107642,35 | 10749
494,414,Smoking / No Smoking,1993,Drame | Comédie | Romance,6.5,69.0,0.6666,140.0,0.0,0.0,,,61560,tt0108167,18 | 35 | 10749
495,415,La Soif de l'or,1993,Comédie,5.465,115.0,0.9224,86.0,0.0,0.0,,,51195,tt0108179,35
496,416,Tango,1993,Comédie,6.0,30.0,0.8363,88.0,0.0,0.0,,,66447,tt0108290,35
497,420,Tout le monde n'a pas eu la chance d'avoir des parents communistes,1993,Comédie,6.146,24.0,0.4987,90.0,0.0,0.0,,,78340,tt0108369,35
498,421,Tout ça… pour ça !,1993,Comédie | Crime | Romance,6.157,51.0,0.8271,116.0,0.0,0.0,,,33489,tt0108370,35 | 80 | 10749
499,424,"Un, deux, trois, soleil",1993,Drame | Comédie,6.309,34.0,1.154,104.0,0.0,0.0,,,38505,tt0108435,18 | 35
500,428,L'Année Juliette,1995,Comédie,5.875,20.0,0.4093,85.0,0.0,0.0,,,187277,tt0109137,35
501,431,Cache Cash,1994,Aventure | Comédie | Crime,5.727,11.0,1.0339,89.0,0.0,0.0,,,83764,tt0109362,12 | 35 | 80
502,432,Casque bleu,1994,Comédie,5.333,60.0,1.1012,95.0,0.0,0.0,,,50156,tt0109386,35
503,438,Fast,1995,Romance | Comédie,6.0,22.0,0.6037,100.0,0.0,0.0,,,325334,tt0109772,10749 | 35
504,440,La Fille de d'Artagnan,1994,Aventure | Action | Comédie,5.646,130.0,1.7384,129.0,0.0,311922.0,,,10732,tt0109798,12 | 28 | 35
505,442,Grosse fatigue,1994,Comédie,5.987,119.0,1.5636,92.0,0.0,0.0,,,64567,tt0109942,35
506,448,Neuf Mois,1994,Comédie,5.703,37.0,0.9538,109.0,0.0,0.0,,,63150,tt0110646,35
507,450,Pas très catholique,1994,Comédie,6.033,15.0,0.5672,100.0,0.0,0.0,,,263304,tt0110784,35
508,463,Un Indien dans la ville,1994,Aventure | Drame | Familial | Comédie,5.973,625.0,2.0777,90.0,0.0,0.0,,,11479,tt0111543,12 | 18 | 10751 | 35
509,469,Les Anges gardiens,1995,Comédie | Crime,6.117,274.0,1.2436,107.0,0.0,0.0,,,51191,tt0112366,35 | 80
510,470,Les Apprentis,1995,Comédie | Drame,6.59,72.0,0.7454,95.0,0.0,0.0,,,62013,tt0112386,35 | 18
511,473,Le bonheur est dans le pré,1995,Comédie,6.827,171.0,0.9809,106.0,13365000.0,0.0,,,43612,tt0112556,35
512,474,Les Cent et Une Nuits de Simon Cinéma,1995,Comédie,6.083,60.0,1.4288,104.0,0.0,0.0,,,94771,tt0112654,35
513,481,Gazon maudit,1995,Comédie | Romance,6.059,321.0,1.7788,105.0,0.0,0.0,,,4482,tt0113149,35 | 10749
514,489,Les Rendez-vous de Paris,1995,Romance | Comédie | Drame,6.595,58.0,0.4429,94.0,0.0,0.0,,,77056,tt0114266,10749 | 35 | 18
515,492,Les Trois Frères,1995,Comédie,6.96,800.0,1.4244,104.0,7500000.0,46000000.0,,,37653,tt0114732,35
516,494,Un été à La Goulette,1996,Drame | Comédie,6.121,29.0,1.0994,79.0,0.0,0.0,,,121493,tt0114775,18 | 35
517,498,"À la vie, à la mort !",1995,Comédie | Drame,5.969,16.0,0.7435,100.0,0.0,0.0,,,134275,tt0115071,35 | 18
518,500,Les Affinités électives,1996,Romance | Drame | Comédie,6.118,17.0,0.7898,98.0,0.0,0.0,,,47793,tt0115478,10749 | 18 | 35
519,501,Arlette,1997,Comédie,5.397,39.0,1.28,100.0,0.0,0.0,,,44617,tt0115567,35
520,505,Bernie,1996,Comédie,6.773,286.0,1.2899,87.0,0.0,0.0,,,19963,tt0115658,35
521,507,"Brigands, chapitre VII",1996,Comédie,5.917,12.0,0.4048,117.0,0.0,0.0,,,48012,tt0115755,35
522,509,Chacun cherche son chat,1996,Comédie,6.22,100.0,1.0819,85.0,0.0,0.0,,,11956,tt0115856,35
523,511,Comment je me suis disputé… (ma vie sexuelle),1996,Comédie | Drame | Romance,6.467,60.0,0.8212,181.0,0.0,0.0,,,83994,tt0115928,35 | 18 | 10749
524,516,"Delphine : 1, Yvan : 0",1996,Comédie,5.574,34.0,0.7854,91.0,0.0,0.0,,,45221,tt0116069,35
525,518,Désiré,1996,Comédie,5.75,12.0,0.9271,106.0,0.0,0.0,,,83668,tt0116084,35
526,522,Fallait pas !..,1996,Comédie,5.394,33.0,0.6542,95.0,0.0,0.0,,,40626,tt0116271,35
527,524,For Ever Mozart,1996,Drame | Comédie | Guerre,5.905,21.0,0.5504,81.0,0.0,0.0,,,111367,tt0116334,18 | 35 | 10752
528,526,Les Grands Ducs,1996,Comédie,6.071,56.0,0.5802,85.0,0.0,0.0,,,47496,tt0116445,35
529,528,"Hommes, femmes : Mode d'emploi",1996,Comédie | Drame,6.0,31.0,0.822,122.0,0.0,0.0,,,76390,tt0116555,35 | 18
530,530,Irma Vep,1996,Comédie | Drame,6.686,244.0,2.1378,95.0,0.0,0.0,,,25355,tt0116650,35 | 18
531,531,Le Jaguar,1996,Aventure | Comédie,5.716,261.0,1.5984,100.0,0.0,0.0,,,54471,tt0116676,12 | 35
532,534,Mon homme,1996,Romance | Comédie | Drame,5.756,43.0,1.6538,98.0,0.0,0.0,,,48709,tt0117073,10749 | 35 | 18
533,536,Le Plus Beau Métier du monde,1996,Comédie | Drame,5.614,114.0,1.2063,105.0,0.0,0.0,,,40089,tt0117351,35 | 18
534,540,Pédale douce,1996,Comédie,5.862,159.0,1.0045,100.0,0.0,0.0,,,31789,tt0117412,35
535,541,Ridicule,1996,Comédie | Drame | Romance,6.921,221.0,1.2716,102.0,3000000.0,2503829.0,,,12709,tt0117477,35 | 18 | 10749
536,546,Trois vies et une seule mort,1996,Comédie | Crime | Fantastique | Mystère,6.456,45.0,1.1753,123.0,500000.0,0.0,,,55049,tt0117968,35 | 80 | 14 | 9648
537,548,Un divan à New York,1996,Romance | Comédie,5.943,44.0,1.1518,103.0,0.0,0.0,,,47434,tt0118018,10749 | 35
538,549,Un héros très discret,1996,Drame | Guerre | Comédie,6.857,115.0,0.723,105.0,0.0,0.0,,,48580,tt0118020,18 | 10752 | 35
539,567,Didier,1997,Comédie,6.108,648.0,1.6688,104.0,11000000.0,0.0,,,37652,tt0118976,35
540,568,Dieu seul me voit,1998,Comédie | Romance,6.667,27.0,0.5946,120.0,0.0,0.0,,,36690,tt0118978,35 | 10749
541,571,Les Démons de Jésus,1997,Comédie,6.627,67.0,0.908,117.0,0.0,0.0,,,40177,tt0119034,35
542,576,Une chance sur deux,1998,Action | Aventure | Comédie,5.769,117.0,1.18,110.0,32000000.0,0.0,,,49938,tt0119247,28 | 12 | 35
543,577,L'Homme est une femme comme les autres,1998,Comédie | Romance,5.657,35.0,0.9753,100.0,0.0,0.0,,,60750,tt0119307,35 | 10749
544,582,Marius et Jeannette,1997,Drame | Romance | Comédie,6.825,60.0,0.6216,105.0,0.0,0.0,,,64968,tt0119620,18 | 10749 | 35
545,583,Marquise,1997,Drame | Comédie,5.529,51.0,1.4726,111.0,0.0,0.0,,,5144,tt0119623,18 | 35
546,590,Les Palmes de M. Schutz,1997,Comédie | Drame,6.75,26.0,0.7833,106.0,0.0,0.0,,,81045,tt0119855,35 | 18
547,591,Le Pari,1997,Comédie,6.29,497.0,1.0557,97.0,0.0,0.0,,,44706,tt0119863,35
548,592,Pour rire !,1997,Comédie | Romance,6.571,14.0,0.9669,100.0,0.0,0.0,,,341805,tt0119927,35 | 10749
549,593,Quatre Garçons pleins d'avenir,1997,Comédie,6.274,62.0,0.8533,90.0,0.0,0.0,,,73057,tt0119972,35
550,595,Rien ne va plus,1997,Comédie | Crime | Thriller,6.542,96.0,0.962,105.0,0.0,0.0,,,64559,tt0120018,35 | 80 | 53
551,601,Tenue correcte exigée,1997,Comédie | Crime,5.742,31.0,0.5886,93.0,0.0,0.0,,,111005,tt0120308,35 | 80
552,604,Un amour de sorcière,1997,Aventure | Comédie | Fantastique | Romance,5.174,95.0,1.5117,102.0,0.0,2700000.0,,,64340,tt0120404,12 | 35 | 14 | 10749
553,607,La Vérité si je mens !,1997,Comédie,6.29,547.0,1.4593,100.0,4000000.0,29456000.0,,,39385,tt0120471,35
554,611,…Comme elle respire,1998,Crime | Comédie,6.525,20.0,0.4455,106.0,0.0,0.0,,,80131,tt0120639,80 | 35
555,616,Les Couloirs du temps : Les Visiteurs II,1998,Comédie | Fantastique,6.022,1059.0,2.5134,118.0,23030000.0,66000000.0,,,10353,tt0120882,35 | 14
556,620,Lautrec,1998,Comédie | Drame,5.068,22.0,0.6874,125.0,0.0,0.0,,,136646,tt0123952,35 | 18
557,624,À la place du cœur,1998,Comédie | Drame | Romance,6.1,20.0,0.7176,113.0,0.0,0.0,,,134193,tt0126734,35 | 18 | 10749
558,632,Astérix & Obélix contre César,1999,Familial | Aventure | Comédie | Fantastique,6.015,2038.0,3.1834,109.0,48500000.0,101644060.0,,,9564,tt0133385,10751 | 12 | 35 | 14
559,642,Un grand cri d'amour,1998,Comédie,5.658,19.0,0.5019,90.0,0.0,0.0,,,237799,tt0139683,35
560,644,Je règle mon pas sur le pas de mon père,1999,Comédie,5.706,17.0,1.0007,88.0,0.0,0.0,,,67653,tt0143316,35
561,648,Le Bourreau des cœurs,1983,Comédie,5.107,14.0,0.3555,90.0,0.0,0.0,,,114654,tt0147920,35
562,652,Restons groupés,1998,Comédie,5.189,37.0,1.054,101.0,0.0,0.0,,,81119,tt0152178,35
563,653,Folle d'elle,1998,Comédie | Romance,5.115,13.0,0.9,82.0,0.0,0.0,,,86098,tt0153737,35 | 10749
564,654,Serial Lover,1998,Comédie,6.528,36.0,1.1892,85.0,0.0,0.0,,,4282,tt0155157,35
565,658,Le Nain rouge,1998,Drame | Comédie,5.682,11.0,0.4538,102.0,0.0,0.0,,,91598,tt0156820,18 | 35
566,659,Sitcom,1998,Comédie | Drame | Thriller | Romance,6.414,133.0,1.0845,80.0,0.0,0.0,,,46761,tt0157044,35 | 18 | 53 | 10749
567,660,La Vie sur Terre,1998,Comédie | Drame,6.033,15.0,0.2128,61.0,0.0,0.0,,,37855,tt0157160,35 | 18
568,664,Le Poulpe,1998,Thriller | Comédie | Crime,6.527,55.0,1.4387,100.0,0.0,0.0,,,62012,tt0162555,53 | 35 | 80
569,665,Pourquoi pas moi ?,1998,Comédie | Romance,5.761,23.0,1.1545,95.0,0.0,0.0,,,61663,tt0162556,35 | 10749
570,668,La Parenthèse enchantée,2000,Romance | Comédie,5.333,12.0,0.6695,88.0,0.0,0.0,,,70990,tt0163141,10749 | 35
571,681,Y a-t-il un Français dans la salle ?,1982,Comédie | Crime,5.306,18.0,0.5704,106.0,0.0,0.0,,,64336,tt0165550,35 | 80
572,685,Les Collègues,1999,Comédie,6.1,25.0,0.2518,93.0,0.0,0.0,,,95661,tt0167833,35
573,692,Vénus beauté (institut),1999,Comédie | Drame | Romance,5.85,137.0,1.7507,105.0,0.0,465080.0,,,33491,tt0174330,35 | 18 | 10749
574,701,Elvis Gratton 2: Miracle à Memphis,1999,Comédie,5.364,11.0,0.5293,105.0,0.0,0.0,,,60219,tt0180668,35
575,703,Belle Maman,1999,Comédie | Romance,5.112,49.0,1.0932,103.0,0.0,0.0,,,55705,tt0181310,35 | 10749
576,706,Les Frères Sœur,2000,Comédie,5.235,17.0,0.4536,95.0,0.0,0.0,,,457070,tt0181548,35
577,708,Mookie,1998,Comédie,5.464,71.0,0.9696,87.0,0.0,0.0,,,60863,tt0181696,35
578,712,Les Parasites,1999,Drame | Comédie | Romance,6.182,44.0,0.9495,90.0,0.0,0.0,,,35818,tt0182357,18 | 35 | 10749
579,716,Taxi 2,2000,Action | Comédie | Aventure | Crime,6.277,1880.0,4.1765,88.0,10500000.0,64433844.0,,,2332,tt0183869,28 | 35 | 12 | 80
580,722,La Nouvelle Ève,1999,Comédie | Drame | Romance,5.378,41.0,0.7575,94.0,0.0,0.0,,,18460,tt0186397,35 | 18 | 10749
581,724,Est-ce bien raisonnable ?...,1981,Comédie | Action | Romance,6.205,22.0,0.8592,101.0,0.0,0.0,,,78460,tt0186997,35 | 28 | 10749
582,732,Le Derrière,1999,Comédie,5.103,29.0,0.4719,102.0,0.0,0.0,,,69728,tt0189475,35
583,747,C'est pas ma faute !,1999,Comédie | Aventure | Familial,5.4,25.0,0.6876,90.0,0.0,0.0,,,93138,tt0196420,35 | 12 | 10751
584,752,Les convoyeurs attendent,1999,Comédie | Drame,6.5,34.0,0.9607,94.0,0.0,0.0,,,31336,tt0201538,35 | 18
585,754,Kennedy et moi,1999,Comédie,6.414,35.0,0.5376,86.0,0.0,0.0,,,67769,tt0202433,35
586,756,Le Créateur,1999,Comédie,6.714,63.0,0.6226,92.0,5763891.0,0.0,,,52612,tt0203427,35
587,758,Tout baigne !,1999,Comédie,6.636,11.0,0.1573,90.0,0.0,0.0,,,44017,tt0204693,35
588,759,La Dilettante,1999,Comédie,6.0,39.0,0.9043,118.0,0.0,0.0,,,77776,tt0205011,35
589,763,"Adieu, plancher des vaches !",1999,Drame | Comédie | Romance,5.188,24.0,0.8092,117.0,0.0,0.0,,,4962,tt0205725,18 | 35 | 10749
590,764,"Mon père, ma mère, mes frères et mes sœurs",1999,Comédie | Familial,5.615,13.0,0.2665,90.0,0.0,0.0,,,134222,tt0206151,35 | 10751
591,775,Ma Petite Entreprise,1999,Comédie,6.074,47.0,0.5345,96.0,0.0,0.0,,,65081,tt0210163,35
592,776,La Bûche,1999,Drame | Comédie,5.886,88.0,0.8792,106.0,0.0,0.0,,,48216,tt0211286,18 | 35
593,780,Gouttes d'eau sur pierres brûlantes,2000,Drame | Romance | Comédie,6.365,130.0,1.7572,90.0,0.0,87313.0,,,12480,tt0211387,18 | 10749 | 35
594,781,Je suis né d'une cigogne,1999,Comédie | Drame,6.625,16.0,0.3142,80.0,0.0,0.0,,,31670,tt0211445,35 | 18
595,784,Plus beau que moi tu meurs,1982,Comédie,5.813,16.0,0.871,105.0,0.0,0.0,,,45134,tt0211574,35
596,788,Les Acteurs,2000,Comédie,5.779,104.0,1.3193,103.0,0.0,0.0,,,48328,tt0211900,35
597,793,La Vérité si je mens ! 2,2001,Comédie,6.153,412.0,1.1441,105.0,12560000.0,42700000.0,,,31359,tt0214289,35
598,794,Le Libertin,2000,Histoire | Comédie,5.568,44.0,1.6284,100.0,0.0,0.0,,,77519,tt0214878,36 | 35
599,803,La bostella,2000,Comédie,6.237,19.0,0.8036,95.0,0.0,0.0,,,72261,tt0216590,35
600,806,Le Goût des autres,2000,Drame | Comédie | Romance,6.819,364.0,1.6042,112.0,0.0,0.0,,,10697,tt0216787,18 | 35 | 10749
601,807,"Harry, un ami qui vous veut du bien",2000,Drame | Comédie | Mystère,6.806,286.0,1.5455,117.0,0.0,3818452.0,,,47943,tt0216800,18 | 35 | 9648
602,811,Meilleur espoir féminin,2000,Comédie,5.961,77.0,0.7331,100.0,0.0,0.0,,,64357,tt0216911,35
603,825,Promène-toi donc tout nu,1999,Comédie | Drame | Romance,5.417,18.0,0.2298,50.0,0.0,0.0,,,457321,tt0223963,35 | 18 | 10749
604,830,Épouse-moi,2000,Romance | Comédie,6.0,11.0,0.6391,90.0,0.0,0.0,,,160066,tt0226708,10749 | 35
605,832,Le Retour des bidasses en folie,1983,Comédie,5.639,18.0,0.6307,85.0,0.0,0.0,,,72373,tt0227377,35
606,833,Drôle de Félix,2000,Comédie,5.775,24.0,0.5898,92.0,0.0,0.0,,,21488,tt0228242,35
607,841,Salsa,2000,Musique | Comédie | Romance,6.464,14.0,1.0068,100.0,0.0,0.0,,,112720,tt0229694,10402 | 35 | 10749
608,843,Que faisaient les femmes pendant que l'homme marchait sur la lune?,2001,Drame | Comédie,5.091,11.0,0.5008,98.0,0.0,0.0,,,78790,tt0230921,18 | 35
609,845,La Chambre des magiciennes,2000,Comédie | Drame | Téléfilm,5.929,14.0,0.5067,83.0,0.0,0.0,,,68967,tt0233427,35 | 18 | 10770
610,847,La Fausse Suivante,2000,Drame | Comédie,5.667,15.0,0.3711,90.0,0.0,0.0,,,77939,tt0233709,18 | 35
611,850,On n'est pas sorti de l'auberge,1982,Comédie,5.361,18.0,0.7054,100.0,0.0,0.0,,,72243,tt0234384,35
612,853,Les savates du bon Dieu,2000,Drame | Comédie | Romance,5.577,13.0,0.4295,107.0,0.0,0.0,,,101227,tt0234663,18 | 35 | 10749
613,856,À l'attaque !,2000,Comédie | Drame,5.912,17.0,0.6357,90.0,0.0,0.0,,,134270,tt0235108,35 | 18
614,859,Laissons Lucie faire !,2000,Romance | Comédie,5.025,20.0,0.2754,90.0,0.0,0.0,,,142408,tt0235532,10749 | 35
615,869,Mortel transfert,2001,Comédie | Thriller | Crime,5.25,22.0,0.9103,122.0,0.0,0.0,,,49691,tt0239670,35 | 53 | 80
616,870,Nationale 7,2000,Comédie | Drame,5.818,11.0,0.5159,90.0,0.0,0.0,,,81852,tt0239695,35 | 18
617,873,Une hirondelle a fait le printemps,2001,Drame | Comédie,6.436,86.0,0.8959,103.0,0.0,0.0,,,33302,tt0240149,18 | 35
618,878,Va savoir,2001,Drame | Comédie | Romance,6.188,32.0,0.7878,154.0,0.0,0.0,,,55372,tt0242994,18 | 35 | 10749
619,879,Le Battement d'ailes du papillon,2000,Romance | Drame | Comédie,6.439,44.0,0.8216,90.0,0.0,0.0,,,24908,tt0243135,10749 | 18 | 35
620,880,Le Placard,2001,Comédie,6.43,516.0,2.4779,84.0,0.0,0.0,,,11444,tt0243493,35
621,882,"Mercredi, folle journée !",2001,Drame | Comédie,5.521,24.0,0.7323,127.0,0.0,0.0,,,77280,tt0244071,18 | 35
622,884,Un crime au Paradis,2001,Comédie,6.599,161.0,0.9403,92.0,0.0,0.0,,,54544,tt0245530,35
623,886,Les Portes de la gloire,2001,Drame | Comédie,5.3,35.0,0.6557,89.0,0.0,0.0,,,64346,tt0246158,18 | 35
624,888,"Oui, mais...",2001,Romance | Comédie | Drame | Familial,6.3,29.0,1.1582,104.0,0.0,0.0,,,64362,tt0246278,10749 | 35 | 18 | 10751
625,889,Antilles sur Seine,2000,Comédie | Crime,5.083,12.0,0.6036,104.0,0.0,0.0,,,69124,tt0246431,35 | 80
626,899,Du poil sous les roses,2000,Comédie,6.278,18.0,0.4675,85.0,0.0,0.0,,,59002,tt0250343,35
627,900,Le Vélo de Ghislain Lambert,2001,Comédie,6.011,141.0,0.9431,119.0,0.0,0.0,,,40415,tt0252665,35
628,902,Liberté-Oléron,2001,Comédie,6.106,47.0,1.1426,107.0,0.0,0.0,,,70487,tt0254521,35
629,906,Ce vieux rêve qui bouge,2001,Comédie | Drame,6.111,18.0,0.2179,50.0,0.0,0.0,,,125844,tt0256666,35 | 18
630,910,La Tour Montparnasse Infernale,2001,Comédie | Action,6.354,909.0,1.4746,89.0,0.0,0.0,,,15449,tt0259060,35 | 28
631,912,Du soleil pour les gueux,2001,Comédie | Drame,6.031,16.0,0.1617,58.0,0.0,0.0,,,190386,tt0259289,35 | 18
632,913,Grégoire Moulin contre l'humanité,2001,Comédie | Romance,6.764,53.0,0.6877,90.0,0.0,0.0,,,45130,tt0259340,35 | 10749
633,915,Mischka,2002,Comédie | Drame,5.773,11.0,0.6924,117.0,0.0,0.0,,,82235,tt0260185,35 | 18
634,920,La Brèche de Roland,2000,Aventure | Comédie | Drame,6.25,12.0,0.2461,47.0,0.0,0.0,,,134188,tt0260767,12 | 35 | 18
635,926,Thomas est amoureux,2000,Drame | Comédie | Science-Fiction | Romance,6.625,32.0,0.2987,97.0,0.0,0.0,,,21596,tt0262826,18 | 35 | 878 | 10749
636,933,Barnie et ses petites contrariétés,2001,Comédie | Drame,5.483,30.0,0.9409,85.0,9360460.0,0.0,,,56625,tt0267044,35 | 18
637,937,Ma femme est une actrice,2001,Comédie | Romance,6.09,72.0,1.4249,90.0,0.0,0.0,,,14651,tt0269499,35 | 10749
638,938,Reines d'un jour,2001,Comédie | Drame,6.333,18.0,1.0057,94.0,0.0,0.0,,,67384,tt0269771,35 | 18
639,948,L'Art (délicat) de la séduction,2001,Romance | Comédie,5.06,25.0,0.7528,95.0,0.0,0.0,,,78635,tt0272454,10749 | 35
640,952,Tanguy,2001,Comédie,5.973,494.0,1.6673,104.0,0.0,24272365.0,,,2029,tt0274155,35
641,963,Wasabi,2001,Drame | Action | Comédie,6.655,1411.0,3.5525,95.0,15300000.0,10366360.0,,,2110,tt0281364,18 | 28 | 35
642,969,8 femmes,2002,Comédie | Thriller | Mystère,6.899,1060.0,1.9711,103.0,8000000.0,42400000.0,,,1958,tt0283832,35 | 53 | 9648
643,971,Le Boulet,2002,Comédie,5.845,400.0,1.6254,107.0,0.0,0.0,,,18457,tt0283957,35
644,972,Lundi matin,2002,Drame | Comédie | Romance,6.0,19.0,0.4083,126.0,0.0,0.0,,,49696,tt0284277,18 | 35 | 10749
645,976,J'ai faim !!!,2001,Comédie,5.038,26.0,0.7143,100.0,0.0,0.0,,,74191,tt0285631,35
646,979,Les Rois mages,2001,Comédie | Aventure | Fantastique,5.673,346.0,1.3256,97.0,0.0,0.0,,,18298,tt0286009,35 | 12 | 14
647,987,Embrassez qui vous voudrez,2002,Comédie | Drame | Romance,5.82,103.0,1.2545,103.0,0.0,8738101.0,,,8434,tt0290916,35 | 18 | 10749
648,990,Novo,2002,Drame | Comédie | Romance,5.465,43.0,1.0779,98.0,0.0,0.0,,,60015,tt0291392,18 | 35 | 10749
649,991,Monsieur Batignole,2002,Comédie | Drame,6.984,246.0,1.7658,100.0,0.0,0.0,,,2594,tt0291400,35 | 18
650,992,Une femme de ménage,2002,Comédie | Drame | Romance,5.643,77.0,0.9012,88.0,0.0,0.0,,,34840,tt0291538,35 | 18 | 10749
651,994,Décalage Horaire,2002,Comédie | Drame | Romance,5.487,140.0,1.3408,91.0,0.0,0.0,,,18300,tt0293116,35 | 18 | 10749
652,996,"Filles perdues, cheveux gras",2002,Comédie,5.227,22.0,0.6334,100.0,0.0,0.0,,,59508,tt0293155,35
653,997,Les Côtelettes,2003,Comédie | Drame,6.056,27.0,0.8267,86.0,0.0,0.0,,,68970,tt0293672,35 | 18
654,1007,Taxi 3,2003,Action | Comédie | Crime,5.762,1645.0,4.5189,90.0,14500000.0,64497208.0,,,2334,tt0295721,28 | 35 | 80
655,1012,Fais-moi des vacances,2002,Comédie | Drame,6.727,11.0,0.4168,86.0,0.0,0.0,,,249072,tt0296625,35 | 18
656,1013,Irène,2002,Romance | Comédie,5.75,30.0,1.164,98.0,0.0,0.0,,,63989,tt0296686,10749 | 35
657,1019,Bloody Mallory,2002,Fantastique | Horreur | Action | Comédie | Thriller | Science-Fiction,5.053,38.0,0.8512,94.0,0.0,0.0,,,24829,tt0299556,14 | 27 | 28 | 35 | 53 | 878
658,1031,Sex is Comedy,2002,Comédie | Drame,5.911,56.0,1.0563,92.0,0.0,0.0,,,53244,tt0304678,35 | 18
659,1040,Mon idole,2002,Crime | Drame | Thriller | Comédie,5.699,83.0,1.1113,110.0,0.0,0.0,,,31354,tt0309872,80 | 18 | 53 | 35
660,1041,Tais-toi !,2003,Comédie | Crime,6.691,900.0,3.2365,85.0,27440000.0,27729359.0,,,7229,tt0310203,35 | 80
661,1042,Bon voyage,2003,Drame | Comédie,6.286,96.0,1.2922,114.0,0.0,0.0,,,14652,tt0310778,18 | 35
662,1047,"Moi César, 10 ans ½, 1m39",2003,Comédie,5.559,204.0,0.8099,91.0,6844180.0,0.0,,,60025,tt0314390,35
663,1048,Ah ! Si j'étais riche,2002,Comédie,5.748,111.0,0.7335,105.0,0.0,0.0,,,18303,tt0315152,35
664,1049,Rire et Châtiment,2003,Drame | Comédie,5.495,92.0,0.7074,103.0,0.0,0.0,,,18295,tt0316494,18 | 35
665,1053,Stupeur et tremblements,2003,Comédie | Drame,6.447,133.0,0.9757,107.0,0.0,0.0,,,31076,tt0318725,35 | 18
666,1054,Un monde presque paisible,2002,Comédie | Drame | Romance,5.735,17.0,0.7362,93.0,0.0,0.0,,,61665,tt0318780,35 | 18 | 10749
667,1057,Bienvenue chez les Rozes,2003,Comédie,5.463,95.0,0.582,90.0,0.0,0.0,,,44710,tt0321440,35
668,1060,Ze film,2005,Comédie,5.318,11.0,0.9007,99.0,0.0,0.0,,,13749,tt0322999,35
669,1063,À la petite semaine,2003,Drame | Comédie,5.795,22.0,0.5087,100.0,0.0,0.0,,,67380,tt0327259,18 | 35
670,1065,Bienvenue au gîte,2003,Comédie,5.926,27.0,0.7144,105.0,0.0,0.0,,,62341,tt0328890,35
671,1066,Chouchou,2003,Comédie,5.27,469.0,1.0084,105.0,0.0,0.0,,,17684,tt0328955,35
672,1067,Demain on déménage,2004,Comédie,5.891,23.0,0.9121,110.0,0.0,0.0,,,78789,tt0328990,35
673,1072,Filles uniques,2003,Comédie,6.265,17.0,1.2714,85.0,0.0,0.0,,,51860,tt0336432,35
674,1074,Mais qui a tué Pamela Rose ?,2003,Comédie,6.069,349.0,0.9986,92.0,0.0,0.0,,,20106,tt0338828,35
675,1077,Laisse tes mains sur mes hanches,2003,Comédie | Romance,5.757,35.0,0.5648,111.0,0.0,0.0,,,49400,tt0339279,35 | 10749
676,1079,7 Ans de mariage,2003,Comédie,5.299,102.0,0.9291,97.0,0.0,0.0,,,19565,tt0339525,35
677,1080,Pas de repos pour les braves,2003,Drame | Comédie | Romance,5.588,17.0,0.3645,104.0,0.0,0.0,,,104505,tt0339553,18 | 35 | 10749
678,1081,Mariées mais pas trop,2003,Comédie,5.455,11.0,0.7047,105.0,0.0,0.0,,,72345,tt0339572,35
679,1082,Janis et John,2003,Comédie,6.059,34.0,0.7116,105.0,0.0,0.0,,,49399,tt0340181,35
680,1084,Ce jour-là,2003,Mystère | Drame | Comédie | Crime,5.906,16.0,1.2014,105.0,0.0,0.0,,,48778,tt0343524,9648 | 18 | 35 | 80
681,1085,Rois et Reine,2004,Comédie | Drame | Romance,6.937,87.0,1.7653,150.0,0.0,3839556.0,,,44524,tt0344273,35 | 18 | 10749
682,1086,Après vous…,2003,Comédie | Romance,6.052,97.0,0.8966,110.0,0.0,0.0,,,16932,tt0344604,35 | 10749
683,1092,Nos enfants chéris,2003,Drame | Comédie,5.5,17.0,0.5808,86.0,0.0,0.0,,,38200,tt0347678,18 | 35
684,1093,Le Coût de la vie,2003,Comédie,5.8,30.0,0.9252,108.0,0.0,0.0,,,54157,tt0348572,35
685,1094,Je reste !,2003,Comédie | Romance,5.118,55.0,0.9534,104.0,0.0,0.0,,,72363,tt0348841,35 | 10749
686,1095,Le Rôle de sa vie,2004,Comédie,6.047,32.0,0.7915,102.0,0.0,0.0,,,59054,tt0348867,35
687,1096,Le Cœur des hommes,2003,Comédie | Romance,6.413,207.0,0.787,107.0,0.0,0.0,,,19099,tt0349225,35 | 10749
688,1099,Ripoux 3,2003,Comédie,5.331,86.0,1.2163,105.0,0.0,0.0,,,22623,tt0351795,35
689,1101,Le Bison (et sa voisine Dorine),2003,Comédie,5.432,22.0,0.475,94.0,0.0,0.0,,,47433,tt0353243,35
690,1102,Podium,2004,Comédie | Musique,5.931,462.0,1.2559,95.0,0.0,0.0,,,14648,tt0354836,35 | 10402
691,1103,Père et fils,2003,Comédie,6.946,28.0,0.6557,95.0,0.0,0.0,,,51870,tt0354855,35
692,1107,Le Mystère de la chambre jaune,2003,Comédie | Crime | Mystère,6.597,103.0,1.2961,118.0,0.0,0.0,,,37351,tt0356922,35 | 80 | 9648
693,1108,Pas sur la bouche,2003,Comédie | Romance,5.686,35.0,0.6242,115.0,0.0,0.0,,,51945,tt0356999,35 | 10749
694,1109,RRRrrrr!!!,2004,Comédie,6.298,1247.0,4.1134,98.0,17820000.0,14054361.0,,,21778,tt0357111,35
695,1111,Atomik Circus - Le Retour de James Bataille,2004,Aventure | Comédie | Horreur,5.564,85.0,0.9196,92.0,0.0,0.0,,,25714,tt0362084,12 | 35 | 27
696,1122,Astérix et les Vikings,2006,Familial | Animation | Comédie | Aventure,6.098,751.0,1.5751,75.0,0.0,22501596.0,,,9642,tt0371552,10751 | 16 | 35 | 12
697,1123,Qui perd gagne !,2004,Mystère | Comédie,5.389,27.0,0.7312,92.0,0.0,0.0,,,60106,tt0371907,9648 | 35
698,1124,Comme une image,2004,Comédie | Drame,6.343,102.0,1.0156,110.0,0.0,0.0,,,11399,tt0374583,35 | 18
699,1126,"L'Incruste, fallait pas le laisser entrer !",2004,Comédie,5.1,15.0,0.5555,90.0,0.0,0.0,,,57307,tt0374764,35
700,1127,Mariage mixte,2004,Comédie,5.125,20.0,0.6872,104.0,0.0,0.0,,,65959,tt0374862,35
701,1132,Tout le plaisir est pour moi,2004,Comédie | Romance | Drame,5.036,14.0,0.7629,79.0,0.0,0.0,,,48426,tt0378898,35 | 10749 | 18
702,1135,L'Enquête corse,2004,Comédie,5.929,400.0,1.3529,92.0,0.0,0.0,,,39386,tt0380349,35
703,1137,Casablanca Driver,2004,Comédie,5.931,29.0,0.8901,82.0,0.0,0.0,,,48394,tt0381077,35
704,1139,Ils se marièrent et eurent beaucoup d'enfants,2004,Drame | Comédie | Romance,5.846,117.0,1.2468,100.0,10900000.0,7725902.0,,,14653,tt0381270,18 | 35 | 10749
705,1140,Narco,2004,Comédie,5.702,167.0,1.2934,105.0,823258.0,823258.0,,,20200,tt0381442,35
706,1144,Mensonges et trahisons et plus si affinités…,2004,Comédie | Romance,6.136,59.0,0.8751,90.0,0.0,0.0,,,10271,tt0383025,35 | 10749
707,1146,Les Clefs de bagnole,2003,Comédie,5.182,85.0,1.3478,90.0,3500000.0,1033000.0,,,16930,tt0383995,35
708,1149,Le Parfum de la dame en noir,2005,Comédie,6.03,33.0,1.3259,115.0,0.0,0.0,,,60104,tt0385933,35
709,1150,Les 11 commandements,2004,Comédie,5.255,458.0,0.6725,85.0,0.0,0.0,,,17825,tt0386695,35
710,1151,Bienvenue en Suisse,2004,Comédie,5.015,34.0,0.5892,104.0,0.0,0.0,,,56785,tt0386858,35
711,1152,Mariages!,2004,Comédie | Drame,5.213,89.0,1.1237,101.0,0.0,0.0,,,52538,tt0388242,35 | 18
712,1153,La Première Fois que j'ai eu 20 ans,2004,Comédie,5.808,13.0,0.5865,98.0,0.0,0.0,,,40851,tt0388351,35
713,1156,Nos amis les flics,2004,Comédie | Action | Crime,5.015,33.0,1.1126,90.0,0.0,0.0,,,40569,tt0389225,35 | 28 | 80
714,1165,"Travaux, on sait quand ça commence...",2005,Comédie,5.514,37.0,0.7389,95.0,0.0,0.0,,,57714,tt0397692,35
715,1166,Je préfère qu'on reste amis…,2005,Comédie,5.49,101.0,0.7271,100.0,0.0,0.0,,,40192,tt0399222,35
716,1167,Avril,2006,Comédie | Drame,6.038,26.0,0.5577,96.0,2000000.0,0.0,,,22161,tt0399497,35 | 18
717,1168,Alive,2004,Drame | Comédie,5.63,27.0,0.8363,85.0,0.0,0.0,,,61076,tt0400150,18 | 35
718,1174,Le Carton,2004,Comédie,5.708,53.0,0.6825,88.0,0.0,0.0,,,33704,tt0402093,35
719,1178,Aaltra,2004,Comédie | Drame,6.187,67.0,0.7788,93.0,0.0,0.0,,,12249,tt0405629,35 | 18
720,1181,J'me sens pas belle,2004,Romance | Comédie,5.283,30.0,0.2701,85.0,0.0,0.0,,,56008,tt0408927,10749 | 35
721,1182,Les Poupées russes,2005,Comédie | Drame | Romance,6.647,728.0,2.0127,125.0,13000000.0,23727301.0,,,1826,tt0409184,35 | 18 | 10749
722,1184,Quand la mer monte,2004,Drame | Comédie | Romance,6.159,22.0,0.7069,90.0,0.0,0.0,,,64758,tt0410549,18 | 35 | 10749
723,1185,Les Sœurs fâchées,2004,Drame | Comédie,5.638,76.0,1.2065,88.0,4277280.0,10467048.0,,,1935,tt0410639,18 | 35
724,1186,Tout pour plaire,2005,Comédie,5.485,34.0,0.6543,105.0,0.0,0.0,,,13746,tt0412298,35
725,1187,L'Antidote,2005,Comédie,5.147,119.0,1.008,107.0,0.0,0.0,,,49838,tt0412422,35
726,1188,Brice de Nice,2005,Comédie,5.521,1274.0,1.5683,98.0,4289601.0,33026616.0,,,17350,tt0412535,35
727,1197,Garçon stupide,2004,Comédie | Drame,5.577,26.0,0.346,94.0,0.0,0.0,,,12453,tt0419766,35 | 18
728,1198,Combien tu m'aimes ?,2005,Comédie | Drame,5.867,214.0,6.3083,95.0,0.0,0.0,,,5070,tt0420555,35 | 18
729,1199,Le Couperet,2005,Comédie | Crime | Drame | Thriller,6.913,223.0,1.4478,122.0,5400000.0,4900000.0,,,34186,tt0422015,35 | 80 | 18 | 53
730,1200,"L'un reste, l'autre part",2005,Comédie | Drame,5.197,33.0,0.7876,109.0,0.0,0.0,,,59565,tt0423442,35 | 18
731,1205,Palais royal !,2005,Comédie,5.525,283.0,1.1419,100.0,0.0,0.0,,,32390,tt0424338,35
732,1207,La cloche a sonné,2005,Comédie,5.227,11.0,0.6252,95.0,0.0,0.0,,,77731,tt0426266,35
733,1209,Camping à la ferme,2005,Comédie,5.689,45.0,0.7247,93.0,0.0,0.0,,,39190,tt0428293,35
734,1211,Crustacés et coquillages,2005,Comédie,5.962,39.0,0.813,93.0,0.0,0.0,,,349,tt0428430,35
735,1213,Il était une fois dans l'Oued,2005,Comédie,5.534,74.0,1.0126,93.0,0.0,0.0,,,62723,tt0428663,35
736,1214,Papa,2005,Comédie | Drame,6.083,36.0,0.7247,80.0,0.0,0.0,,,59163,tt0428940,35 | 18
737,1215,Les Parrains,2005,Comédie | Crime,5.136,33.0,0.8777,99.0,0.0,0.0,,,14200,tt0428948,35 | 80
738,1217,Saint-Jacques… La Mecque,2005,Comédie | Drame,6.264,127.0,1.2256,110.0,11500000.0,9400000.0,,,5171,tt0429052,35 | 18
739,1218,Toute la beauté du monde,2006,Comédie | Drame,6.147,17.0,0.6693,103.0,0.0,0.0,,,43622,tt0429187,35 | 18
740,1219,Un Fil à la patte,2005,Romance | Comédie,5.208,24.0,0.6246,79.0,0.0,0.0,,,77154,tt0429200,10749 | 35
741,1220,Un petit jeu sans conséquence,2004,Comédie,5.847,49.0,0.5876,88.0,0.0,0.0,,,40187,tt0429203,35
742,1226,Il ne faut jurer de rien !,2005,Comédie,5.318,33.0,0.5528,101.0,0.0,0.0,,,40004,tt0431827,35
743,1227,Le Plus Beau Jour de ma vie,2005,Comédie,5.321,14.0,0.6126,104.0,0.0,0.0,,,49715,tt0433020,35
744,1230,Gentille,2005,Comédie,5.8,15.0,0.8364,102.0,0.0,0.0,,,78688,tt0434969,35
745,1239,Enfermés dehors,2006,Comédie,6.169,166.0,0.7933,88.0,6515167.0,3666789.0,,,13728,tt0442207,35
746,1241,Fauteuils d'orchestre,2006,Comédie | Drame | Romance,6.132,121.0,1.1464,106.0,0.0,0.0,,,10051,tt0444112,35 | 18 | 10749
747,1242,Un ticket pour l'espace,2006,Comédie | Science-Fiction,5.169,151.0,1.1085,90.0,0.0,2.0,,,13748,tt0444519,35 | 878
748,1243,Mon petit doigt m'a dit…,2005,Comédie | Mystère,6.189,83.0,1.1258,105.0,0.0,0.0,,,31329,tt0445570,35 | 9648
749,1245,Quatre étoiles,2006,Comédie,5.528,106.0,0.8767,100.0,0.0,0.0,,,13739,tt0448245,35
750,1249,Je vous trouve très beau,2005,Comédie | Drame,6.403,185.0,2.3824,97.0,0.0,25001149.0,,,10268,tt0450664,35 | 18
751,1251,Sheitan,2006,Comédie | Horreur | Thriller,5.749,379.0,1.4052,88.0,0.0,0.0,,,13742,tt0450843,35 | 27 | 53
752,1256,Dikkenek,2006,Comédie,6.68,722.0,1.5824,84.0,0.0,0.0,,,8736,tt0456123,35
753,1257,Les Irréductibles,2006,Comédie | Drame,5.656,16.0,0.9067,87.0,0.0,0.0,,,49887,tt0459412,35 | 18
754,1259,Toi et Moi,2006,Comédie | Romance | Drame,5.217,23.0,0.838,90.0,0.0,0.0,,,44886,tt0460342,35 | 10749 | 18
755,1260,La Maison du bonheur,2006,Comédie,5.684,266.0,1.289,100.0,10000000.0,0.0,,,36727,tt0460858,35
756,1262,La Personne aux deux personnes,2008,Comédie | Science-Fiction,5.413,69.0,0.533,87.0,5105644.0,2180120.0,,,14408,tt0463352,35 | 878
757,1263,Astérix aux Jeux olympiques,2008,Fantastique | Aventure | Comédie | Familial,5.231,2093.0,3.3749,113.0,97250400.0,131856927.0,,,2395,tt0463872,14 | 12 | 35 | 10751
758,1268,Du jour au lendemain,2006,Comédie,5.073,89.0,0.8962,93.0,0.0,0.0,,,13044,tt0465177,35
759,1269,J'invente rien,2006,Comédie,5.114,22.0,0.6404,87.0,0.0,0.0,,,21773,tt0465207,35
760,1270,Comme t'y es belle !,2006,Comédie,5.991,167.0,0.9798,85.0,0.0,0.0,,,18607,tt0469055,35
761,1275,Essaye-moi,2006,Comédie | Romance,6.059,59.0,0.9188,90.0,0.0,0.0,,,55424,tt0473910,35 | 10749
762,1276,Et + si @ff,2006,Comédie,6.113,31.0,0.4038,86.0,0.0,0.0,,,254205,tt0473911,35
763,1277,L'École pour tous,2006,Comédie,5.143,35.0,0.7543,97.0,0.0,0.0,,,58309,tt0474476,35
764,1281,Jean-Philippe,2006,Comédie | Musique,5.714,323.0,0.777,90.0,0.0,0.0,,,13713,tt0477988,35 | 10402
765,1282,Avida,2006,Comédie,5.793,29.0,0.7952,77.0,0.0,0.0,,,61077,tt0478558,35
766,1284,Prête-moi ta main,2006,Comédie | Romance,6.424,343.0,1.163,90.0,0.0,0.0,,,19955,tt0478724,35 | 10749
767,1285,Hors de prix,2006,Drame | Comédie | Romance,6.39,774.0,1.9497,106.0,10000000.0,28041861.0,,,6691,tt0482088,18 | 35 | 10749
768,1289,Cherche fiancé tous frais payés,2007,Comédie,5.635,23.0,0.7358,88.0,0.0,0.0,,,19619,tt0486497,35
769,1290,Odette Toulemonde,2007,Comédie | Drame,5.676,142.0,0.9791,100.0,0.0,0.0,,,4171,tt0486636,35 | 18
770,1291,Cowboy,2007,Comédie,5.813,16.0,0.7987,96.0,0.0,0.0,,,30132,tt0487203,35
771,1294,"Très bien, merci",2007,Comédie | Drame,5.904,26.0,0.5407,102.0,0.0,0.0,,,76272,tt0487505,35 | 18
772,1295,Je crois que je l'aime,2007,Drame | Comédie | Romance,6.323,31.0,0.9371,90.0,5621000.0,6699197.0,,,2065,tt0488565,18 | 35 | 10749
773,1296,Le Grand Appartement,2006,Comédie | Romance,5.15,30.0,0.7023,103.0,0.0,0.0,,,59954,tt0490954,35 | 10749
774,1297,Poltergay,2006,Comédie | Horreur,5.259,85.0,0.9148,93.0,0.0,0.0,,,27614,tt0492330,35 | 27
775,1298,Jardins en automne,2006,Comédie,5.958,12.0,0.589,121.0,0.0,0.0,,,63717,tt0494239,35
776,1302,Nonfilm,2002,Comédie,5.818,66.0,0.226,48.0,0.0,0.0,,,79956,tt0497950,35
777,1303,Madame Irma,2006,Comédie,5.569,138.0,0.8958,90.0,0.0,0.0,,,43617,tt0498116,35
778,1304,Mauvaise foi,2006,Comédie,5.972,71.0,1.1187,88.0,0.0,0.0,,,64383,tt0498118,35
779,1307,Changement d'adresse,2006,Comédie | Romance,6.1,49.0,0.3075,85.0,0.0,0.0,,,51851,tt0759509,35 | 10749
780,1310,Désaccord Parfait,2006,Comédie,5.9,14.0,1.3068,91.0,0.0,0.0,,,5881,tt0774756,35
781,1312,Mon meilleur ami,2006,Comédie,6.098,246.0,1.61,91.0,0.0,0.0,,,4516,tt0778784,35
782,1318,L'Invité,2007,Comédie,5.5,115.0,0.8413,82.0,0.0,0.0,,,42802,tt0792975,35
783,1320,Tous à l'ouest : Une aventure de Lucky Luke,2007,Aventure | Animation | Comédie | Western,6.2,104.0,0.555,90.0,0.0,0.0,,,34655,tt0792992,12 | 16 | 35 | 37
784,1321,Molière,2007,Romance | Drame | Comédie,6.406,202.0,1.3768,115.0,0.0,0.0,,,21494,tt0796335,10749 | 18 | 35
785,1325,Taxi 4,2007,Action | Comédie | Crime,5.607,1334.0,3.284,90.0,17500000.0,65114802.0,,,2335,tt0804540,28 | 35 | 80
786,1326,Les Deux Mondes,2007,Comédie | Fantastique,5.087,127.0,1.0688,105.0,0.0,0.0,,,14791,tt0808230,35 | 14
787,1330,Je pense à vous,2006,Comédie,5.2,13.0,0.1858,82.0,0.0,0.0,,,64838,tt0814691,35
788,1331,Le Prix à payer,2007,Comédie,5.4,134.0,0.6348,95.0,0.0,0.0,,,13045,tt0814768,35
789,1336,Dialogue avec mon jardinier,2007,Comédie | Drame,6.5,135.0,0.8532,109.0,0.0,0.0,,,4519,tt0825244,35 | 18
790,1338,"Mes amis, mes amours",2008,Comédie | Drame | Romance,5.2,56.0,0.3929,99.0,0.0,0.0,,,14659,tt0827192,35 | 18 | 10749
791,1342,Je déteste les enfants des autres,2007,Comédie,5.1,27.0,0.4669,90.0,4000000.0,0.0,,,63991,tt0852970,35
792,1344,3 Amis,2007,Comédie,5.1,34.0,0.537,93.0,0.0,0.0,,,24278,tt0864684,35
793,1345,Faut que ça danse !,2007,Comédie,5.3,18.0,0.5562,100.0,0.0,0.0,,,15833,tt0864691,35
794,1346,Demandez la permission aux enfants !,2007,Comédie,6.1,47.0,0.3835,96.0,0.0,0.0,,,15200,tt0864751,35
795,1351,Passe passe,2008,Comédie,5.4,16.0,1.0623,93.0,0.0,0.0,,,58943,tt0871511,35
796,1352,99 Francs,2007,Drame | Comédie,6.657,795.0,2.0314,99.0,13442285.0,12500000.0,,,8827,tt0875113,18 | 35
797,1355,Le Cœur des hommes 2,2007,Comédie | Romance,6.043,127.0,0.8231,115.0,0.0,0.0,,,13734,tt0887887,35 | 10749
798,1356,Détrompez-vous,2007,Comédie,5.2,46.0,0.4264,88.0,0.0,0.0,,,49387,tt0887901,35
799,1359,Steak,2007,Comédie | Science-Fiction,5.486,281.0,1.1351,82.0,0.0,0.0,,,49084,tt0889665,35 | 878
800,1362,Ma vie n'est pas une comédie romantique,2007,Comédie,5.6,20.0,0.7834,92.0,0.0,0.0,,,49389,tt0910911,35
801,1363,Un baiser s’il vous plaît,2007,Comédie | Romance | Drame,6.2,91.0,1.0356,96.0,0.0,0.0,,,10541,tt0920473,35 | 10749 | 18
802,1365,Un monstre à Paris,2011,Aventure | Animation | Comédie | Familial | Fantastique,6.9,1351.0,2.605,82.0,25000000.0,26611650.0,,,77459,tt0961097,12 | 16 | 35 | 10751 | 14
803,1366,Chacun son cinéma,2007,Comédie | Drame,6.5,153.0,1.7882,100.0,0.0,0.0,,,36108,tt0973844,35 | 18
804,1373,Un conte de Noël,2008,Comédie | Drame,6.8,171.0,1.0739,143.0,0.0,7356393.0,,,8892,tt0993789,35 | 18
805,1375,Mon cousin,2020,Comédie,5.463,107.0,1.1121,104.0,10854516.0,2982559.0,,,601297,tt10023150,35
806,1376,Ca$h,2008,Comédie | Thriller | Crime,5.7,285.0,1.4845,100.0,0.0,0.0,,,13652,tt1002966,35 | 53 | 80
807,1380,Chambre 212,2019,Comédie | Drame,6.217,256.0,2.4524,87.0,0.0,2970770.0,,,595867,tt10115562,35 | 18
808,1382,Premier de la classe,2019,Comédie,5.91,89.0,0.5553,82.0,0.0,0.0,,,605015,tt10143114,35
809,1383,Tout nous sourit,2021,Comédie,5.8,60.0,0.6173,98.0,0.0,0.0,,,676623,tt10143308,35
810,1384,Mon Chien Stupide,2019,Comédie,6.018,191.0,1.2997,106.0,0.0,4040319.0,,,536506,tt10143498,35
811,1385,Un coup de maître,2023,Comédie | Drame,6.0,47.0,0.6071,95.0,0.0,0.0,,,979149,tt10152488,35 | 18
812,1386,Yves,2019,Comédie,5.2,104.0,0.8144,107.0,0.0,0.0,,,570258,tt10183616,35
813,1390,Perdrix,2019,Comédie | Romance,6.0,126.0,1.2107,99.0,0.0,0.0,,,592798,tt10228204,35 | 10749
814,1394,10 jours sans maman,2020,Familial | Comédie,5.959,318.0,0.9111,97.0,0.0,9305412.0,,,605735,tt10251538,10751 | 35
815,1397,Le bonheur des uns...,2020,Comédie,5.8,161.0,0.882,100.0,0.0,0.0,,,598049,tt10334410,35
816,1398,Comment je suis devenu super-héros,2020,Science-Fiction | Aventure | Action | Comédie | Thriller,6.107,552.0,2.0911,101.0,18000000.0,0.0,,,641501,tt10345590,878 | 12 | 28 | 35 | 53
817,1400,Le Bal des actrices,2009,Comédie | Drame,5.9,109.0,0.92,105.0,0.0,0.0,,,14720,tt1035729,35 | 18
818,1401,Terrible jungle,2020,Comédie | Aventure,5.137,190.0,0.819,91.0,0.0,0.0,,,720272,tt10366254,35 | 12
819,1402,Le Sens de la famille,2021,Comédie | Fantastique,5.94,174.0,1.3108,100.0,0.0,4849622.0,,,606236,tt10366428,35 | 14
820,1403,L'Aventure des Marguerite,2020,Comédie,6.2,64.0,0.5743,89.0,0.0,1822472.0,,,671041,tt10369344,35
821,1405,Mandibules,2021,Comédie | Fantastique,6.31,607.0,1.4053,77.0,4900000.0,2044087.0,,,638965,tt10375106,35 | 14
822,1406,C'est magnifique !,2022,Comédie | Drame,5.6,65.0,0.3815,97.0,0.0,0.0,,,783570,tt10375632,35 | 18
823,1408,Attention au départ !,2021,Comédie,5.199,98.0,0.7912,93.0,0.0,0.0,,,787868,tt10392128,35
824,1409,Qu'est-ce qu'on a tous fait au Bon Dieu ?,2021,Romance | Comédie,6.28,421.0,2.0467,98.0,22000000.0,27832384.0,,,714869,tt10405142,10749 | 35
825,1410,Deux moi,2019,Drame | Romance | Comédie,6.4,711.0,1.4276,100.0,0.0,0.0,,,583268,tt10407272,18 | 10749 | 35
826,1413,Tout simplement noir,2020,Comédie,5.888,451.0,0.8911,90.0,0.0,0.0,,,679989,tt10426916,35
827,1414,La Bonne Épouse,2020,Comédie,5.7,247.0,1.2791,109.0,0.0,0.0,,,575291,tt10441958,35
828,1416,La Source,2019,Comédie | Drame,6.0,32.0,1.2494,105.0,0.0,0.0,,,608954,tt10492618,35 | 18
829,1417,Champagne !,2022,Comédie,5.201,102.0,1.2129,100.0,0.0,0.0,,,928204,tt10515720,35
830,1419,J'irai où tu iras,2019,Comédie | Drame,5.627,201.0,0.5206,100.0,0.0,0.0,,,589985,tt10533078,35 | 18
831,1424,L'Origine du monde,2020,Comédie | Drame,5.738,214.0,0.8,98.0,0.0,0.0,,,615684,tt10551904,35 | 18
832,1433,Parents d'élèves,2020,Comédie,6.3,177.0,0.468,89.0,0.0,2033629.0,,,738231,tt10638582,35
833,1435,Bienvenue chez les Ch'tis,2008,Comédie | Drame | Romance,6.702,2566.0,3.0908,107.0,11000000.0,245144417.0,,,8265,tt1064932,35 | 18 | 10749
834,1439,Parlez-moi de la pluie,2008,Comédie | Drame,5.5,70.0,0.8167,110.0,0.0,10134366.0,,,15436,tt1065332,35 | 18
835,1440,Ducobu 3,2020,Comédie | Familial,5.362,145.0,1.2116,90.0,0.0,0.0,,,605733,tt10658928,35 | 10751
836,1442,Affaire de famille,2008,Comédie,5.5,13.0,0.3024,90.0,0.0,0.0,,,15619,tt1068676,35
837,1445,La Grande Classe,2019,Comédie,5.374,247.0,0.5317,83.0,0.0,0.0,,,624060,tt10715194,35
838,1448,Délicieux,2021,Histoire | Comédie | Drame,6.9,289.0,1.7719,110.0,5000000.0,8356097.0,,,745611,tt10738536,36 | 35 | 18
839,1449,Papi Sitter,2020,Comédie,5.924,118.0,0.967,90.0,0.0,0.0,,,613367,tt10746876,35
840,1452,Seuls Two,2008,Comédie,5.125,334.0,1.0611,94.0,0.0,0.0,,,13741,tt1077097,35
841,1457,Les Grandes Personnes,2008,Comédie,5.6,26.0,0.5498,80.0,0.0,0.0,,,16994,tt1087851,35
842,1459,Nos 18 ans,2008,Comédie,5.8,177.0,0.8301,93.0,0.0,0.0,,,12170,tt1092020,35
843,1460,Comme les autres,2008,Comédie | Drame | Romance,5.5,55.0,0.7913,90.0,0.0,0.0,,,15435,tt1093352,35 | 18 | 10749
844,1461,Petite fleur,2022,Comédie,5.286,42.0,0.5747,98.0,0.0,163473.0,,,660327,tt10940736,35
845,1462,Hommes au bord de la crise de nerfs,2022,Comédie,5.22,82.0,0.9448,97.0,0.0,0.0,,,783556,tt10945232,35
846,1464,Jusqu'à toi,2009,Comédie | Romance | Familial,5.4,49.0,1.1103,80.0,0.0,0.0,,,32338,tt1094668,35 | 10749 | 10751
847,1465,Belle Fille,2020,Comédie,5.6,92.0,1.0373,96.0,4327440.0,2513010.0,,,647745,tt10965792,35
848,1466,Cette musique ne joue pour personne,2021,Comédie,5.949,68.0,1.7221,107.0,0.0,0.0,,,785210,tt10965976,35
849,1469,Playlist,2021,Comédie,5.6,58.0,0.6656,88.0,0.0,0.0,,,655369,tt11002900,35
850,1470,La Pièce rapportée,2021,Comédie,5.3,61.0,0.4561,86.0,0.0,0.0,,,660955,tt11006570,35
851,1471,Antoinette dans les Cévennes,2020,Comédie | Aventure | Romance,6.407,386.0,1.2036,95.0,0.0,0.0,,,669664,tt11013434,35 | 12 | 10749
852,1472,Docteur ?,2019,Comédie,6.542,332.0,1.5606,88.0,6837995.0,6294941.0,,,613349,tt11013572,35
853,1474,À l'abordage !,2021,Comédie,6.871,97.0,0.8597,95.0,0.0,0.0,,,665753,tt11068166,35
854,1475,Garçon chiffon,2020,Drame | Comédie,5.3,72.0,0.8472,108.0,0.0,0.0,,,661229,tt11093134,18 | 35
855,1479,La Fine Fleur,2021,Comédie,6.566,99.0,1.6562,94.0,0.0,0.0,,,716920,tt11190652,35
856,1480,30 Jours Max,2020,Comédie | Action,5.53,404.0,2.3367,88.0,13000000.0,11020901.0,,,613377,tt11206302,35 | 28
857,1484,SOL,2020,Comédie,5.5,36.0,0.6448,98.0,0.0,0.0,,,613339,tt11281142,35
858,1485,JCVD,2008,Drame | Action | Comédie | Crime,6.642,558.0,1.85,96.0,6000000.0,2342211.0,,,13672,tt1130988,18 | 28 | 35 | 80
859,1487,Louise-Michel,2008,Comédie,6.1,97.0,0.7821,90.0,0.0,0.0,,,21145,tt1132594,35
860,1488,Vilaine,2008,Comédie,5.7,276.0,0.8639,93.0,0.0,0.0,,,17630,tt1132608,35
861,1490,Bouquet final,2008,Comédie,5.5,52.0,0.8181,96.0,0.0,0.0,,,15465,tt1134801,35
862,1492,La Fille de Monaco,2008,Comédie | Drame,5.1,109.0,1.0867,95.0,0.0,0.0,,,15342,tt1139800,35 | 18
863,1493,Micmacs à tire-larigot,2009,Action | Comédie | Crime,6.634,657.0,1.3275,104.0,33000000.0,14000000.0,,,27936,tt1149361,28 | 35 | 80
864,1494,J'irai mourir dans les Carpates,2020,Comédie | Thriller,6.4,70.0,0.6346,96.0,300000.0,0.0,,,719747,tt11508096,35 | 53
865,1495,Bigbug,2022,Science-Fiction | Comédie,5.278,469.0,4.6439,111.0,14000000.0,0.0,,,665828,tt11541872,878 | 35
866,1496,Zaï Zaï Zaï Zaï,2022,Comédie,5.682,132.0,0.8681,83.0,0.0,0.0,,,774600,tt11557872,35
867,1497,La Très Très Grande Entreprise,2008,Comédie,5.7,15.0,0.9503,102.0,0.0,0.0,,,17607,tt1156170,35
868,1499,Bancs publics (Versailles rive droite),2009,Comédie | Drame | Romance,5.5,62.0,0.9983,110.0,0.0,0.0,,,44866,tt1156505,35 | 18 | 10749
869,1500,Envole-moi,2021,Comédie | Drame,6.7,89.0,0.9163,93.0,0.0,0.0,,,783558,tt11568322,35 | 18
870,1509,"Coluche, l'histoire d'un mec",2008,Comédie | Drame,5.799,72.0,0.8827,98.0,0.0,0.0,,,14419,tt1174034,35 | 18
871,1510,Les Parfums,2020,Comédie | Drame,6.442,147.0,0.6636,100.0,0.0,0.0,,,658905,tt11748354,35 | 18
872,1514,Les Bureaux de Dieu,2008,Comédie | Drame,6.7,17.0,0.9689,120.0,0.0,0.0,,,8901,tt1182257,35 | 18
873,1516,Jeff Panacloc perd le contrôle !,2016,Comédie | Familial,7.9,41.0,0.1354,113.0,0.0,0.0,,,366594,tt11924388,35 | 10751
874,1517,Le Code a changé,2009,Comédie | Romance,5.386,176.0,1.486,100.0,12000000.0,15016366.0,,,14688,tt1193088,35 | 10749
875,1518,Le Vilain,2009,Comédie,6.374,143.0,1.073,86.0,8616269.0,6593565.0,,,35436,tt1194242,35
876,1519,Envoyés très spéciaux,2009,Comédie,5.111,104.0,0.7572,93.0,0.0,0.0,,,20626,tt1194610,35
877,1520,LOL (Laughing Out Loud),2009,Comédie,6.5,1341.0,1.5234,107.0,10900000.0,31451622.0,,,21861,tt1194616,35
878,1521,Sous le ciel d'Alice,2021,Comédie | Drame,6.7,42.0,1.0668,90.0,0.0,0.0,,,712345,tt11952238,35 | 18
879,1523,Le crime est notre affaire,2008,Comédie | Crime | Mystère,5.897,97.0,1.2445,111.0,12000000.0,0.0,,,15437,tt1206478,35 | 80 | 9648
880,1524,Rumba la vie,2022,Comédie,6.184,117.0,1.0458,103.0,0.0,0.0,,,665388,tt12071756,35
881,1525,Les 2 Alfred,2021,Comédie,6.467,135.0,0.8791,92.0,0.0,3158212.0,,,665387,tt12078024,35
882,1529,Pourquoi j'ai pas mangé mon père,2015,Aventure | Comédie | Animation,5.251,364.0,0.9732,95.0,37580800.0,16294916.0,,,280391,tt1220911,12 | 35 | 16
883,1537,Tralala,2021,Comédie | Musique,5.6,41.0,0.7202,120.0,0.0,0.0,,,657195,tt12591668,35 | 10402
884,1542,Visage,2009,Comédie | Drame | Musique,5.4,25.0,1.3921,141.0,3875000.0,0.0,,,53520,tt1262420,35 | 18 | 10402
885,1543,T'as pécho ?,2020,Comédie,5.1,83.0,0.9028,98.0,0.0,0.0,,,711321,tt12633744,35
886,1544,La Belle Personne,2008,Drame | Comédie,6.465,231.0,1.4056,90.0,0.0,0.0,,,38846,tt1263778,18 | 35
887,1545,Le Petit Nicolas,2009,Comédie | Familial,6.066,1163.0,1.8154,90.0,22700000.0,62794894.0,,,31203,tt1264904,35 | 10751
888,1551,Menteur,2022,Comédie,5.105,234.0,1.4799,95.0,0.0,0.0,,,829165,tt12754776,35
889,1552,Noël Joyeux,2023,Comédie,5.4,61.0,0.812,87.0,0.0,0.0,,,894958,tt12754820,35
890,1553,De l'autre côté du lit,2009,Comédie,5.403,309.0,1.155,93.0,0.0,0.0,,,15709,tt1275590,35
891,1556,Le Dernier Mercenaire,2021,Action | Comédie,6.355,662.0,2.2279,110.0,0.0,104750555.0,,,729720,tt12808182,28 | 35
892,1558,C'est quoi ce papy ?!,2021,Comédie | Familial,5.6,53.0,0.6907,102.0,0.0,0.0,,,734480,tt12847022,35 | 10751
893,1559,Les Tuche 4,2021,Comédie,5.103,278.0,1.3045,90.0,0.0,19259766.0,,,613335,tt12847352,35
894,1560,Maison de retraite,2022,Comédie,5.931,326.0,1.9685,97.0,0.0,0.0,,,736500,tt12847680,35
895,1562,Barbaque,2021,Comédie | Horreur,6.432,526.0,1.6769,88.0,0.0,0.0,,,730769,tt12887770,35 | 27
896,1567,Pourris gâtés,2021,Comédie,6.047,604.0,2.6804,95.0,0.0,0.0,,,671043,tt13079150,35
897,1568,Le Missionnaire,2009,Comédie,5.8,164.0,1.1764,91.0,0.0,2808769.0,,,17417,tt1308736,35
898,1569,Mariage chez les Bodin's,2008,Comédie,5.815,26.0,0.2875,82.0,0.0,0.0,,,14406,tt1309463,35
899,1570,Mascarades,2008,Comédie | Drame,6.6,17.0,0.3631,92.0,0.0,0.0,,,64643,tt1310654,35 | 18
900,1571,J'adore ce que vous faites,2022,Comédie,5.5,102.0,0.8204,91.0,0.0,0.0,,,838916,tt13134894,35
901,1572,Les Femmes du square,2022,Comédie,6.394,66.0,0.7817,105.0,0.0,0.0,,,765822,tt13136332,35
902,1573,Les Amours d’Anaïs,2021,Drame | Romance | Comédie,6.2,161.0,1.1165,98.0,0.0,41356.0,,,781453,tt13142240,18 | 10749 | 35
903,1574,Les beaux gosses,2009,Comédie | Drame | Romance,5.771,465.0,1.494,90.0,3500000.0,14751272.0,,,18896,tt1314237,35 | 18 | 10749
904,1575,Erreur de la banque en votre faveur,2009,Comédie,5.6,90.0,0.625,96.0,0.0,0.0,,,26152,tt1314240,35
905,1576,Incroyable mais vrai,2022,Comédie | Fantastique | Mystère,6.026,428.0,0.8971,74.0,4340000.0,2329813.0,,,735697,tt13145534,35 | 14 | 9648
906,1584,Ary Abittan : My Story,2019,Comédie,5.7,17.0,0.0573,84.0,0.0,0.0,,,655912,tt13261604,35
907,1585,Kung-Fu Zohra,2022,Comédie | Action | Drame,5.5,60.0,1.2918,99.0,0.0,0.0,,,885266,tt13261944,35 | 28 | 18
908,1586,Mes très chers enfants,2021,Comédie,5.332,113.0,0.9068,95.0,0.0,0.0,,,770554,tt13271264,35
909,1587,Oranges sanguines,2021,Comédie | Horreur | Crime | Drame,6.0,104.0,0.7594,102.0,0.0,0.0,,,833404,tt13274576,35 | 27 | 80 | 18
910,1591,Le Petit Piaf,2022,Comédie | Drame | Musique,5.3,20.0,0.597,95.0,0.0,0.0,,,756935,tt13321782,35 | 18 | 10402
911,1594,Tendre et saignant,2022,Romance | Comédie,5.2,60.0,0.6314,91.0,5000000.0,1085112.0,,,757341,tt13353386,10749 | 35
912,1595,Le Nouveau Jouet,2022,Comédie | Familial | Drame,5.92,176.0,1.206,112.0,13125000.0,7295051.0,,,865498,tt13361648,35 | 10751 | 18
913,1598,Canailles,2022,Comédie | Drame,5.038,26.0,0.8926,86.0,0.0,0.0,,,845099,tt13429654,35 | 18
914,1601,Les Vedettes,2022,Comédie,6.08,333.0,0.803,102.0,0.0,2627605.0,,,740460,tt13460190,35
915,1604,Neuilly sa mère !,2009,Comédie,6.0,946.0,1.0861,90.0,0.0,0.0,,,26691,tt1349856,35
916,1605,Les Fantasmes,2021,Comédie | Romance,5.1,122.0,1.5225,102.0,0.0,0.0,,,768127,tt13502758,35 | 10749
917,1606,La Première Étoile,2009,Comédie,5.712,285.0,0.5859,90.0,0.0,0.0,,,15713,tt1350940,35
918,1609,Le Roi de l'évasion,2009,Aventure | Comédie,6.0,27.0,0.9972,93.0,0.0,0.0,,,43616,tt1354564,12 | 35
919,1612,Présidents,2021,Comédie,5.3,150.0,1.6879,97.0,0.0,0.0,,,741124,tt13558724,35
920,1613,Irréductible,2022,Comédie,6.013,279.0,1.298,83.0,0.0,0.0,,,745608,tt13639204,35
921,1618,Imogène McCarthery,2010,Comédie | Crime,5.4,40.0,0.5682,82.0,0.0,0.0,,,49510,tt1376421,35 | 80
922,1619,Une petite zone de turbulences,2010,Comédie,5.3,55.0,0.6918,108.0,0.0,0.0,,,40188,tt1376451,35
923,1620,Super-héros malgré lui,2022,Comédie | Action | Familial,6.335,559.0,3.6788,82.0,0.0,7375119.0,,,746333,tt13774454,35 | 28 | 10751
924,1621,Le processus de paix,2023,Romance | Drame | Comédie,5.1,38.0,0.1579,92.0,0.0,0.0,,,1030462,tt13774506,10749 | 18 | 35
925,1622,Loin du périph,2022,Comédie | Action,6.055,511.0,1.7612,121.0,0.0,0.0,,,785985,tt13822738,35 | 28
926,1623,8 Rue de l'Humanité,2021,Comédie,5.908,437.0,1.5296,125.0,0.0,0.0,,,785516,tt13834006,35
927,1624,La Croisade,2021,Comédie | Familial,5.2,56.0,0.8464,67.0,0.0,0.0,,,842239,tt13846352,35 | 10751
928,1625,HLM Pussy,2024,Comédie | Drame,6.0,19.0,0.4154,101.0,2500000.0,0.0,,,1001472,tt13866710,35 | 18
929,1627,Romaine par moins 30,2009,Comédie,5.2,28.0,0.6727,81.0,0.0,0.0,,,17418,tt1388912,35
930,1628,Trois fois rien,2022,Comédie,6.101,69.0,1.1132,98.0,0.0,0.0,,,783573,tt13892842,35
931,1629,Les Derniers Jours du monde,2009,Drame | Science-Fiction | Comédie,5.5,69.0,0.846,130.0,0.0,0.0,,,51866,tt1390405,18 | 878 | 35
932,1631,Permis de construire,2021,Comédie,5.508,127.0,0.5782,93.0,0.0,0.0,,,886563,tt13941852,35
933,1632,Pièce Montée,2010,Comédie,5.2,66.0,0.7217,93.0,0.0,0.0,,,41179,tt1399677,35
934,1633,Si on chantait,2021,Comédie | Musique,6.2,83.0,0.1571,96.0,0.0,0.0,,,844043,tt14017122,35 | 10402
935,1635,Chère Léa,2021,Drame | Romance | Comédie,5.7,47.0,0.7111,89.0,0.0,0.0,,,833428,tt14039392,18 | 10749 | 35
936,1636,Tellement proches,2009,Comédie,6.543,267.0,1.1432,98.0,0.0,0.0,,,19268,tt1404082,35
937,1639,Compagnons,2022,Comédie | Drame,6.7,47.0,0.1332,110.0,0.0,0.0,,,827168,tt14064380,35 | 18
938,1643,La Loi de Murphy,2009,Comédie | Thriller,5.4,37.0,0.6634,94.0,0.0,0.0,,,52613,tt1412316,35 | 53
939,1646,Bus Palladium,2010,Comédie | Drame | Romance,5.2,49.0,0.7742,100.0,0.0,0.0,,,45061,tt1415255,35 | 18 | 10749
940,1647,Maria rêve,2022,Comédie | Romance,5.928,83.0,0.9622,93.0,0.0,0.0,,,960057,tt14200996,35 | 10749
941,1649,La Brigade,2022,Comédie | Drame,6.377,162.0,1.1278,97.0,0.0,3285760.0,,,845140,tt14280366,35 | 18
942,1650,Coursier,2010,Comédie | Action | Crime,5.128,160.0,0.9588,95.0,0.0,0.0,,,40194,tt1429429,35 | 28 | 80
943,1652,Maestro(s),2022,Musique | Drame | Comédie,5.8,58.0,1.1293,96.0,0.0,0.0,,,960275,tt14335980,10402 | 18 | 35
944,1654,On est fait pour s'entendre,2021,Comédie | Romance,6.3,104.0,1.1704,93.0,0.0,0.0,,,809733,tt14371818,35 | 10749
945,1655,Le Mac,2010,Comédie,5.8,300.0,0.8484,90.0,0.0,0.0,,,35025,tt1437361,35
946,1658,Sexygénaires,2023,Comédie,5.06,42.0,1.002,80.0,6000000.0,0.0,,,960543,tt14495660,35
947,1661,La Dégustation,2022,Comédie | Romance,6.017,118.0,1.3909,82.0,0.0,0.0,,,928202,tt14504294,35 | 10749
948,1662,Tournée,2010,Comédie | Drame,6.4,70.0,0.9011,111.0,0.0,0.0,,,41273,tt1451762,35 | 18
949,1664,Le Médecin imaginaire,2022,Comédie,5.194,36.0,0.6116,86.0,0.0,0.0,,,764393,tt14550172,35
950,1665,La Tête en friche,2010,Drame | Comédie,6.966,250.0,1.4572,82.0,0.0,0.0,,,39413,tt1455151,18 | 35
951,1669,Chœur de rockers,2022,Musique | Comédie,5.8,32.0,0.7703,91.0,0.0,0.0,,,947569,tt14636024,10402 | 35
952,1670,Normale,2023,Drame | Comédie,6.181,36.0,0.7913,87.0,4000000.0,0.0,,,964917,tt14646488,18 | 35
953,1671,L'Arnacœur,2010,Romance | Comédie,6.621,1406.0,1.6802,110.0,8700000.0,47355187.0,,,41211,tt1465487,10749 | 35
954,1675,Mammuth,2010,Comédie,5.8,164.0,0.9747,92.0,3000000.0,7100000.0,,,37832,tt1473074,35
955,1677,Fatal,2010,Comédie,5.985,664.0,1.0342,95.0,17289533.0,8929413.0,,,45535,tt1473357,35
956,1678,Le Coach,2009,Comédie,5.4,67.0,0.7462,92.0,0.0,0.0,,,56704,tt1473389,35
957,1679,Un petit miracle,2023,Comédie,6.024,41.0,0.7574,92.0,0.0,0.0,,,964898,tt14766300,35
958,1683,Les Folies fermières,2022,Comédie | Drame,5.8,63.0,0.7103,109.0,0.0,0.0,,,892508,tt14793714,35 | 18
959,1684,Chronique d'une liaison passagère,2022,Romance | Drame | Comédie,6.39,182.0,0.7026,100.0,0.0,2705228.0,,,794842,tt14831708,10749 | 18 | 35
960,1685,La Reine des pommes,2009,Comédie | Romance,5.6,29.0,0.9252,84.0,0.0,0.0,,,53988,tt1483778,35 | 10749
961,1686,I Love America,2022,Comédie | Romance,5.081,80.0,1.3018,102.0,0.0,0.0,,,846238,tt14867318,35 | 10749
962,1688,Tout le monde aime Jeanne,2022,Drame | Comédie | Romance,6.217,150.0,0.7178,95.0,0.0,1046266.0,,,925096,tt14913250,18 | 35 | 10749
963,1691,Les Amandiers,2022,Drame | Comédie,6.4,168.0,1.2989,126.0,4.0,1.0,,,848958,tt14976386,18 | 35
964,1695,Joyeuse retraite 2,2022,Comédie,5.243,111.0,1.3016,92.0,0.0,0.0,,,892535,tt15035902,35
965,1696,Les Bodin's en Thaïlande,2021,Comédie,6.0,55.0,0.7356,98.0,8102011.0,0.0,,,874294,tt15049366,35
966,1698,Pil,2021,Animation | Aventure | Fantastique | Comédie | Familial,6.7,199.0,1.3253,89.0,0.0,6813652.0,,,676705,tt15091284,16 | 12 | 14 | 35 | 10751
967,1705,La page blanche,2022,Comédie | Romance,6.4,49.0,0.5113,100.0,2800000.0,0.0,,,956877,tt15153138,35 | 10749
968,1707,Reprise en main,2022,Comédie | Drame,6.6,38.0,0.5791,106.0,2300000.0,0.0,,,960570,tt15170560,35 | 18
969,1708,Le Bruit des glaçons,2010,Comédie | Drame,5.862,261.0,0.9158,87.0,0.0,0.0,,,50845,tt1517214,35 | 18
970,1709,Divorces,2009,Comédie | Romance,5.4,19.0,0.8294,100.0,0.0,0.0,,,58497,tt1520863,35 | 10749
971,1710,Les Meilleurs Amis du monde,2010,Comédie,5.63,54.0,0.9646,86.0,0.0,0.0,,,46675,tt1521874,35
972,1711,Guermantes,2021,Drame | Romance | Comédie,5.1,25.0,0.5919,139.0,0.0,0.0,,,861589,tt15242370,18 | 10749 | 35
973,1713,Juste ciel !,2023,Comédie,5.1,51.0,1.0919,87.0,0.0,0.0,,,885243,tt15271654,35
974,1714,Rien à déclarer,2010,Comédie,5.873,1174.0,1.9288,108.0,28000000.0,93800000.0,,,52077,tt1528313,35
975,1715,De vrais mensonges,2010,Comédie | Romance,6.1,158.0,0.951,105.0,0.0,0.0,,,51072,tt1529569,35 | 10749
976,1717,Les Cadors,2023,Comédie | Drame,5.353,51.0,0.8657,86.0,0.0,0.0,,,860469,tt15377036,35 | 18
977,1718,Les Enfants des autres,2022,Drame | Comédie,6.7,241.0,1.178,104.0,0.0,84178.0,,,803694,tt15403712,18 | 35
978,1720,Fumer fait tousser,2022,Comédie | Fantastique | Science-Fiction,6.03,403.0,1.5834,80.0,6009575.0,0.0,,,872709,tt15471560,35 | 14 | 878
979,1721,Les Barons,2009,Comédie,5.7,42.0,0.8985,106.0,0.0,0.0,,,28417,tt1547638,35
980,1722,En roue libre,2022,Comédie | Drame,6.7,102.0,0.6276,89.0,3900000.0,0.0,,,892494,tt15484716,35 | 18
981,1723,Le Fils à Jo,2010,Comédie | Drame,5.901,116.0,1.7242,95.0,0.0,0.0,,,52043,tt1548603,35 | 18
982,1724,Petite leçon d'amour,2022,Romance | Comédie,5.2,16.0,0.6948,86.0,0.0,0.0,,,843733,tt15532248,10749 | 35
983,1726,"L'Amour, c'est mieux à deux",2010,Comédie | Romance,5.6,216.0,0.8042,100.0,0.0,0.0,,,136294,tt1560993,35 | 10749
984,1727,Les Émotifs anonymes,2010,Drame | Comédie | Romance,6.546,569.0,1.0328,78.0,0.0,0.0,,,51991,tt1565958,18 | 35 | 10749
985,1728,Avant l'effondrement,2023,Drame | Comédie | Familial,5.432,22.0,0.5645,100.0,2400000.0,0.0,,,925100,tt15665948,18 | 35 | 10751
986,1729,"Thelma, Louise et Chantal",2010,Comédie,5.5,20.0,0.7696,90.0,0.0,0.0,,,57311,tt1566948,35
987,1730,Mon héroïne,2022,Comédie,6.2,51.0,0.6903,108.0,4100000.0,0.0,,,883870,tt15676954,35
988,1732,Le Parfum vert,2022,Comédie | Crime | Mystère,5.3,100.0,1.238,101.0,7800000.0,0.0,,,950053,tt15732372,35 | 80 | 9648
989,1733,Le Livre des solutions,2023,Comédie | Drame,5.939,313.0,0.7638,102.0,0.0,3557686.0,,,888003,tt15732890,35 | 18
990,1734,Hitler à Hollywood,2011,Comédie | Drame,6.2,14.0,1.0704,85.0,0.0,0.0,,,473621,tt1576443,35 | 18
991,1735,Cet été-là,2023,Comédie | Drame,5.4,36.0,0.9478,99.0,7940000.0,0.0,,,958635,tt15783304,35 | 18
992,1737,Les Invités de mon père,2010,Comédie,5.9,51.0,0.778,100.0,0.0,0.0,,,56424,tt1583303,35
993,1742,Mumu,2010,Comédie,5.8,18.0,1.1158,90.0,0.0,0.0,,,44961,tt1587811,35
994,1743,Tout ce qui brille,2010,Comédie,6.347,762.0,0.7319,96.0,0.0,0.0,,,44269,tt1587877,35
995,1746,L'Âge de raison,2010,Comédie | Romance,5.5,121.0,1.2028,97.0,8000000.0,0.0,,,51090,tt1594503,35 | 10749
996,1747,Astérix & Obélix : Au service de Sa Majesté,2012,Familial | Aventure | Comédie,5.117,1398.0,2.8004,109.0,61000000.0,61319383.0,,,99770,tt1597522,10751 | 12 | 35
997,1749,L'Italien,2010,Comédie,5.2,184.0,0.9502,102.0,0.0,11081555.0,,,44155,tt1612608,35
998,1750,Le Dernier des Juifs,2024,Comédie | Drame,5.7,51.0,0.6947,90.0,0.0,0.0,,,958855,tt16160544,35 | 18
999,1755,Les Têtes givrées,2023,Comédie | Drame,5.939,49.0,0.7868,102.0,0.0,0.0,,,846977,tt16306342,35 | 18
1000,1756,La Mélodie,2017,Drame | Comédie,6.3,117.0,0.7225,102.0,0.0,0.0,,,446130,tt1633217,18 | 35
1001,1757,Amélie au pays des Bodin's,2010,Comédie,6.9,15.0,0.3721,80.0,0.0,0.0,,,491392,tt1636727,35
1002,1758,L'amour dure trois ans,2011,Romance | Comédie,5.731,426.0,1.1424,94.0,0.0,0.0,,,85735,tt1638328,10749 | 35
1003,1759,Le Skylab,2011,Comédie | Drame,6.0,75.0,1.3849,103.0,0.0,0.0,,,85449,tt1638350,35 | 18
1004,1760,Ma part du gâteau,2011,Drame | Comédie,5.699,193.0,0.9556,109.0,0.0,0.0,,,58043,tt1641624,18 | 35
1005,1763,En même temps,2022,Comédie,5.05,121.0,0.5523,108.0,3200000.0,0.0,,,920640,tt16491386,35
1006,1764,Je vous aime très beaucoup,2010,Comédie | Familial,6.0,11.0,0.4211,92.0,0.0,0.0,,,52474,tt1653874,35 | 10751
1007,1766,Le Magasin des suicides,2012,Comédie | Animation | Musique,6.332,626.0,1.5432,85.0,0.0,2514478.0,,,118293,tt1655413,35 | 16 | 10402
1008,1770,La Chance de ma vie,2011,Comédie | Romance,5.7,270.0,1.1218,87.0,5000000.0,0.0,,,53010,tt1667100,35 | 10749
1009,1772,Une pure affaire,2011,Comédie | Action | Crime,5.447,75.0,0.4929,88.0,0.0,0.0,,,57417,tt1669694,35 | 28 | 80
1010,1773,Tante Hilda !,2014,Animation | Comédie | Familial,6.5,21.0,0.639,89.0,0.0,0.0,,,255319,tt1671584,16 | 35 | 10751
1011,1775,2 Frogs dans l'Ouest,2010,Drame | Comédie,5.3,15.0,0.6287,105.0,0.0,0.0,,,75302,tt1673459,18 | 35
1012,1776,Une vie de chat,2010,Animation | Comédie,6.7,284.0,0.9717,70.0,0.0,309973.0,,,52264,tt1673702,16 | 35
1013,1778,Et si on vivait tous ensemble ?,2012,Comédie | Drame,6.322,107.0,0.9262,96.0,0.0,7211180.0,,,86391,tt1674057,35 | 18
1014,1780,La Source des femmes,2011,Comédie | Drame,6.56,192.0,1.0202,135.0,0.0,0.0,,,56418,tt1686067,35 | 18
1015,1781,Bye Bye Blondie,2012,Comédie | Drame | Romance,5.5,62.0,0.8568,97.0,0.0,0.0,,,134781,tt1688064,35 | 18 | 10749
1016,1782,Mon pote,2010,Comédie,6.0,34.0,0.4356,105.0,0.0,0.0,,,51473,tt1688070,35
1017,1786,10 jours encore sans maman,2023,Comédie | Familial,5.3,125.0,1.0645,96.0,0.0,0.0,,,898994,tt16983432,35 | 10751
1018,1787,L'Art d'aimer,2011,Romance | Comédie,6.0,76.0,0.7897,85.0,0.0,1435252.0,,,92424,tt1700467,10749 | 35
1019,1791,Jumeaux mais pas trop,2022,Comédie,5.788,156.0,1.2447,96.0,6200000.0,0.0,,,928217,tt17049070,35
1020,1792,On sourit pour la photo,2022,Comédie,5.3,49.0,0.8814,95.0,0.0,0.0,,,893730,tt17049104,35
1021,1793,La Revanche des Crevettes Pailletées,2022,Comédie,6.4,94.0,1.3069,113.0,6200000.0,0.0,,,741674,tt17049112,35
1022,1796,La Conquête,2011,Comédie | Drame,5.859,99.0,1.2514,95.0,0.0,0.0,,,65233,tt1711484,35 | 18
1023,1797,Tous les soleils,2011,Comédie,6.7,60.0,0.6799,105.0,0.0,0.0,,,60650,tt1715356,35
1024,1802,Mon pire cauchemar,2011,Comédie,5.471,259.0,1.4314,103.0,0.0,0.0,,,78476,tt1718835,35
1025,1803,Mariage à Mendoza,2013,Comédie | Drame | Romance,5.5,20.0,0.122,91.0,0.0,0.0,,,161073,tt1721478,35 | 18 | 10749
1026,1804,Sur la piste du Marsupilami,2012,Familial | Aventure | Comédie,5.274,883.0,2.345,105.0,50000000.0,50100000.0,,,102207,tt1723642,10751 | 12 | 35
1027,1805,On ne choisit pas sa famille,2011,Comédie | Aventure,5.648,196.0,0.752,103.0,0.0,2419473.0,,,78478,tt1726889,35 | 12
1028,1806,Kill Me Please,2010,Comédie | Drame,6.3,50.0,0.5007,95.0,0.0,0.0,,,45585,tt1728130,35 | 18
1029,1807,10 jours en or,2012,Comédie | Drame,5.3,93.0,0.6294,95.0,0.0,0.0,,,83390,tt1729630,35 | 18
1030,1808,Hollywoo,2011,Comédie,5.359,606.0,1.2291,107.0,0.0,0.0,,,80015,tt1730697,35
1031,1811,Poupoupidou,2011,Comédie | Crime | Mystère,6.2,107.0,1.068,102.0,0.0,0.0,,,53776,tt1736636,35 | 80 | 9648
1032,1814,Un Jour mon père viendra,2012,Comédie,5.266,33.0,0.4863,99.0,0.0,0.0,,,103126,tt1744857,35
1033,1816,Chroniques sexuelles d'une famille d'aujourd'hui,2012,Comédie | Drame | Romance,5.377,402.0,7.6261,77.0,0.0,0.0,,,112160,tt1753584,35 | 18 | 10749
1034,1818,"Et soudain, tout le monde me manque",2011,Comédie | Drame,5.839,109.0,0.9054,98.0,0.0,0.0,,,74119,tt1753792,35 | 18
1035,1821,Les Tribulations d'une caissière,2011,Comédie,5.128,74.0,0.7158,102.0,0.0,0.0,,,87558,tt1754787,35
1036,1823,Les Petites Victoires,2023,Comédie,6.711,173.0,0.7859,89.0,5460000.0,0.0,,,1000603,tt17634642,35
1037,1826,Mon père est femme de ménage,2011,Comédie | Drame,5.432,37.0,1.0277,80.0,0.0,0.0,,,73585,tt1773578,35 | 18
1038,1827,Le Marquis,2011,Comédie,5.2,186.0,0.4409,88.0,0.0,0.0,,,58858,tt1779824,35
1039,1829,Voir la mer,2011,Comédie | Drame,5.4,26.0,0.7142,91.0,0.0,0.0,,,74795,tt1784720,35 | 18
1040,1830,Les Tuche,2011,Comédie | Familial,5.993,1354.0,2.0263,95.0,0.0,13867701.0,,,66129,tt1793931,35 | 10751
1041,1831,La Vérité si je mens ! 3,2012,Comédie,5.473,349.0,1.5965,119.0,25496629.0,40924982.0,,,86868,tt1794850,35
1042,1833,La Marginale,2023,Comédie | Drame,6.4,26.0,0.5717,97.0,0.0,0.0,,,996637,tt17974446,35 | 18
1043,1835,"Les aventures de Philibert, capitaine puceau",2011,Romance | Comédie | Aventure,5.429,35.0,1.311,113.0,0.0,0.0,,,71830,tt1798224,10749 | 35 | 12
1044,1837,Les Femmes du 6e étage,2011,Comédie,6.768,405.0,1.4087,106.0,0.0,0.0,,,57243,tt1805297,35
1045,1840,Chien et Chat,2024,Aventure | Comédie,5.722,135.0,1.9984,86.0,0.0,10740923.0,,,977331,tt18113118,12 | 35
1046,1844,La Vie d'une autre,2012,Comédie | Drame | Romance,6.2,88.0,0.5945,97.0,6500000.0,3216359.0,,,116231,tt1817191,35 | 18 | 10749
1047,1845,Case départ,2011,Comédie,5.975,555.0,1.4993,94.0,8500000.0,0.0,,,66118,tt1821362,35
1048,1846,Itinéraire Bis,2011,Comédie | Romance,5.403,67.0,0.7138,80.0,0.0,0.0,,,82029,tt1821468,35 | 10749
1049,1848,Complètement Cramé !,2023,Comédie | Drame | Romance,6.399,104.0,1.6975,100.0,6700000.0,2726128.0,,,792614,tt18224752,35 | 18 | 10749
1050,1850,Club Zéro,2023,Thriller | Drame | Comédie,5.856,101.0,1.599,110.0,0.0,0.0,,,938250,tt18235146,53 | 18 | 35
1051,1852,La Plus belle pour aller danser,2023,Comédie | Drame,6.5,32.0,0.5284,92.0,0.0,0.0,,,983017,tt18240922,35 | 18
1052,1855,Franck Dubosc - Fifty / Fifty,2020,Comédie,6.7,19.0,0.1327,95.0,0.0,0.0,,,664411,tt18266570,35
1053,1856,La Délicatesse,2011,Drame | Comédie | Romance,6.4,476.0,1.9478,108.0,0.0,9696204.0,,,81342,tt1828995,18 | 35 | 10749
1054,1857,Les Complices,2023,Comédie,5.6,99.0,1.0254,97.0,4450000.0,0.0,,,984307,tt18298524,35
1055,1862,Les Seigneurs,2012,Drame | Comédie | Romance,5.023,724.0,1.15,97.0,0.0,0.0,,,133469,tt1850394,18 | 35 | 10749
1056,1864,Chien de la casse,2023,Drame | Romance | Comédie,6.894,388.0,0.8024,93.0,0.0,0.0,,,957608,tt18550220,18 | 10749 | 35
1057,1865,Les Jeux des nuages et de la pluie,2013,Drame | Romance | Comédie,5.7,12.0,0.4834,90.0,0.0,0.0,,,155888,tt1857766,18 | 10749 | 35
1058,1866,Un Monde sans femmes,2012,Comédie | Drame,6.8,63.0,0.699,56.0,0.0,0.0,,,170832,tt1858582,35 | 18
1059,1867,Les Cyclades,2023,Comédie | Drame,5.9,126.0,1.2402,110.0,0.0,3657542.0,,,958335,tt18671246,35 | 18
1060,1869,Un bonheur n'arrive jamais seul,2012,Comédie | Romance,6.108,439.0,1.2562,110.0,15000000.0,0.0,,,121936,tt1872880,35 | 10749
1061,1871,Paris-Manhattan,2012,Comédie | Romance,5.5,186.0,0.9655,76.0,0.0,3031682.0,,,123235,tt1885331,35 | 10749
1062,1872,Bienvenue à bord,2011,Comédie,5.5,540.0,0.9196,90.0,12000000.0,9927260.0,,,75198,tt1890377,35
1063,1873,Nicostratos le pélican,2011,Comédie | Drame,6.5,57.0,0.72,95.0,8500000.0,755146.0,,,79728,tt1891942,35 | 18
1064,1875,Cherchez Hortense,2012,Drame | Comédie,5.522,68.0,0.9952,100.0,0.0,3465020.0,,,130055,tt1906347,18 | 35
1065,1876,Comme un chef,2012,Comédie,6.175,639.0,1.8536,90.0,0.0,306724.0,,,85872,tt1911553,35
1066,1877,Un + Une,2015,Comédie | Romance | Drame,5.795,198.0,1.3985,113.0,0.0,0.0,,,352025,tt1918911,35 | 10749 | 18
1067,1878,La Fée,2011,Comédie | Drame | Fantastique | Romance,6.0,62.0,0.4119,93.0,0.0,35657.0,,,89287,tt1922645,35 | 18 | 14 | 10749
1068,1882,Casse-tête chinois,2013,Comédie | Drame | Romance,6.576,729.0,2.1371,114.0,0.0,16968297.0,,,206408,tt1937118,35 | 18 | 10749
1069,1883,De l'autre côté du périph,2012,Comédie | Action | Crime,5.642,702.0,1.0048,96.0,0.0,25109572.0,,,146375,tt1937133,35 | 28 | 80
1070,1884,Cocorico,2024,Comédie,5.571,322.0,1.9026,90.0,0.0,18259571.0,,,973912,tt19381382,35
1071,1885,Les Mythos,2011,Comédie,5.653,108.0,0.5735,87.0,0.0,0.0,,,66128,tt1941585,35
1072,1887,J'aime regarder les filles,2011,Comédie | Drame | Romance,5.5,118.0,0.9637,92.0,0.0,0.0,,,91052,tt1946269,35 | 18 | 10749
1073,1889,La Clinique de l'amour!,2012,Comédie,5.6,28.0,0.6306,83.0,0.0,0.0,,,98877,tt1966505,35
1074,1891,Les Pires,2022,Drame | Comédie,6.8,86.0,1.0653,99.0,2600000.0,19833.0,,,962543,tt19719862,18 | 35
1075,1893,Les SEGPA,2022,Comédie,5.309,89.0,0.3821,98.0,0.0,5212123.0,,,922705,tt19733052,35
1076,1897,L'Innocent,2022,Comédie | Crime | Romance,6.737,373.0,1.3319,99.0,4000000.0,5175806.0,,,919573,tt19841734,35 | 80 | 10749
1077,1898,Les Vieux Fourneaux 2 : Bons pour l'asile,2022,Comédie,5.3,37.0,0.4787,97.0,7000000.0,0.0,,,884453,tt19858178,35
1078,1899,Bernadette,2023,Comédie | Drame,6.4,152.0,1.4495,92.0,0.0,0.0,,,961084,tt19858184,35 | 18
1079,1900,Un plan parfait,2012,Comédie | Romance,5.886,655.0,1.5991,100.0,0.0,0.0,,,133698,tt1986843,35 | 10749
1080,1901,Un heureux événement,2011,Drame | Comédie,6.0,231.0,1.0339,110.0,0.0,3929796.0,,,77462,tt1987018,18 | 35
1081,1902,Je me suis fait tout petit,2012,Comédie | Romance,6.0,16.0,0.4786,96.0,0.0,0.0,,,147798,tt1992163,35 | 10749
1082,1907,Grand Paris,2023,Comédie | Aventure | Science-Fiction,6.0,22.0,0.2787,72.0,200000.0,0.0,,,964831,tt20227026,35 | 12 | 878
1083,1911,Alibi.com 2,2023,Comédie | Familial,6.56,481.0,2.4231,88.0,0.0,34112816.0,,,967585,tt20424172,35 | 10751
1084,1912,Juniors,2023,Comédie | Drame,6.0,18.0,0.5971,95.0,0.0,0.0,,,958155,tt20455254,35 | 18
1085,1913,Plancha,2022,Comédie,5.303,157.0,1.2934,100.0,0.0,0.0,,,926516,tt20511498,35
1086,1914,La traversée,2022,Comédie | Drame | Guerre,6.076,125.0,1.0123,105.0,0.0,0.0,,,947962,tt20673642,35 | 18 | 10752
1087,1915,Populaire,2012,Comédie | Romance,6.611,596.0,2.2057,111.0,0.0,0.0,,,136403,tt2070776,35 | 10749
1088,1916,Quand tu seras grand,2023,Comédie | Drame,6.106,47.0,0.6269,99.0,4200000.0,0.0,,,960464,tt20766628,35 | 18
1089,1919,Amitiés sincères,2013,Comédie | Romance,5.9,44.0,1.0398,104.0,0.0,0.0,,,199549,tt2081435,35 | 10749
1090,1922,Les Saveurs du Palais,2012,Comédie | Drame,6.2,303.0,1.5461,95.0,0.0,11384015.0,,,139651,tt2094877,35 | 18
1091,1925,Les Papas du dimanche,2012,Comédie | Drame,5.1,20.0,0.4995,90.0,0.0,305738.0,,,112592,tt2102364,35 | 18
1092,1926,Mes héros,2012,Comédie,5.932,66.0,1.0105,87.0,9780000.0,0.0,,,147686,tt2104062,35
1093,1927,Radiostars,2012,Comédie,6.058,216.0,0.9921,100.0,0.0,0.0,,,100830,tt2104080,35
1094,1929,Linda veut du poulet !,2023,Animation | Comédie | Familial | Musique,6.9,65.0,0.6826,76.0,0.0,685093.0,,,589026,tt21042126,16 | 35 | 10751 | 10402
1095,1930,Stella est amoureuse,2022,Drame | Comédie,6.0,28.0,0.8207,90.0,3270000.0,0.0,,,993297,tt21042306,18 | 35
1096,1931,T'as pas changé,2025,Comédie,5.9,57.0,1.9792,105.0,0.0,0.0,,,1302848,tt21068440,35
1097,1932,Des mains en or,2023,Comédie,5.4,35.0,0.6997,90.0,0.0,0.0,,,989229,tt21071746,35
1098,1933,Comme des frères,2012,Comédie,6.584,267.0,0.6841,104.0,0.0,0.0,,,143567,tt2112129,35
1099,1934,30° Couleur,2012,Comédie | Drame,5.2,12.0,0.9498,92.0,0.0,1055939.0,,,127489,tt2113587,35 | 18
1100,1935,5 Hectares,2023,Comédie,5.2,29.0,0.7138,94.0,2700000.0,0.0,,,989502,tt21150490,35
1101,1936,Parlez-moi de vous,2012,Comédie | Drame,5.9,75.0,0.7984,89.0,0.0,0.0,,,109261,tt2118701,35 | 18
1102,1939,Jack Mimoun et les secrets de Val Verde,2022,Comédie | Aventure,5.272,226.0,0.7103,102.0,14470000.0,0.0,,,893369,tt21249808,35 | 12
1103,1940,Le Tigre et le Président,2022,Comédie | Histoire,6.211,45.0,0.541,98.0,0.0,1162077.0,,,957325,tt21257212,35 | 36
1104,1942,La Graine,2023,Comédie,5.5,34.0,0.5198,92.0,0.0,0.0,,,998587,tt21309242,35
1105,1943,Les Vengeances de Maître Poutifard,2023,Comédie | Familial,5.1,64.0,0.8725,81.0,0.0,4074922.0,,,1005685,tt21331016,35 | 10751
1106,1944,Un métier sérieux,2023,Comédie | Drame,6.293,271.0,1.232,101.0,8200000.0,3452861.0,,,934506,tt21348598,35 | 18
1107,1945,Une année difficile,2023,Comédie,5.909,318.0,1.5839,120.0,13000000.0,7004555.0,,,965791,tt21352380,35
1108,1947,Magnificat,2023,Drame | Comédie | Crime,6.0,25.0,0.8089,97.0,0.0,0.0,,,960134,tt21358820,18 | 35 | 80
1109,1949,La Fiancée du poète,2023,Drame | Comédie,6.6,35.0,0.5818,103.0,0.0,0.0,,,966355,tt21372098,18 | 35
1110,1951,Citoyen d'honneur,2022,Comédie | Drame,6.064,39.0,1.0685,96.0,0.0,723229.0,,,944945,tt21438594,35 | 18
1111,1952,Télé gaucho,2012,Comédie,5.3,60.0,0.9989,112.0,0.0,0.0,,,147684,tt2144176,35
1112,1954,Nos plus belles vacances,2012,Comédie | Familial,5.464,42.0,0.7986,94.0,0.0,0.0,,,93847,tt2153905,35 | 10751
1113,1955,Youssef Salem a du succès,2023,Comédie,6.454,120.0,0.9792,97.0,3900000.0,0.0,,,994025,tt21627730,35
1114,1956,Voleuses,2023,Action | Comédie | Drame,6.102,508.0,2.8916,114.0,0.0,0.0,,,1010928,tt21638298,28 | 35 | 18
1115,1958,Stars 80,2012,Comédie,5.71,219.0,1.2013,112.0,0.0,0.0,,,139156,tt2166143,35
1116,1959,Associés contre le crime…,2012,Comédie | Crime | Mystère,5.462,66.0,1.4589,104.0,0.0,0.0,,,125395,tt2175565,35 | 80 | 9648
1117,1961,Neneh Superstar,2023,Drame | Comédie,5.7,25.0,0.967,95.0,0.0,0.0,,,1008430,tt21828496,18 | 35
1118,1962,20 Ans d'écart,2013,Comédie,6.481,1571.0,5.1774,92.0,0.0,0.0,,,173185,tt2186812,35
1119,1963,Hawa,2022,Drame | Comédie,6.1,39.0,0.9073,105.0,0.0,0.0,,,961707,tt21909950,18 | 35
1120,1965,L'école est à nous,2022,Comédie,6.4,39.0,0.5959,108.0,0.0,0.0,,,944938,tt21956512,35
1121,1966,Reste un peu,2022,Comédie,5.75,83.0,0.3504,90.0,0.0,0.0,,,998783,tt21956982,35
1122,1968,Les Petits Princes,2013,Comédie | Drame,6.5,153.0,0.223,90.0,0.0,0.0,,,202980,tt2197088,35 | 18
1123,1970,Le Cours de la vie,2023,Drame | Comédie,6.4,33.0,0.3093,90.0,0.0,0.0,,,958857,tt21997718,18 | 35
1124,1972,Demi-sœur,2013,Comédie | Drame,6.1,47.0,0.7824,90.0,0.0,0.0,,,198119,tt2200144,35 | 18
1125,1973,Alceste à bicyclette,2013,Drame | Comédie,6.475,216.0,0.6244,104.0,0.0,10759874.0,,,156236,tt2207050,18 | 35
1126,1974,Eyjafjallajökull,2013,Comédie,5.587,682.0,1.4928,92.0,0.0,0.0,,,219318,tt2207072,35
1127,1976,Mince Alors !,2012,Comédie,5.7,190.0,0.9099,100.0,0.0,0.0,,,121730,tt2210823,35
1128,1977,Kev Adams : Le vrai moi,2022,Comédie,5.9,14.0,0.2169,60.0,0.0,0.0,,,1028024,tt22169328,35
1129,1978,Stéphane,2023,Comédie | Thriller,6.806,31.0,0.2189,84.0,0.0,0.0,,,901405,tt22180542,35 | 53
1130,1982,Un château en Italie,2013,Comédie | Drame,5.4,68.0,0.9363,104.0,0.0,0.0,,,197089,tt2234543,35 | 18
1131,1984,Pattie et la colère de Poséidon,2023,Animation | Aventure | Fantastique | Familial | Comédie,6.811,132.0,1.6727,95.0,0.0,4834952.0,,,939338,tt22360682,16 | 12 | 14 | 10751 | 35
1132,1986,Au bout du conte,2013,Drame | Comédie | Romance,5.643,98.0,0.8968,101.0,0.0,0.0,,,160564,tt2241691,18 | 35 | 10749
1133,1987,Pauline détective,2012,Comédie,5.572,69.0,0.5329,101.0,0.0,0.0,,,137370,tt2246909,35
1134,1989,Iris et les hommes,2023,Comédie | Drame,5.227,88.0,0.5135,98.0,0.0,2436528.0,,,1001079,tt22533910,35 | 18
1135,1990,Camille redouble,2012,Comédie | Romance | Drame,6.195,238.0,1.2642,115.0,0.0,0.0,,,135281,tt2253939,35 | 10749 | 18
1136,1993,La Cage dorée,2013,Comédie,6.734,354.0,0.9794,90.0,7000000.0,11311521.0,,,186161,tt2261749,35
1137,1996,Du vent dans mes mollets,2012,Familial | Comédie,6.7,103.0,0.4775,89.0,0.0,0.0,,,128592,tt2276095,10751 | 35
1138,2002,Elle s'en va,2013,Drame | Comédie,6.5,97.0,0.7433,116.0,0.0,5505705.0,,,157690,tt2289538,18 | 35
1139,2003,Vive la France,2013,Comédie,5.2,391.0,1.2498,97.0,0.0,0.0,,,169020,tt2293138,35
1140,2004,Des gens qui s'embrassent,2013,Comédie | Drame,5.308,78.0,1.3486,100.0,0.0,0.0,,,184020,tt2295750,35 | 18
1141,2005,Amour & turbulences,2013,Comédie | Romance,5.95,430.0,0.9754,96.0,0.0,7636.0,,,168055,tt2298384,35 | 10749
1142,2006,Un Prince (presque) charmant,2013,Romance | Comédie,5.1,75.0,0.8364,88.0,0.0,214000.0,,,155887,tt2311182,10749 | 35
1143,2007,"Les Garçons et Guillaume, à table !",2013,Comédie,6.6,697.0,1.401,85.0,10735974.0,0.0,,,190880,tt2315200,35
1144,2008,100% cachemire,2013,Comédie,5.248,161.0,1.4399,98.0,1400000.0,0.0,,,225564,tt2319018,35
1145,2009,Le Grand Méchant Loup,2013,Comédie | Romance,5.3,141.0,0.7611,107.0,0.0,0.0,,,199643,tt2320274,35 | 10749
1146,2011,Les Reines du ring,2013,Comédie,5.8,109.0,0.7537,97.0,0.0,0.0,,,202215,tt2330546,35
1147,2012,Dépression et des potes,2012,Comédie,5.3,158.0,0.6077,95.0,0.0,0.0,,,103344,tt2336259,35
1148,2013,Mais qui a re-tué Pamela Rose ?,2012,Comédie,5.676,216.0,1.0894,90.0,9000000.0,0.0,,,139374,tt2342207,35
1149,2015,Daaaaaalí !,2024,Comédie | Fantastique | Drame,6.127,314.0,1.3285,77.0,6700000.0,3.0,,,1045770,tt23476446,35 | 14 | 18
1150,2018,Les Gamins,2013,Comédie,6.044,552.0,1.1632,95.0,0.0,0.0,,,183836,tt2354181,35
1151,2023,Les Barbares,2024,Comédie | Drame,6.1,72.0,1.0031,101.0,0.0,2074859.0,,,1001736,tt23640170,35 | 18
1152,2026,Un homme heureux,2023,Comédie,5.3,122.0,0.8829,98.0,0.0,0.0,,,875818,tt23740404,35
1153,2027,À toute allure,2024,Comédie | Romance,5.438,56.0,1.2958,86.0,0.0,0.0,,,1096638,tt23790342,35 | 10749
1154,2028,Jacky au royaume des filles,2014,Comédie,5.579,229.0,1.4774,90.0,0.0,0.0,,,223954,tt2382422,35
1155,2029,Comme par magie,2023,Comédie | Drame,5.9,35.0,0.6758,93.0,6200000.0,0.0,,,1001403,tt23831726,35 | 18
1156,2030,"Toni, en famille",2023,Comédie | Drame,6.604,173.0,1.0164,95.0,0.0,0.0,,,989224,tt23856264,35 | 18
1157,2032,Sentinelle,2023,Action | Comédie | Crime,5.241,303.0,1.2331,99.0,5000000.0,0.0,,,1000081,tt23898856,28 | 35 | 80
1158,2037,Adieu Berthe ou l'enterrement de mémé,2012,Comédie,5.5,77.0,1.2373,100.0,0.0,0.0,,,123243,tt2399495,35
1159,2040,Jeff Panacloc : À la poursuite de Jean-Marc,2023,Comédie,5.319,36.0,0.4532,90.0,9800000.0,652968.0,,,1000597,tt24053750,35
1160,2041,Les grandes ondes (à l'ouest),2013,Comédie,5.6,42.0,0.7084,84.0,0.0,0.0,,,217337,tt2411112,35
1161,2042,Le Clan,2023,Comédie,6.778,81.0,1.0948,90.0,0.0,0.0,,,1000094,tt24156250,35
1162,2045,Paris à Tout Prix,2013,Comédie,5.872,309.0,1.0415,92.0,0.0,0.0,,,203665,tt2420886,35
1163,2046,Joséphine,2013,Romance | Comédie,5.855,296.0,1.0929,88.0,0.0,0.0,,,199661,tt2430044,10749 | 35
1164,2050,Prêt à tout,2014,Comédie,5.4,146.0,0.8104,93.0,0.0,0.0,,,204765,tt2442502,35
1165,2052,Attila Marcel,2013,Comédie | Drame,6.8,68.0,1.1397,106.0,0.0,0.0,,,186729,tt2474438,35 | 18
1166,2053,Wahou !,2023,Comédie,5.2,86.0,0.7959,98.0,0.0,0.0,,,1063872,tt24799686,35
1167,2058,Super bourrés,2023,Comédie,5.387,62.0,0.3152,79.0,0.0,0.0,,,1027322,tt25154176,35
1168,2059,La stratégie de la poussette,2012,Comédie,5.5,106.0,0.7523,90.0,0.0,3462.0,,,152989,tt2520516,35
1169,2062,La Crème de la crème,2014,Comédie | Drame,6.005,293.0,1.2915,89.0,0.0,0.0,,,253687,tt2536428,35 | 18
1170,2063,La vie de ma mère,2024,Drame | Comédie,6.992,60.0,0.5709,103.0,0.0,0.0,,,1045842,tt25386452,18 | 35
1171,2066,"Salaud, on t'aime",2014,Romance | Comédie | Drame,5.571,56.0,1.0211,124.0,0.0,0.0,,,262117,tt2557952,10749 | 35 | 18
1172,2067,Je suis supporter du Standard,2013,Comédie | Romance,5.2,14.0,0.1875,92.0,0.0,0.0,,,160821,tt2559122,35 | 10749
1173,2071,Dans la cour,2014,Drame | Comédie,5.8,89.0,0.7587,93.0,0.0,0.0,,,267804,tt2593224,18 | 35
1174,2072,Lulu femme nue,2013,Comédie | Drame,6.1,86.0,0.7348,95.0,0.0,0.0,,,236873,tt2593230,35 | 18
1175,2073,Marie-Line et son juge,2023,Comédie | Drame,6.4,78.0,1.1638,104.0,0.0,2371953.0,,,995408,tt25969960,35 | 18
1176,2074,Les Choses simples,2023,Comédie,6.548,134.0,0.812,95.0,5950000.0,0.0,,,1000572,tt25971180,35
1177,2076,Pop Redemption,2013,Comédie,5.84,128.0,0.5235,94.0,0.0,0.0,,,198130,tt2602664,35
1178,2078,Quai d’Orsay,2013,Comédie,6.028,302.0,1.3584,113.0,5112027.0,5586646.0,,,209355,tt2609222,35
1179,2079,La fille de son père,2023,Comédie | Drame,6.1,56.0,0.9291,91.0,0.0,579413.0,,,989238,tt26256216,35 | 18
1180,2087,Des lendemains qui chantent,2014,Comédie,5.7,67.0,0.4993,94.0,0.0,0.0,,,286101,tt2664838,35
1181,2088,En tongs au pied de l'Himalaya,2024,Comédie | Drame,6.595,37.0,0.5683,92.0,0.0,0.0,,,1083324,tt26656538,35 | 18
1182,2089,La Vie pour de vrai,2023,Comédie,5.432,132.0,1.362,110.0,0.0,0.0,,,967370,tt26660615,35
1183,2090,Le Petit Blond de la Casbah,2023,Comédie | Drame | Histoire,5.2,22.0,0.7652,126.0,0.0,0.0,,,1000108,tt26680456,35 | 18 | 36
1184,2092,Sur la branche,2023,Comédie,5.7,48.0,0.4645,91.0,0.0,0.0,,,958854,tt26699546,35
1185,2099,Pourquoi tu souris ?,2024,Comédie | Drame,5.736,53.0,0.4448,95.0,0.0,9211570.0,,,1000079,tt26998074,35 | 18
1186,2102,Pour l'honneur,2023,Comédie,6.219,48.0,0.5827,97.0,6000000.0,0.0,,,1000073,tt27128451,35
1187,2104,La tendresse,2013,Comédie | Drame,5.8,23.0,0.5222,78.0,0.0,0.0,,,159500,tt2716554,35 | 18
1188,2105,Le Procès du Chien,2024,Comédie,6.0,82.0,1.6152,87.0,0.0,0.0,,,1056648,tt27198573,35
1189,2109,Métastases,2012,Comédie,5.864,11.0,0.1176,88.0,0.0,0.0,,,172890,tt2731434,35
1190,2111,Le Larbin,2024,Comédie,5.171,73.0,1.0194,109.0,0.0,0.0,,,1039512,tt27348699,35
1191,2115,Omar La Fraise,2023,Comédie | Drame,6.0,109.0,0.9422,92.0,5490000.0,0.0,,,995767,tt27502506,35 | 18
1192,2116,"Aimer, boire et chanter",2014,Comédie | Drame,5.2,47.0,0.4658,108.0,0.0,2423379.0,,,255824,tt2751390,35 | 18
1193,2117,Ma langue au chat,2023,Comédie | Drame,5.688,40.0,0.6747,103.0,3830000.0,0.0,,,964883,tt27530851,35 | 18
1194,2121,Yo Mama,2023,Comédie,5.4,25.0,0.5233,97.0,0.0,0.0,,,998582,tt27711968,35
1195,2123,3 jours max,2023,Comédie,5.364,214.0,2.5818,90.0,20000000.0,15152854.0,,,967582,tt27712015,35
1196,2124,Medellin,2023,Action | Comédie,5.647,224.0,1.3378,104.0,0.0,0.0,,,961718,tt27714278,28 | 35
1197,2125,Les femmes au balcon,2024,Comédie | Horreur | Fantastique,6.314,129.0,1.5256,103.0,0.0,0.0,,,1112466,tt27721737,35 | 27 | 14
1198,2126,Petites Mains,2024,Comédie,6.4,71.0,0.7877,87.0,0.0,0.0,,,978090,tt27722491,35
1199,2127,Ici et là-bas,2024,Comédie,5.9,67.0,1.5403,92.0,0.0,1913125.0,,,1114751,tt27722530,35
1200,2130,Sous le tapis,2023,Comédie | Drame,5.7,35.0,0.5266,97.0,0.0,0.0,,,995396,tt27757500,35 | 18
1201,2131,Zénithal,2024,Comédie | Action | Romance,5.318,11.0,0.8755,80.0,2500000.0,0.0,,,1001057,tt27788030,35 | 28 | 10749
1202,2132,Le Roman de Jim,2024,Comédie | Drame,6.864,217.0,1.033,97.0,0.0,0.0,,,1102938,tt27811096,35 | 18
1203,2134,Finalement,2024,Comédie | Musique | Romance,5.963,41.0,1.158,127.0,0.0,0.0,,,1132634,tt27819140,35 | 10402 | 10749
1204,2136,Un Noël en famille,2024,Comédie | Familial,5.722,18.0,0.3225,93.0,0.0,0.0,,,1147114,tt27829770,35 | 10751
1205,2137,Aimer perdre,2025,Comédie | Drame | Romance,6.6,18.0,0.4898,86.0,0.0,0.0,,,1233354,tt27834329,35 | 18 | 10749
1206,2138,Second Tour,2023,Comédie,6.25,206.0,0.9442,97.0,0.0,7466699.0,,,962309,tt27851639,35
1207,2140,Goal of the Dead,2014,Comédie | Horreur,5.466,118.0,0.7418,140.0,0.0,0.0,,,273467,tt2787824,35 | 27
1208,2141,Gemma Bovery,2014,Romance | Drame | Comédie,6.157,347.0,2.7611,99.0,9700000.0,154701.0,,,272435,tt2788556,10749 | 18 | 35
1209,2144,Nouveaux riches,2023,Comédie | Romance,5.762,143.0,1.7287,102.0,0.0,0.0,,,1034940,tt27921620,35 | 10749
1210,2147,Je fais le mort,2013,Comédie,5.4,138.0,0.6377,105.0,0.0,0.0,,,225719,tt2795848,35
1211,2149,Qu'est-ce qu'on a fait au Bon Dieu ?,2014,Comédie,6.663,3517.0,3.2665,97.0,13000000.0,176404493.0,,,262391,tt2800240,35
1212,2151,Bis Repetita,2024,Comédie,5.1,68.0,0.6016,86.0,3500000.0,300000.0,,,1018728,tt28080273,35
1213,2152,Maison de retraite 2,2024,Comédie,5.301,88.0,1.6054,102.0,0.0,11227393.0,,,1083300,tt28102880,35
1214,2153,Les rencontres d'après minuit,2013,Romance | Drame | Comédie | Fantastique,5.9,71.0,1.083,92.0,0.0,0.0,,,191718,tt2811878,10749 | 18 | 35 | 14
1215,2154,Et la fête continue !,2023,Drame | Comédie,6.3,47.0,0.9386,106.0,0.0,0.0,,,960042,tt28182919,18 | 35
1216,2159,Sous le vent des Marquises,2024,Drame | Comédie,5.7,24.0,0.6083,92.0,0.0,0.0,,,1001008,tt28244012,18 | 35
1217,2160,Karaoké,2024,Comédie,5.844,45.0,0.7113,89.0,0.0,0.0,,,1088570,tt28244038,35
1218,2162,Les Infaillibles,2024,Comédie | Action,6.3,100.0,1.0282,99.0,0.0,0.0,,,1143019,tt28290049,35 | 28
1219,2166,La Récréation de Juillet,2024,Comédie | Drame,6.0,14.0,0.1846,80.0,0.0,0.0,,,1232072,tt28375076,35 | 18
1220,2168,Heureux Gagnants,2024,Comédie,5.891,225.0,1.0494,103.0,0.0,0.0,,,1216452,tt28444113,35
1221,2169,Né quelque part,2013,Comédie | Drame,5.216,51.0,0.5966,102.0,0.0,0.0,,,199914,tt2844994,35 | 18
1222,2170,La Fille du 14 juillet,2013,Comédie,5.886,67.0,0.5089,88.0,0.0,0.0,,,190817,tt2846972,35
1223,2171,La Bataille de Solférino,2013,Comédie | Drame,6.006,78.0,0.6906,94.0,0.0,0.0,,,195173,tt2846996,35 | 18
1224,2173,"Nous, les Leroy",2024,Comédie | Drame,6.218,289.0,0.9103,103.0,0.0,0.0,,,964877,tt28480619,35 | 18
1225,2175,Le Cœur des hommes 3,2013,Comédie,5.784,102.0,0.7384,114.0,0.0,0.0,,,215303,tt2848734,35
1226,2176,Comme un prince,2024,Comédie,5.581,43.0,0.3804,90.0,0.0,0.0,,,1019864,tt28487662,35
1227,2177,La Grande Boucle,2013,Comédie,5.5,64.0,0.7372,98.0,0.0,0.0,,,197629,tt2849498,35
1228,2178,Le Panache,2024,Comédie | Drame,6.616,56.0,1.0853,93.0,0.0,0.0,,,1154312,tt28497662,35 | 18
1229,2180,9 Mois ferme,2013,Comédie,6.443,584.0,1.4599,82.0,0.0,0.0,,,200713,tt2853614,35
1230,2182,La Famille Hennedricks,2024,Comédie | Familial,5.576,59.0,0.4324,98.0,0.0,0.0,,,1130405,tt28596621,35 | 10751
1231,2183,2 automnes 3 hivers,2013,Comédie,6.0,47.0,0.4903,91.0,0.0,0.0,,,196398,tt2871116,35
1232,2184,Tombés du camion,2024,Comédie | Drame,5.4,33.0,0.4246,89.0,0.0,0.0,,,1084869,tt28776444,35 | 18
1233,2186,Hippocrate,2014,Comédie | Drame,6.533,499.0,1.3792,102.0,0.0,0.0,,,271724,tt2891070,35 | 18
1234,2187,14 Jours pour aller mieux,2024,Comédie,5.388,58.0,0.6562,94.0,0.0,0.0,,,1118841,tt29007338,35
1235,2188,Prosper,2025,Comédie | Fantastique,5.586,29.0,0.5306,92.0,2000000.0,0.0,,,1000881,tt29031223,35 | 14
1236,2191,Le Tableau volé,2024,Drame | Comédie,6.073,137.0,1.4791,87.0,0.0,0.0,,,1076555,tt29147289,18 | 35
1237,2192,"Tirez la langue, mademoiselle",2013,Comédie | Drame | Romance,5.528,36.0,0.3706,102.0,0.0,0.0,,,204762,tt2916510,35 | 18 | 10749
1238,2193,Loups-Garous,2024,Aventure | Comédie | Fantastique | Action | Familial,5.598,538.0,3.4953,95.0,0.0,0.0,,,1091181,tt29195603,12 | 35 | 14 | 28 | 10751
1239,2194,Paradis Paris,2024,Comédie | Drame,5.6,26.0,1.1887,109.0,0.0,0.0,,,1119546,tt29198659,35 | 18
1240,2195,Inestimable,2023,Comédie,5.688,88.0,0.9566,93.0,0.0,0.0,,,1100474,tt29198701,35
1241,2196,Je ne suis pas un héros,2023,Comédie,6.1,71.0,0.9207,101.0,0.0,460904.0,,,1004255,tt29198884,35
1242,2197,Libre et assoupi,2014,Comédie,6.5,206.0,2.6724,93.0,0.0,0.0,,,268523,tt2922440,35
1243,2198,Nice Girls,2024,Comédie | Crime | Action,5.4,74.0,1.3728,92.0,0.0,0.0,,,1180702,tt29288566,35 | 80 | 28
1244,2199,Gérald le Conquérant,2025,Comédie,5.6,30.0,1.5863,84.0,0.0,0.0,,,1174382,tt29312656,35
1245,2200,Paris pieds nus,2017,Comédie,6.032,126.0,1.0848,83.0,0.0,0.0,,,413778,tt2936884,35
1246,2201,Dans la peau de Blanche Houellebecq,2024,Comédie,5.7,24.0,0.5753,88.0,0.0,0.0,,,1043899,tt29383085,35
1247,2204,16 ans ou presque,2013,Comédie,5.13,227.0,0.6992,88.0,0.0,0.0,,,242673,tt2947742,35
1248,2205,Un monde merveilleux,2025,Comédie | Drame | Science-Fiction,5.5,33.0,1.2629,78.0,0.0,0.0,,,1154725,tt29516588,35 | 18 | 878
1249,2209,Les SEGPA au ski,2023,Comédie,5.364,44.0,0.2601,102.0,0.0,0.0,,,1098987,tt29669289,35
1250,2210,Le Crocodile du Botswanga,2014,Comédie,5.249,373.0,0.8894,90.0,10916704.0,0.0,,,248390,tt2969776,35
1251,2211,Tu veux… ou tu veux pas,2014,Comédie | Romance,5.441,304.0,0.951,87.0,0.0,0.0,,,289153,tt2978426,35 | 10749
1252,2212,12 ans d'âge,2013,Comédie,5.4,22.0,0.5079,85.0,0.0,0.0,,,197783,tt2979414,35
1253,2213,Des jours meilleurs,2025,Comédie | Drame,6.695,77.0,1.1887,104.0,0.0,0.0,,,1178518,tt29887422,35 | 18
1254,2216,Un stupéfiant Noël !,2023,Comédie | Aventure | Action,5.434,76.0,0.942,94.0,0.0,0.0,,,1204912,tt29961072,35 | 12 | 28
1255,2219,Avis de mistral,2014,Comédie | Drame,6.37,319.0,1.5627,105.0,0.0,4519865.0,,,263281,tt3013588,35 | 18
1256,2220,Les Vacances du Petit Nicolas,2014,Familial | Comédie,5.358,474.0,1.6938,97.0,0.0,0.0,,,277368,tt3019796,10751 | 35
1257,2221,Quelques jours pas plus,2024,Drame | Comédie,6.1,38.0,0.3688,103.0,3749000.0,331.0,,,1001023,tt30309698,18 | 35
1258,2224,Trois amies,2024,Comédie | Romance | Drame,6.232,136.0,1.7523,117.0,0.0,2.0,,,1137245,tt30325268,35 | 10749 | 18
1259,2225,Les Règles de l'art,2025,Drame | Comédie | Crime,5.9,25.0,0.5442,94.0,0.0,0.0,,,1208695,tt30330547,18 | 35 | 80
1260,2227,N'avoue jamais,2024,Comédie,6.101,94.0,0.8293,94.0,5000000.0,6483501.0,,,1192195,tt30442596,35
1261,2228,Opération Portugal 2 : La Vie de château,2024,Comédie,5.6,29.0,0.5641,94.0,0.0,0.0,,,1155840,tt30471155,35
1262,2230,Fêlés,2024,Comédie,5.5,28.0,0.8791,91.0,0.0,0.0,,,1310042,tt30485704,35
1263,2231,Les Chèvres !,2024,Comédie,5.436,55.0,1.0422,100.0,0.0,0.0,,,1047227,tt30505337,35
1264,2232,On a failli être amies,2014,Comédie,5.1,80.0,0.8543,90.0,0.0,2577351.0,,,270342,tt3053860,35
1265,2237,Fonzy,2013,Comédie,5.3,236.0,1.0795,103.0,0.0,0.0,,,200823,tt3077818,35
1266,2238,Le Deuxième Acte,2024,Comédie | Drame,6.085,294.0,1.3312,80.0,0.0,0.0,,,1161108,tt30784256,35 | 18
1267,2240,Ma vie Ma gueule,2024,Comédie | Drame,5.5,18.0,0.6514,99.0,0.0,0.0,,,1001434,tt30797042,35 | 18
1268,2241,Les Pistolets en plastique,2024,Comédie | Drame,5.6,85.0,0.9985,91.0,0.0,0.0,,,1000888,tt30824664,35 | 18
1269,2242,Avec ou sans enfants ?,2025,Comédie,5.5,22.0,0.682,86.0,0.0,0.0,,,1181161,tt30831836,35
1270,2243,On fait quoi maintenant ?,2024,Comédie,5.136,33.0,0.5333,91.0,0.0,0.0,,,1101242,tt30832306,35
1271,2245,Les Trois Frères : Le Retour,2014,Comédie,5.047,472.0,0.8511,106.0,13640000.0,20193106.0,,,246320,tt3092076,35
1272,2246,Sous les jupes des filles,2014,Comédie,5.7,385.0,1.0273,116.0,5000000.0,12058187.0,,,273169,tt3098306,35
1273,2247,Neuilly-Poissy,2024,Comédie,5.4,30.0,0.3706,97.0,0.0,0.0,,,1138230,tt31014730,35
1274,2248,Hors du temps,2024,Comédie | Drame | Romance,5.048,21.0,0.767,105.0,0.0,0.0,,,1119625,tt31015247,35 | 18 | 10749
1275,2249,La Ritournelle,2014,Comédie,5.907,43.0,1.4449,98.0,0.0,0.0,,,258435,tt3104572,35
1276,2250,Presque légal,2024,Comédie,5.4,15.0,0.4376,82.0,0.0,0.0,,,995775,tt31070377,35
1277,2251,Jane Austen a gâché ma vie,2025,Comédie | Romance | Drame,6.0,115.0,1.2704,98.0,0.0,4391484.0,,,1082424,tt31112509,35 | 10749 | 18
1278,2255,Et plus si affinités,2024,Comédie | Drame,5.8,105.0,15.6265,77.0,0.0,0.0,,,1174024,tt31159666,35 | 18
1279,2258,Redouane Bougheraba : On m'appelle Marseille,2022,Comédie,5.8,11.0,0.1037,75.0,0.0,0.0,,,1118853,tt31498817,35
1280,2259,Fils de,2025,Comédie,5.063,17.0,0.9945,101.0,0.0,0.0,,,1197122,tt31539607,35
1281,2260,La Cache,2025,Comédie | Drame,5.726,62.0,0.4372,90.0,0.0,0.0,,,1266809,tt31566788,35 | 18
1282,2262,Tristesse Club,2014,Drame | Comédie,5.811,53.0,0.8027,90.0,0.0,0.0,,,274483,tt3169710,18 | 35
1283,2265,À l'ancienne,2024,Comédie,5.12,79.0,0.4313,89.0,0.0,0.0,,,1140721,tt31862997,35
1284,2267,Lou ! Journal infime,2014,Comédie,5.7,210.0,0.8258,104.0,6113859.0,1581125.0,,,294463,tt3202098,35
1285,2269,La Liste de mes envies,2014,Comédie | Drame,5.437,151.0,0.7926,98.0,0.0,0.0,,,277230,tt3202392,35 | 18
1286,2270,Situation amoureuse : c'est compliqué,2014,Romance | Comédie,5.2,198.0,0.7083,100.0,0.0,0.0,,,255913,tt3202408,10749 | 35
1287,2271,Les Combattants,2014,Comédie | Romance,6.5,455.0,1.2555,98.0,0.0,23598.0,,,270343,tt3204144,35 | 10749
1288,2272,Elle & lui et le reste du monde,2024,Comédie | Romance,6.69,21.0,0.3469,82.0,0.0,0.0,,,1084849,tt32045780,35 | 10749
1289,2273,Miséricorde,2024,Drame | Thriller | Comédie,6.389,167.0,1.9103,102.0,0.0,1703284.0,,,1063574,tt32085997,18 | 53 | 35
1290,2274,Vingt Dieux,2024,Drame | Comédie,6.9,332.0,1.4857,90.0,0.0,6587495.0,,,1079310,tt32086034,18 | 35
1291,2275,Marcello Mio,2024,Comédie | Drame,5.8,63.0,1.5782,121.0,0.0,0.0,,,1145608,tt32086069,35 | 18
1292,2280,Les Bodin’s partent en vrille,2025,Comédie,6.1,35.0,0.7227,95.0,0.0,0.0,,,1235619,tt32192665,35
1293,2282,Les Châteaux de sable,2015,Comédie | Drame,5.2,19.0,0.9029,102.0,0.0,0.0,,,331114,tt3223302,35 | 18
1294,2283,Papa was not a Rolling Stone,2014,Drame | Comédie,5.6,37.0,0.2596,99.0,0.0,0.0,,,294466,tt3227548,18 | 35
1295,2286,French Lover,2025,Romance | Comédie,6.103,229.0,2.1217,122.0,0.0,0.0,,,1289888,tt32360696,10749 | 35
1296,2287,Natacha (presque) hôtesse de l'air,2025,Comédie | Aventure,5.2,34.0,1.0345,90.0,15000000.0,0.0,,,1266781,tt32370862,35 | 12
1297,2288,L'heureuse élue,2024,Comédie | Romance,5.02,75.0,0.7809,91.0,0.0,0.0,,,1235502,tt32373672,35 | 10749
1298,2292,Doux Jésus,2025,Comédie,5.728,46.0,1.0711,86.0,0.0,0.0,,,1284514,tt32535595,35
1299,2293,Baise-en-ville,2026,Comédie,6.4,17.0,0.9606,94.0,0.0,0.0,,,1235303,tt32558601,35
1300,2297,La Femme la plus riche du monde,2025,Comédie | Drame,6.077,111.0,1.9256,121.0,0.0,7740474.0,,,1309725,tt32759477,35 | 18
1301,2302,Classe moyenne,2025,Comédie,6.0,64.0,1.1766,96.0,0.0,0.0,,,1313211,tt32916648,35
1302,2303,C'est le monde à l'envers !,2024,Comédie | Drame,5.241,54.0,0.736,109.0,0.0,0.0,,,964876,tt32919648,35 | 18
1303,2307,Le Beau Rôle,2024,Comédie | Romance,6.3,29.0,0.5323,84.0,0.0,0.0,,,1315540,tt33073915,35 | 10749
1304,2311,Un village presque parfait,2014,Comédie,5.4,125.0,0.5277,98.0,5000000.0,0.0,,,319143,tt3324286,35
1305,2314,Aimons-nous vivants,2025,Comédie | Romance,5.608,51.0,1.0097,90.0,0.0,0.0,,,1306293,tt33305346,35 | 10749
1306,2315,C'était mieux demain,2025,Comédie | Science-Fiction,6.1,87.0,7.7954,100.0,0.0,8294733.0,,,1284496,tt33323667,35 | 878
1307,2318,Haut les mains !,2025,Comédie,6.0,18.0,0.5936,83.0,0.0,0.0,,,1193450,tt33396597,35
1308,2320,Sous écrous,2024,Action | Comédie,5.4,51.0,0.8756,111.0,0.0,0.0,,,1279871,tt33396612,28 | 35
1309,2322,Délocalisés,2025,Comédie,5.322,45.0,0.6179,86.0,0.0,0.0,,,1294174,tt33500771,35
1310,2323,Joli Joli,2024,Comédie | Musique | Romance,5.3,34.0,0.719,116.0,0.0,0.0,,,1217484,tt33504161,35 | 10402 | 10749
1311,2326,God Save the Tuche,2025,Comédie,5.097,150.0,1.3175,101.0,0.0,23311298.0,,,1137759,tt33613785,35
1312,2327,Vacances forcées,2025,Comédie,6.074,54.0,1.2542,100.0,0.0,0.0,,,1284505,tt33836626,35
1313,2329,Un ours dans le Jura,2025,Comédie | Thriller | Crime,6.445,339.0,3.769,112.0,0.0,11511605.0,,,1210732,tt33984333,35 | 53 | 80
1314,2331,Bon rétablissement !,2014,Comédie,5.389,140.0,1.0432,81.0,0.0,0.0,,,289151,tt3399054,35
1315,2334,Supercondriaque,2014,Comédie,5.492,1125.0,1.7263,107.0,0.0,0.0,,,248507,tt3421514,35
1316,2338,Elle l'adore,2014,Drame | Thriller | Comédie,6.0,269.0,0.7237,104.0,0.0,0.0,,,270919,tt3433358,18 | 53 | 35
1317,2341,Gaby Baby Doll,2014,Comédie | Romance,5.5,17.0,0.1948,88.0,0.0,0.0,,,307314,tt3446862,35 | 10749
1318,2342,Regarde,2025,Comédie | Drame,6.313,32.0,1.4212,87.0,0.0,0.0,,,1242426,tt34479814,35 | 18
1319,2343,Le Secret de Khéops,2025,Aventure | Comédie,5.861,108.0,1.304,97.0,0.0,0.0,,,1217483,tt34482468,12 | 35
1320,2344,Différente,2025,Comédie | Romance,6.711,19.0,0.6828,100.0,3500000.0,426.0,,,1001030,tt34487780,35 | 10749
1321,2348,"Kaamelott : Deuxième Volet, partie 1",2025,Aventure | Fantastique | Comédie | Histoire,6.077,98.0,2.0118,139.0,20000000.0,0.0,,,1076897,tt34624872,12 | 14 | 35 | 36
1322,2351,L'Incroyable Femme des neiges,2025,Comédie | Drame,6.9,12.0,0.9097,101.0,0.0,0.0,,,1221711,tt34717620,35 | 18
1323,2355,Pas son genre,2014,Comédie | Romance | Drame,6.147,167.0,0.8395,111.0,0.0,0.0,,,266537,tt3489470,35 | 10749 | 18
1324,2358,Le Mélange des genres,2025,Comédie | Drame | Crime,5.662,37.0,0.4694,103.0,0.0,1103263.0,,,1235298,tt34997988,35 | 18 | 80
1325,2359,L'Enlèvement de Michel Houellebecq,2014,Comédie | Drame,6.5,50.0,0.5379,92.0,0.0,0.0,,,255533,tt3504542,35 | 18
1326,2364,Lune de miel avec ma mère,2025,Comédie,5.621,161.0,1.6907,93.0,0.0,0.0,,,1361622,tt35300972,35
1327,2365,Avignon,2025,Comédie | Familial,6.215,135.0,0.7825,104.0,0.0,0.0,,,1352310,tt35315322,35 | 10751
1328,2366,Le Père Noël,2014,Comédie,6.7,176.0,2.6787,80.0,0.0,0.0,,,305455,tt3532850,35
1329,2371,Ceux qui comptent,2026,Comédie | Drame,6.68,25.0,1.33,100.0,0.0,0.0,,,1421963,tt35404853,35 | 18
1330,2373,"Adieu, Jean-Pat",2025,Comédie | Drame,5.58,25.0,0.4902,94.0,0.0,727410.0,,,1266813,tt35405442,35 | 18
1331,2375,L'Amour c'est surcoté,2025,Comédie | Romance,6.695,164.0,1.1059,98.0,0.0,0.0,,,1071064,tt35420252,35 | 10749
1332,2376,L'Accident de piano,2025,Comédie,6.2,194.0,2.4818,88.0,0.0,0.0,,,1313144,tt35431236,35
1333,2377,La Famille Bélier,2014,Comédie | Musique | Drame,6.941,2472.0,1.926,105.0,11000000.0,72775689.0,,,304410,tt3547740,35 | 10402 | 18
1334,2379,Le Rendez-vous de l'été,2025,Comédie | Drame,6.3,15.0,0.8778,77.0,0.0,0.0,,,1294706,tt35489613,35 | 18
1335,2380,Sur la route de papa,2025,Comédie,5.1,11.0,0.5683,91.0,0.0,0.0,,,1389410,tt35518655,35
1336,2391,Anges & Cie,2025,Comédie | Fantastique,6.37,46.0,1.4233,91.0,0.0,0.0,,,1261616,tt35819793,35 | 14
1337,2395,Une pointe d'amour,2025,Comédie,5.8,41.0,0.6275,90.0,0.0,0.0,,,1315979,tt36204193,35
1338,2398,Chasse gardée 2,2025,Comédie,5.7,43.0,1.6406,100.0,0.0,0.0,,,1437985,tt36280391,35
1339,2401,Vincent n'a pas d'écailles,2014,Comédie | Aventure | Fantastique,5.5,60.0,0.6118,80.0,0.0,0.0,,,294458,tt3636528,35 | 12 | 14
1340,2403,Falcon Express,2025,Animation | Comédie | Aventure | Thriller,6.9,46.0,6.1801,86.0,0.0,13557300.0,,,1107216,tt36424914,16 | 35 | 12 | 53
1341,2408,Une Heure de Tranquillité,2014,Comédie,5.295,378.0,1.692,79.0,0.0,0.0,,,298614,tt3667648,35
1342,2413,LOL 2.0,2026,Comédie,6.268,41.0,2.2682,105.0,0.0,0.0,,,1477170,tt36841139,35
1343,2418,I Love Peru,2025,Comédie | Drame | Aventure,5.652,66.0,0.6963,68.0,0.0,0.0,,,1477279,tt36965993,35 | 18 | 12
1344,2421,Les Profs 2,2015,Comédie,5.3,946.0,1.018,92.0,17000000.0,25364150.0,,,325844,tt3713944,35
1345,2423,Police Flash 80,2026,Comédie | Crime,6.8,21.0,2.0095,86.0,0.0,0.0,,,1002109,tt37319567,35 | 80
1346,2428,Astérix : Le Domaine des dieux,2014,Animation | Comédie | Aventure | Familial,6.8,1462.0,2.8356,82.0,30000000.0,51379470.0,,,170522,tt3759416,16 | 35 | 12 | 10751
1347,2437,Une famille à louer,2015,Comédie | Romance,5.2,437.0,1.1998,97.0,0.0,0.0,,,342281,tt3811986,35 | 10749
1348,2438,"À trois, on y va",2015,Comédie | Romance,5.936,149.0,0.7983,86.0,0.0,0.0,,,299715,tt3817962,35 | 10749
1349,2440,Gad Elmaleh - Papa est en haut,2008,Comédie | Familial,7.6,154.0,0.3682,101.0,0.0,0.0,,,30273,tt3849124,35 | 10751
1350,2447,Le Crime du 3e étage,2026,Comédie | Drame | Crime,6.6,31.0,1.4303,106.0,0.0,0.0,,,1471224,tt38814447,35 | 18 | 80
1351,2448,Microbe et Gasoil,2015,Comédie,6.09,155.0,0.5079,103.0,0.0,63802.0,,,337677,tt3882000,35
1352,2451,On voulait tout casser,2015,Comédie | Drame,5.677,82.0,0.7983,86.0,9.0,0.0,,,341742,tt3896710,35 | 18
1353,2454,Nos futurs,2015,Comédie,6.228,123.0,1.2225,97.0,0.0,0.0,,,344475,tt3902310,35
1354,2457,Nos femmes,2015,Romance | Comédie | Drame,5.379,99.0,0.6726,95.0,0.0,0.0,,,332812,tt3913206,10749 | 35 | 18
1355,2469,On a Marché sur Bangkok,2014,Aventure | Comédie,5.048,114.0,0.856,93.0,0.0,0.0,,,295087,tt3985434,12 | 35
1356,2471,21 nuits avec Pattie,2015,Comédie,5.7,95.0,0.7737,115.0,0.0,0.0,,,359805,tt4022440,35
1357,2472,Solange et les vivants,2016,Drame | Comédie,5.5,12.0,0.0708,67.0,14529.0,0.0,,,386794,tt4023430,18 | 35
1358,2473,Je suis à vous tout de suite,2015,Drame | Comédie,5.4,70.0,0.9963,99.0,0.0,0.0,,,352188,tt4025194,18 | 35
1359,2476,La Fille du patron,2016,Comédie | Drame | Romance,5.1,91.0,0.8646,98.0,0.0,0.0,,,330333,tt4040042,35 | 18 | 10749
1360,2480,Ange et Gabrielle,2015,Romance | Comédie,5.7,151.0,0.7939,91.0,0.0,0.0,,,360994,tt4058218,10749 | 35
1361,2483,Je suis mort mais j'ai des amis,2015,Comédie,6.1,30.0,0.3759,96.0,0.0,0.0,,,345594,tt4075488,35
1362,2484,Papa ou maman,2015,Comédie,6.105,1074.0,1.3057,85.0,0.0,0.0,,,319341,tt4080672,35
1363,2485,Le Goût des merveilles,2015,Comédie | Romance | Drame,6.8,294.0,1.3838,97.0,0.0,0.0,,,369770,tt4084056,35 | 10749 | 18
1364,2488,L'Effet aquatique,2016,Drame | Comédie | Romance,5.965,100.0,0.6036,85.0,0.0,0.0,,,389044,tt4161564,18 | 35 | 10749
1365,2489,Qui c'est les plus forts ?,2015,Comédie,5.2,62.0,0.7319,103.0,0.0,0.0,,,342149,tt4161632,35
1366,2490,Floride,2015,Comédie | Drame,6.4,77.0,0.7296,109.0,0.0,0.0,,,340361,tt4163636,35 | 18
1367,2491,Comme un avion,2015,Comédie | Drame,6.6,153.0,1.0133,105.0,0.0,0.0,,,343702,tt4163644,35 | 18
1368,2493,Les deux amis,2015,Drame | Romance | Comédie,5.8,137.0,1.0169,100.0,0.0,0.0,,,336652,tt4176556,18 | 10749 | 35
1369,2494,L'Hermine,2015,Comédie | Crime | Drame | Romance,6.126,206.0,1.0991,98.0,0.0,0.0,,,329809,tt4216908,35 | 80 | 18 | 10749
1370,2496,Good Luck Algeria,2016,Comédie,5.5,51.0,0.5594,91.0,0.0,0.0,,,380830,tt4250606,35
1371,2497,Paris-Willouby,2016,Comédie | Drame,5.3,31.0,0.5722,83.0,0.0,0.0,,,375898,tt4313608,35 | 18
1372,2498,La Vie très privée de monsieur Sim,2015,Comédie | Drame,6.0,102.0,0.9512,102.0,0.0,0.0,,,372640,tt4313614,35 | 18
1373,2499,Asphalte,2015,Drame | Comédie,6.858,194.0,1.3999,100.0,0.0,0.0,,,336199,tt4357368,18 | 35
1374,2501,A Love You,2015,Comédie,6.293,41.0,0.5682,90.0,0.0,0.0,,,339186,tt4384186,35
1375,2502,Tout pour être heureux,2016,Comédie,6.107,131.0,0.989,97.0,0.0,0.0,,,384112,tt4386356,35
1376,2503,Babysitting 2,2015,Comédie,6.323,1412.0,1.6756,93.0,9458736.0,24563629.0,,,331836,tt4400058,35
1377,2506,Faut pas lui dire,2017,Comédie,5.4,118.0,0.5079,96.0,0.0,0.0,,,415034,tt4428714,35
1378,2507,Marie et les naufragés,2016,Comédie,6.2,15.0,0.1826,104.0,0.0,0.0,,,384589,tt4428774,35
1379,2508,Rosalie Blum,2016,Comédie,6.427,130.0,1.3761,95.0,0.0,0.0,,,381353,tt4447076,35
1380,2509,Le Fantôme de Canterville,2016,Fantastique | Comédie | Familial,5.5,123.0,1.1786,92.0,0.0,0.0,,,359538,tt4463248,14 | 35 | 10751
1381,2510,"Connasse, princesse des cœurs",2015,Comédie,5.8,485.0,0.937,80.0,0.0,8540288.0,,,325848,tt4466362,35
1382,2512,"Un peu, beaucoup, aveuglément",2015,Comédie | Romance | Drame,6.444,569.0,1.2554,90.0,0.0,0.0,,,334878,tt4466936,35 | 10749 | 18
1383,2519,Je compte sur vous,2015,Thriller | Comédie | Drame,5.5,58.0,0.7902,98.0,0.0,0.0,,,369772,tt4531006,53 | 35 | 18
1384,2523,Un petit boulot,2016,Action | Comédie,6.101,189.0,0.7119,97.0,0.0,0.0,,,402907,tt4551314,28 | 35
1385,2526,Saint Amour,2016,Comédie | Drame,5.664,165.0,1.2914,101.0,0.0,0.0,,,358725,tt4589186,35 | 18
1386,2530,Amis publics,2016,Comédie,6.2,372.0,1.0437,98.0,0.0,0.0,,,369781,tt4625516,35
1387,2532,Le voyage au Groenland,2016,Drame | Comédie,6.1,34.0,0.4729,98.0,0.0,0.0,,,396920,tt4641248,18 | 35
1388,2534,Fahim,2019,Drame | Familial | Comédie,6.9,179.0,1.5477,108.0,0.0,0.0,,,589978,tt4693588,18 | 10751 | 35
1389,2535,Un profil pour deux,2017,Romance | Drame | Comédie,5.967,212.0,0.9326,100.0,5000000.0,3358085.0,,,434273,tt4693612,10749 | 18 | 35
1390,2536,Un homme à la hauteur,2016,Comédie | Romance | Drame,6.0,869.0,2.4187,98.0,10000000.0,0.0,,,366514,tt4699388,35 | 10749 | 18
1391,2538,Ma Loute,2016,Comédie,5.6,273.0,1.1608,120.0,8104734.0,920719.0,,,371865,tt4726636,35
1392,2539,Joséphine s'arrondit,2016,Comédie,5.764,280.0,0.7452,95.0,0.0,0.0,,,369780,tt4741686,35
1393,2541,"Deux Rémi, Deux",2015,Fantastique | Comédie,5.2,12.0,0.3497,62.0,0.0,0.0,,,354430,tt4783254,14 | 35
1394,2543,Ma famille t'adore déjà !,2016,Comédie,5.222,281.0,0.991,84.0,0.0,0.0,,,392140,tt4787478,35
1395,2546,L'Idéal,2016,Comédie,5.3,113.0,0.6295,90.0,0.0,0.0,,,384727,tt4840554,35
1396,2547,Adopte un veuf,2016,Comédie,6.243,369.0,1.357,97.0,0.0,0.0,,,384371,tt4857596,35
1397,2548,À la recherche de l’ultra-sex,2015,Comédie,5.9,17.0,0.1938,59.0,0.0,0.0,,,346564,tt4875550,35
1398,2549,Sur quel pied danser,2016,Musique | Comédie,6.3,11.0,0.23,85.0,0.0,0.0,,,395599,tt4875774,10402 | 35
1399,2551,Chant d'hiver,2015,Comédie | Drame,6.4,14.0,0.5232,117.0,0.0,0.0,,,354148,tt4880956,35 | 18
1400,2552,Les Tuche 2 : Le Rêve américain,2016,Comédie,5.56,1017.0,1.9049,97.0,8500000.0,35210425.0,,,369776,tt4926538,35
1401,2553,C'est quoi cette famille ?!,2016,Comédie | Familial,6.281,219.0,1.0494,99.0,0.0,5851195.0,,,391700,tt4926822,35 | 10751
1402,2558,À Fond,2016,Familial | Comédie | Action,6.033,669.0,2.5805,91.0,0.0,7268779.0,,,382598,tt4993964,10751 | 35 | 28
1403,2560,Crash Test Aglaé,2017,Comédie,6.2,87.0,0.4278,85.0,0.0,0.0,,,456768,tt5037626,35
1404,2561,Des nouvelles de la planète mars,2016,Comédie,5.419,80.0,0.6538,101.0,0.0,0.0,,,380879,tt5038358,35
1405,2565,Hibou,2016,Comédie | Romance,5.6,25.0,0.6442,82.0,0.0,0.0,,,400148,tt5058358,35 | 10749
1406,2568,"Les Premiers, les Derniers",2016,Drame | Comédie | Crime,6.447,66.0,0.8212,98.0,0.0,0.0,,,377853,tt5072542,18 | 35 | 80
1407,2569,Père Fils Thérapie !,2016,Comédie,5.314,121.0,0.8844,92.0,7230000.0,1453270.0,,,395762,tt5077538,35
1408,2570,Dieumerci !,2016,Comédie,5.9,34.0,0.832,95.0,0.0,0.0,,,375895,tt5077886,35
1409,2571,La Prunelle de mes yeux,2016,Romance | Comédie,5.4,28.0,0.4963,90.0,0.0,0.0,,,408274,tt5078100,10749 | 35
1410,2575,Médecin de campagne,2016,Drame | Comédie,6.195,249.0,1.0497,102.0,0.0,0.0,,,375950,tt5078326,18 | 35
1411,2576,La Folle Histoire de Max et Léon,2016,Comédie | Guerre | Aventure,6.298,833.0,1.1342,98.0,12156348.0,8750678.0,,,392142,tt5091538,35 | 10752 | 12
1412,2578,Comment j'ai rencontré mon père,2017,Comédie,5.3,31.0,0.5866,82.0,0.0,0.0,,,427890,tt5096486,35
1413,2579,Le Petit Locataire,2016,Comédie,5.5,122.0,1.1694,104.0,0.0,0.0,,,416854,tt5114982,35
1414,2580,Retour chez ma mère,2016,Comédie,5.66,463.0,1.161,97.0,8600000.0,0.0,,,383869,tt5115024,35
1415,2581,Le Cœur en braille,2016,Drame | Comédie,6.4,71.0,0.6403,85.0,0.0,0.0,,,398366,tt5124082,18 | 35
1416,2582,Cigarettes et chocolat chaud,2016,Comédie,6.6,88.0,0.5013,98.0,0.0,0.0,,,415032,tt5137222,35
1417,2585,L'Ascension,2017,Comédie | Romance | Aventure,6.683,888.0,1.5709,103.0,6600000.0,0.0,,,421447,tt5157682,35 | 10749 | 12
1418,2587,Rupture pour tous,2016,Comédie,5.362,69.0,0.6161,95.0,0.0,0.0,,,427955,tt5199486,35
1419,2592,Ce qui nous lie,2017,Drame | Comédie,6.853,611.0,1.1533,113.0,0.0,0.0,,,432087,tt5247704,18 | 35
1420,2593,Ouvert la nuit,2017,Drame | Comédie,6.1,72.0,0.7269,96.0,0.0,0.0,,,415036,tt5252396,18 | 35
1421,2594,Radin !,2016,Comédie,5.585,956.0,2.3799,91.0,0.0,0.0,,,382511,tt5253294,35
1422,2600,Mes trésors,2017,Comédie,5.706,231.0,1.4098,91.0,0.0,0.0,,,426830,tt5286268,35
1423,2602,7 jours pas plus,2017,Drame | Comédie,5.9,61.0,0.5758,91.0,0.0,0.0,,,459963,tt5308364,18 | 35
1424,2605,Les enfants de la chance,2016,Drame | Comédie,6.8,44.0,0.5045,90.0,0.0,0.0,,,415356,tt5337760,18 | 35
1425,2607,Rock'n Roll,2017,Comédie | Drame,5.2,767.0,1.1973,123.0,17900000.0,0.0,,,382589,tt5351818,35 | 18
1426,2608,Ma vie avec James Dean,2018,Comédie | Drame,5.4,21.0,0.3781,108.0,0.0,0.0,,,511793,tt5356260,35 | 18
1427,2609,Grand Froid,2017,Comédie | Drame,5.4,62.0,0.9411,86.0,0.0,0.0,,,438790,tt5356292,35 | 18
1428,2620,Bienvenue à Marly-Gomont,2016,Comédie,6.809,668.0,1.9679,94.0,0.0,0.0,,,393764,tt5555502,35
1429,2623,Débarquement Immédiat !,2016,Comédie,5.7,278.0,0.9137,90.0,0.0,0.0,,,382518,tt5597946,35
1430,2624,Jeune femme,2017,Comédie | Drame,5.8,115.0,0.6829,97.0,0.0,0.0,,,452016,tt5598160,35 | 18
1431,2625,Si j'étais un homme,2017,Comédie,5.3,397.0,1.4223,98.0,0.0,1162912.0,,,430528,tt5598172,35
1432,2626,C'est tout pour moi,2017,Comédie,6.5,198.0,0.7082,100.0,0.0,0.0,,,398939,tt5600326,35
1433,2628,Ôtez-moi d'un doute,2017,Drame | Comédie,6.405,216.0,0.9538,100.0,0.0,0.0,,,418970,tt5629340,18 | 35
1434,2630,Alibi.com,2017,Comédie | Familial,6.462,1758.0,2.7203,86.0,7546570.0,29370592.0,,,398929,tt5657028,35 | 10751
1435,2633,Le Redoutable,2017,Drame | Romance | Comédie,6.6,369.0,1.5478,107.0,12840746.0,82264.0,,,416186,tt5687334,18 | 10749 | 35
1436,2634,Willy 1er,2016,Comédie | Drame,6.0,61.0,0.156,82.0,0.0,0.0,,,396924,tt5698748,35 | 18
1437,2639,Gaspard va au mariage,2018,Comédie | Drame,6.0,115.0,0.6578,103.0,0.0,0.0,,,424344,tt5729818,35 | 18
1438,2641,RAID Dingue,2017,Action | Comédie,5.741,948.0,2.8719,107.0,32400000.0,34598750.0,,,382597,tt5736696,28 | 35
1439,2644,Problemos,2017,Comédie | Familial,5.5,435.0,0.9063,85.0,7033745.0,0.0,,,450179,tt5796516,35 | 10751
1440,2646,À bras ouverts,2017,Comédie,5.241,490.0,1.901,92.0,0.0,0.0,,,430365,tt5804948,35
1441,2648,Papa ou maman 2,2016,Comédie,6.119,623.0,0.937,87.0,0.0,0.0,,,382593,tt5833730,35
1442,2651,Diane a les épaules,2017,Comédie | Drame,5.6,44.0,0.5877,87.0,0.0,0.0,,,484410,tt5867796,35 | 18
1443,2655,Bonne pomme,2017,Comédie,5.6,55.0,1.3165,101.0,0.0,0.0,,,428558,tt5972780,35
1444,2656,Gangsterdam,2017,Action | Comédie,5.3,288.0,0.8221,100.0,0.0,0.0,,,411626,tt5976178,28 | 35
1445,2658,De plus belle,2017,Romance | Comédie,6.4,109.0,1.0284,97.0,0.0,0.0,,,430005,tt5986246,10749 | 35
1446,2659,Mission Pays Basque,2017,Comédie | Romance,5.58,193.0,0.8981,100.0,0.0,0.0,,,446038,tt5993456,35 | 10749
1447,2660,Jour J,2017,Romance | Comédie,6.115,479.0,1.8668,94.0,0.0,0.0,,,438347,tt6009140,10749 | 35
1448,2662,Épouse-moi mon pote,2017,Comédie,6.235,1005.0,1.7553,92.0,0.0,0.0,,,432613,tt6021478,35
1449,2663,Sales gosses,2017,Comédie,5.9,185.0,0.7589,88.0,0.0,0.0,,,413655,tt6021860,35
1450,2664,C'est beau la vie quand on y pense,2017,Drame | Comédie,5.7,87.0,0.6398,95.0,0.0,0.0,,,439155,tt6063866,18 | 35
1451,2667,Marie-Francine,2017,Comédie,5.435,239.0,1.1946,95.0,0.0,0.0,,,428756,tt6081632,35
1452,2669,Comme des garçons,2018,Comédie,5.6,132.0,0.6373,98.0,0.0,0.0,,,458956,tt6096948,35
1453,2671,Coexister,2017,Comédie,5.85,418.0,1.4467,90.0,0.0,0.0,,,432618,tt6144762,35
1454,2674,Le Petit Spirou,2017,Comédie | Familial,5.155,100.0,0.8073,86.0,9850941.0,3503943.0,,,398947,tt6194538,35 | 10751
1455,2678,Loue-moi !,2017,Comédie,5.5,125.0,0.7931,89.0,0.0,0.0,,,446040,tt6268152,35
1456,2679,Mon Poussin,2017,Comédie,5.402,164.0,0.8418,97.0,0.0,0.0,,,398926,tt6286630,35
1457,2681,Tout là-haut,2017,Aventure | Comédie | Drame,5.9,139.0,1.3939,99.0,0.0,0.0,,,398933,tt6286668,12 | 35 | 18
1458,2683,Les As de la Jungle,2017,Aventure | Comédie | Familial | Animation,6.3,158.0,1.0568,97.0,7300000.0,12400000.0,,,448779,tt6314690,12 | 35 | 10751 | 16
1459,2684,Drôles de petites bêtes,2017,Animation | Comédie | Familial,6.0,31.0,1.1262,77.0,0.0,14394690.0,,,458252,tt6314766,16 | 35 | 10751
1460,2688,Un beau soleil intérieur,2017,Comédie | Drame | Romance,5.2,220.0,1.1429,94.0,2978000.0,4192590.0,,,431017,tt6423776,35 | 18 | 10749
1461,2689,L'Embarras du choix,2017,Romance | Comédie,5.684,321.0,0.7374,97.0,0.0,0.0,,,437425,tt6445396,10749 | 35
1462,2690,L'Amour est une fête,2018,Comédie | Drame,5.25,100.0,2.1608,119.0,0.0,0.0,,,510460,tt6451260,35 | 18
1463,2691,Le Brio,2017,Drame | Comédie,6.963,916.0,1.5397,95.0,0.0,10968212.0,,,452187,tt6462462,18 | 35
1464,2694,Les Grands Esprits,2017,Comédie | Drame,6.5,217.0,1.0285,106.0,0.0,0.0,,,462503,tt6481478,35 | 18
1465,2699,Qu'est-ce qu'on a encore fait au Bon Dieu ?,2019,Comédie,5.892,1320.0,2.2642,99.0,18500000.0,87761988.0,,,505436,tt6556670,35
1466,2703,Première année,2018,Comédie | Drame,6.7,724.0,1.085,92.0,0.0,0.0,,,463858,tt6690004,35 | 18
1467,2704,La Belle et la Belle,2018,Comédie | Fantastique,5.1,61.0,0.3914,95.0,0.0,0.0,,,505747,tt6690176,35 | 14
1468,2707,Je vais mieux,2018,Comédie,5.6,51.0,0.638,86.0,0.0,0.0,,,474313,tt6811992,35
1469,2709,Tout le monde debout,2018,Comédie | Romance,6.515,784.0,1.6626,107.0,7000000.0,0.0,,,458534,tt6838702,35 | 10749
1470,2711,Je ne suis pas un homme facile,2018,Comédie | Fantastique,6.226,1020.0,1.3888,98.0,0.0,0.0,,,515841,tt6857988,35 | 14
1471,2713,La Ch'tite Famille,2018,Comédie,5.807,768.0,1.3454,107.0,0.0,0.0,,,456165,tt6859418,35
1472,2715,Le Monde est à toi,2018,Comédie | Crime,6.7,440.0,1.9231,94.0,0.0,0.0,,,504603,tt6892462,35 | 80
1473,2719,Les Crevettes pailletées,2019,Comédie,6.578,463.0,1.3537,100.0,3500000.0,4645750.0,,,532938,tt6918220,35
1474,2720,Normandie Nue,2018,Drame | Comédie,5.568,140.0,1.5591,105.0,0.0,5360820.0,,,492550,tt6923840,18 | 35
1475,2721,Un homme pressé,2018,Comédie | Drame,6.5,318.0,1.3838,100.0,0.0,0.0,,,467482,tt6948326,35 | 18
1476,2723,Place publique,2018,Comédie | Drame,5.521,167.0,1.3894,98.0,0.0,0.0,,,486521,tt6972372,35 | 18
1477,2728,Synonymes,2019,Comédie | Drame,5.7,141.0,0.8346,123.0,2500000.0,242483.0,,,501590,tt7016254,35 | 18
1478,2729,Santa & Cie,2017,Comédie | Fantastique | Familial,6.272,670.0,2.3608,95.0,0.0,0.0,,,451500,tt7018010,35 | 14 | 10751
1479,2732,Le Retour du héros,2018,Histoire | Comédie,6.3,646.0,1.3103,90.0,10800000.0,7362730.0,,,457435,tt7064498,36 | 35
1480,2733,Les Tuche 3,2018,Comédie,5.279,842.0,1.7373,88.0,15000000.0,47427990.0,,,424619,tt7066382,35
1481,2734,Christ(Off),2018,Comédie,5.5,81.0,0.8747,91.0,0.0,0.0,,,525916,tt7085632,35
1482,2735,Les Affamés,2018,Comédie,5.2,88.0,0.6545,95.0,0.0,0.0,,,522531,tt7110510,35
1483,2739,Au poste !,2018,Comédie,6.645,636.0,0.9818,73.0,0.0,0.0,,,474331,tt7156222,35
1484,2740,Contes de Juillet,2018,Drame | Comédie,6.5,18.0,0.13,70.0,0.0,0.0,,,467746,tt7162380,18 | 35
1485,2741,Les 11 Commandements Inédits,2004,Comédie,5.819,36.0,0.2103,110.0,0.0,0.0,,,348745,tt7194176,35
1486,2742,Demi-sœurs,2018,Comédie,6.0,198.0,0.9077,105.0,0.0,0.0,,,521092,tt7195416,35
1487,2743,I Feel Good,2018,Drame | Comédie,5.624,229.0,0.4051,103.0,0.0,0.0,,,495671,tt7205630,18 | 35
1488,2749,Taxi 5,2018,Action | Comédie | Crime,5.387,1081.0,5.0371,103.0,20390000.0,64497208.0,,,434355,tt7238392,28 | 35 | 80
1489,2750,Le Poulain,2018,Comédie,5.161,127.0,1.5499,97.0,0.0,0.0,,,533932,tt7241074,35
1490,2753,Monsieur je-sais-tout,2018,Comédie | Drame,6.8,215.0,0.8756,99.0,0.0,3131350.0,,,512418,tt7305366,35 | 18
1491,2754,C'est ça l'amour,2019,Drame | Comédie | Familial,6.0,71.0,0.5982,98.0,0.0,0.0,,,512865,tt7397338,18 | 35 | 10751
1492,2756,Le Gendre de ma vie,2018,Comédie,5.567,194.0,0.9078,100.0,0.0,0.0,,,498247,tt7419278,35
1493,2757,Adorables,2020,Comédie,5.8,48.0,0.8254,91.0,0.0,0.0,,,701437,tt7438706,35
1494,2763,Abdel et la Comtesse,2018,Comédie,5.267,30.0,0.5589,95.0,0.0,0.0,,,499723,tt7474432,35
1495,2764,"Neuilly sa mère, sa mère !",2018,Comédie,5.4,342.0,0.7927,102.0,0.0,0.0,,,481762,tt7489740,35
1496,2765,100 kilos d'étoiles,2019,Drame | Comédie,6.1,35.0,0.4556,90.0,0.0,0.0,,,504054,tt7501966,18 | 35
1497,2769,Tamara Vol. 2,2018,Comédie,6.375,296.0,0.746,102.0,0.0,0.0,,,469056,tt7533422,35
1498,2770,"Les dents, pipi et au lit",2018,Comédie,5.71,316.0,0.8443,105.0,0.0,0.0,,,487004,tt7533956,35
1499,2771,En liberté !,2018,Comédie | Drame | Romance | Crime,6.0,471.0,1.5065,107.0,0.0,0.0,,,519106,tt7534068,35 | 18 | 10749 | 80
1500,2773,Interrail,2018,Comédie,5.4,49.0,0.4287,91.0,0.0,0.0,,,516780,tt7543888,35
1501,2774,Deux fils,2019,Comédie | Drame,5.5,117.0,0.7841,90.0,0.0,0.0,,,542828,tt7543914,35 | 18
1502,2777,Ma mère est folle,2018,Comédie,5.5,48.0,0.7273,95.0,0.0,0.0,,,500902,tt7576426,35
1503,2780,Les Vieux Fourneaux,2018,Comédie,5.779,174.0,1.0359,89.0,0.0,0.0,,,514239,tt7654890,35
1504,2785,Lola et ses frères,2018,Comédie,6.5,127.0,0.9245,105.0,0.0,2354010.0,,,543633,tt7721550,35
1505,2786,"Les Municipaux, ces héros",2018,Comédie,5.1,122.0,0.1496,88.0,0.0,0.0,,,499720,tt7769530,35
1506,2787,Raoul Taburin,2019,Comédie,5.7,156.0,0.6482,90.0,0.0,0.0,,,515816,tt7831674,35
1507,2792,OSS 117 : Alerte rouge en Afrique noire,2021,Comédie | Aventure | Action,5.649,858.0,1.8269,116.0,20400000.0,13457801.0,,,604563,tt7972012,35 | 12 | 28
1508,2793,Astérix: Le Secret de la potion magique,2018,Familial | Animation | Comédie | Aventure,6.848,1316.0,2.297,85.0,36000000.0,74488686.0,,,527729,tt8001346,10751 | 16 | 35 | 12
1509,2797,Yao,2019,Comédie | Drame | Aventure,6.568,278.0,0.7903,104.0,0.0,4017253.0,,,515818,tt8058904,35 | 18 | 12
1510,2798,L'Homme fidèle,2018,Comédie | Drame | Romance,5.464,294.0,1.1863,74.0,0.0,0.0,,,529784,tt8075202,35 | 18 | 10749
1511,2801,Rebelles,2019,Comédie,6.1,339.0,1.3743,87.0,0.0,0.0,,,569814,tt8083606,35
1512,2802,Larguées,2018,Comédie,6.037,380.0,1.568,92.0,0.0,0.0,,,490445,tt8098548,35
1513,2803,La Lutte des classes,2019,Comédie,5.826,314.0,0.4442,103.0,0.0,3458157.0,,,570132,tt8171974,35
1514,2804,Le Daim,2019,Comédie | Horreur,6.463,774.0,1.8927,77.0,0.0,1686700.0,,,582883,tt8193790,35 | 27
1515,2805,Nous finirons ensemble,2019,Comédie | Drame | Familial | Romance,6.653,729.0,1.8487,135.0,0.0,0.0,,,542830,tt8201404,35 | 18 | 10751 | 10749
1516,2806,Ni une ni deux,2019,Comédie,5.5,68.0,0.6236,98.0,0.0,0.0,,,590986,tt8214204,35
1517,2807,La fête des mères,2018,Drame | Comédie,5.2,52.0,0.5676,100.0,0.0,0.0,,,486519,tt8228700,18 | 35
1518,2810,Le Mystère Henri Pick,2019,Drame | Comédie,6.467,479.0,1.014,100.0,0.0,0.0,,,566454,tt8263936,18 | 35
1519,2814,Le prince oublié,2020,Fantastique | Aventure | Comédie,5.69,368.0,1.3699,101.0,0.0,0.0,,,520725,tt8335482,14 | 12 | 35
1520,2816,It Must Be Heaven,2019,Comédie | Drame,6.511,176.0,1.3385,100.0,0.0,0.0,,,539531,tt8359842,35 | 18
1521,2818,Mon Ket,2018,Comédie,5.4,171.0,0.5742,89.0,6861490.0,2080679.0,,,515820,tt8398768,35
1522,2819,Damien veut changer le monde,2019,Comédie,5.7,130.0,0.7057,99.0,0.0,0.0,,,528668,tt8399088,35
1523,2822,Braquer Poitiers,2019,Comédie | Drame,6.1,12.0,0.0647,92.0,0.0,0.0,,,538065,tt8421056,35 | 18
1524,2824,Ma Reum,2018,Comédie | Familial,5.9,202.0,0.9216,85.0,0.0,0.0,,,510465,tt8476174,35 | 10751
1525,2825,Bêtes blondes,2018,Comédie | Drame | Crime,5.2,18.0,0.2352,102.0,0.0,0.0,,,538675,tt8500038,35 | 18 | 80
1526,2827,Nicky Larson et le parfum de Cupidon,2019,Action | Comédie | Aventure,6.47,835.0,2.4073,91.0,0.0,14702744.0,,,469274,tt8523334,28 | 35 | 12
1527,2828,Chamboultout,2019,Comédie,6.065,309.0,1.4364,101.0,0.0,0.0,,,574861,tt8538552,35
1528,2830,Beaux-parents,2019,Comédie,5.7,167.0,1.0718,84.0,0.0,0.0,,,593475,tt8600414,35
1529,2831,Bonhomme,2018,Comédie | Drame,6.6,68.0,0.6325,103.0,0.0,0.0,,,510475,tt8630054,35 | 18
1530,2833,Venise n'est pas en Italie,2019,Comédie | Drame,5.857,259.0,1.0874,95.0,0.0,0.0,,,570260,tt8655574,35 | 18
1531,2835,Voyez comme on danse,2018,Drame | Comédie,5.7,147.0,0.8351,88.0,0.0,0.0,,,489415,tt8763008,18 | 35
1532,2836,La Vie scolaire,2019,Drame | Comédie | Familial,6.882,804.0,1.5426,111.0,0.0,0.0,,,587301,tt8783532,18 | 35 | 10751
1533,2838,Chacun pour tous,2018,Comédie,6.137,164.0,0.608,93.0,0.0,0.0,,,510456,tt8826496,35
1534,2842,Alice et le Maire,2019,Comédie | Drame,6.227,343.0,1.1943,103.0,0.0,0.0,,,592480,tt8903840,35 | 18
1535,2846,Les bonnes intentions,2018,Drame | Comédie,5.6,42.0,0.5864,100.0,0.0,672282.0,,,535754,tt9016296,18 | 35
1536,2850,Une belle équipe,2020,Comédie,6.0,154.0,0.7555,95.0,0.0,0.0,,,613345,tt9031048,35
1537,2852,Les vétos,2019,Comédie | Drame,6.5,119.0,0.6761,92.0,0.0,0.0,,,613348,tt9041586,35 | 18
1538,2854,Tout ce qu'il me reste de la révolution,2019,Drame | Comédie,6.3,49.0,0.4129,88.0,0.0,0.0,,,543636,tt9066502,18 | 35
1539,2856,Victor et Célia,2019,Comédie | Drame,5.5,79.0,0.2189,91.0,0.0,0.0,,,589230,tt9112776,35 | 18
1540,2857,Poissonsexe,2020,Comédie,6.1,25.0,0.687,100.0,0.0,0.0,,,592782,tt9164788,35
1541,2860,Un vrai bonhomme,2019,Drame | Comédie,6.692,72.0,0.474,88.0,0.0,0.0,,,544398,tt9172490,18 | 35
1542,2862,Une sirène à Paris,2020,Romance | Fantastique | Drame | Comédie,6.6,203.0,1.9181,102.0,0.0,0.0,,,600479,tt9209312,10749 | 14 | 18 | 35
1543,2865,Le meilleur reste à venir,2019,Comédie | Drame,6.8,312.0,1.5449,117.0,13000000.0,7201952.0,,,582206,tt9284430,35 | 18
1544,2866,La Daronne,2020,Crime | Drame | Comédie,5.8,282.0,1.3654,104.0,5080800.0,5460628.0,,,575463,tt9288726,80 | 18 | 35
1545,2869,Forte,2020,Comédie,5.3,274.0,0.8476,95.0,0.0,0.0,,,613368,tt9372172,35
1546,2872,Joyeuse retraite !,2019,Comédie,5.492,190.0,1.17,97.0,0.0,9796520.0,,,589976,tt9454778,35
1547,2875,Mes jours de gloire,2020,Comédie,5.3,63.0,1.085,98.0,0.0,0.0,,,582911,tt9625632,35
1548,2876,Music Hole,2021,Crime | Comédie | Drame,5.7,27.0,0.2624,82.0,0.0,0.0,,,740076,tt9629114,80 | 35 | 18
1549,2877,Une fille facile,2019,Comédie | Drame,5.535,373.0,1.7657,90.0,0.0,0.0,,,575479,tt9632590,35 | 18
1550,2878,Un divan à Tunis,2020,Comédie | Drame,6.1,244.0,1.0324,88.0,0.0,0.0,,,582897,tt9648886,35 | 18
1551,2880,Un tour chez ma fille,2021,Comédie,5.4,119.0,1.1742,83.0,0.0,0.0,,,723294,tt9665786,35
1552,2884,Fourmi,2019,Comédie | Drame,6.5,71.0,0.5924,105.0,0.0,0.0,,,589181,tt9767556,35 | 18
1553,2885,C'est quoi cette mamie ?!,2019,Comédie | Familial,5.819,138.0,1.1258,99.0,0.0,9496174.0,,,579898,tt9777790,35 | 10751
1554,2886,#JeSuisLà,2020,Comédie | Romance,5.5,221.0,1.3319,97.0,0.0,0.0,,,605734,tt9828918,35 | 10749
1555,2887,Kaamelott : Premier Volet,2021,Aventure | Fantastique | Comédie,6.613,746.0,2.525,120.0,17516235.0,19002036.0,,,577242,tt9844322,12 | 14 | 35
1556,2889,Felicità,2020,Comédie,6.9,135.0,0.3577,82.0,0.0,236880.0,,,667071,tt9894450,35
1557,2890,Le Lion,2020,Comédie,5.377,224.0,1.3051,100.0,0.0,0.0,,,589970,tt9908390,35
