tmdb_id,poster_path,overview
330071,/tiZDMVbL4tNZbbTOyi6MlRP5ZbB.jpg,"Eté 1961. Pierre, étudiant à Paris, vient passer ses vacances chez sa mère Hélène et son beau-père Jean, enseignant en Algérie qui vivent en bon voisinage avec Mayette et Georges. Malgré leurs divergences d'opinion, les deux familles vivent comme si la guerre qui les entoure n'existait pas, essayant de préserver les plaisirs de la vie quotidienne et de la plage. Mais la réalité des évènements sera plus forte que leurs désirs."
49959,/pRNUY8YLyvt9wlPV8AKWYQlLnzw.jpg,"À Grenoble, Mickey, Bertrand, Frédéric, Charles, Louise et Aimée, réunis par un même amour de la musique, forment un groupe, les Why Notes. Un jour, Bertrand (Thierry Lhermitte) remarque Clara (Isabelle Adjani), au moment où elle s'enfuit de l'église où se célèbre son mariage avec un riche entrepreneur. Quelques heures plus tard, alors que le groupe s'apprête à partir en concert à Paris, Bertrand retrouve Clara qui lui propose de fuir avec elle et disparaît... Bertrand, complètement subjugué par Clara, abandonne le groupe et part à sa recherche."
27145,/Ew2G6JLcjyvHDuBsdQwEyC2HK0.jpg,"François travaille la nuit, il aime Anne qui travaille le jour, mais ils ne peuvent jamais se voir. Un matin, il la voit sortir de chez elle en compagnie d'un aviateur. Il lui fait une scène. L'après-midi, au lieu de dormir, il erre dans les rues et reconnaît l'aviateur avec une autre femme. Il les suit aux Buttes-Chaumont et rencontre Lucie, une lycéenne curieuse et espiègle. Ensemble, ils suivent le couple à la manière de détectives."
39543,/yTGFPF06NBaglzK3vAqmoNvoNwU.jpg,Le professeur Laborit part de l'exemple de trois destinées pour illustrer ses théories scientifiques sur le comportement humain.
62790,/diVg3kwYvDqo0dGgz0n76EO0jcF.jpg,Des monuments parisiens sont dérobés par le mystérieux Furax. Mais qui est cet audacieux monte-en-l'air ?
375356,/5uN7ms5Bv2mE3z0rlmNsvJT1Dsp.jpg,"Devant le refus de Maxime de vouloir un enfant, Isabelle le quitte et part s'installer chez François, un dragueur. Puis le jeune couple se réconcilie et se marie. Isabelle tombe enceinte. Mais lorsqu'une admiratrice de Maxime surgit, Isabelle, jalouse, s'enfuit à nouveau."
72262,/tq5wTrlAYev8xzZaWF5h0BiEeiP.jpg,"Antoine quitte son quotidien bien conformiste pour intégrer, le temps des vacances, une communauté très libérée. Il doit alors apprendre à se « débloquer » et à laisser de côtés ses tabous bourgeois."
2861,/4gYwUICkKQ2AdHvuvPUdfsJofJj.jpg,"Après une rupture, froidement décidée, une jeune étudiante se résout à faire « un beau mariage ». Par l'intermédiaire d'un ami, elle rencontre un homme très attirant, mais fort attaché à son célibat."
19123,/d8n2XF8P6SIP6JywsuWFTmp9OTs.jpg,"La fille du président Bens a disparu en Amérique du Sud. Campana, détective privé, revient bredouille après avoir fouillé tout le pays. Reste une solution : pour retrouver sa fille, Bens doit envoyer sur ses traces quelqu’un d’aussi malchanceux qu’elle. Il se trouve un salarié de la société Bens, au service comptabilité, un François Perrin qui a la malchance dans la peau. Sur les conseils de Meyer, un cadre de son entreprise, qui pense que la seule façon de retrouver sa fille est d'envoyer quelqu'un aussi malchanceux qu'elle qui glissera sur les mêmes peaux de banane qu'elle, Bens envoie donc Perrin avec Campana sur les traces de sa fille. Ainsi, part en mission ce duo que tout oppose. D’un côté Campana et ses idées arrêtées et de l’autre, Perrin avec son énorme bagage de malchance mais un optimisme imperturbable."
35797,/462EUj6A7mPPy2X0ZvpgKvBDKrs.jpg,"1938. En Afrique occidentale française. Lucien Cordier est l'unique policier d'une petite ville coloniale. Méprisé de tous pour sa lâcheté et sa veulerie, il est l'objet de moqueries et de railleries. Lorsque son officier supérieur lui fait prendre conscience de sa médiocrité, il va peu à peu se transformer en impitoyable assassin et se débarrasser de tous ses tourmenteurs, femme et maîtresse comprises par un jeu diabolique qui consiste à faire accuser d'autres que lui avant de les éliminer jusqu'à ce qu'il reste seul."
81024,/4zhgxYXKQVCdPJFnsUsqWCXwsJ3.jpg,"Lydie, une jeune femme au physique peu avantageux, se fait brutalement larguer par son fiancé alors qu'elle venait à peine de signer le bail d'un appartement pour vivre avec ce dernier.  Ne pouvant supporter seule la charge du loyer, elle décide de rechercher une colocataire si possible moins jolie qu'elle, afin qu'elle ne lui fasse pas d'ombre dans le cadre d'éventuelles aventures sentimentales…"
78830,/LabHPqHfRYfgggwc6dLe5um0LM.jpg,"Après cinq ans de vie commune, un médecin, Bernard se fait plaquer par sa femme. Une nuit, il rencontre Nadine, photographe de mode, qui se trouve être sa voisine de palier. Déprimée par le chaos de sa vie sentimentale, elle lie avec Bernard une réelle complicité. Un soir, leur amitié dérape, ils se retrouvent dans le même lit. Ce qu'ils regrettent tous les deux ..."
53179,/2ToezxqfIvCcuFzVmGp82FOBkQy.jpg,"Excédé par la bêtise de son directeur, Gérard Barbier claque la porte du magasin de confection qui l'employait. Le voilà chômeur. Parce qu'il a le niveau bac, qu'il a fait un peu de droit et qu'il adore les enfants, il postule pour être instituteur suppléant. Il est bientôt nommé dans un établissement de région parisienne. Plein de bonne volonté, il écoute toutes les recommandations et les mises en garde du directeur avant d'affronter la classe qui lui a été confiée. Il n'a aucune formation pédagogique mais le solide bon sens qui l'anime le fait rapidement apprécier des enfants. Ses collègues, Jacqueline Lajoie, une dépressive qui lui fait les yeux doux, et Meignant, un syndicaliste convaincu, lui prodiguent également leurs conseils…"
144557,/uQpquOrSTGShKiFm328RVeOd1ru.jpg,"Jérémie essaie par tous les moyens de réunir ses parents séparés. Il fait croire à son père qu'un certain Bob violente sa mère. Celui-ci décide de se rendre à son ex-domicile conjugal, pour donner une leçon à ce fameux Bob, en réalité un simple ami de son ex-femme."
9317,/3Eym65PSArfU89O15Cct0JiaPHl.jpg,"Au hameau des Gourdifflots, en plein Bourbonnais, deux paysans retraités, « le Glaude » et « le Bombé », se tiennent volontairement à l’écart du monde extérieur, plus occupés à faire bombance et à honorer la dive bouteille qu’à se soucier de la marche du siècle. Un soir, après bien des excès alimentaires et un formidable concours de pets, ils voient avec étonnement une soucoupe volante se poser dans leur jardin. Le Glaude accueille comme un vieil ami le curieux et débonnaire extraterrestre et lui offre un peu de sa fameuse soupe aux choux, si délectable que « la Denrée », surnom de l’extraterrestre, va fidèlement revenir, conquis par le goût exquis du potage…"
51925,/a46lJ3NnGnfpZ98p7e2FcUqliQC.jpg,"Le bac en poche, Bébél pensait partir aux Seychelles avec sa petite amie Jennifer, mais celle‐ci a préféré s’en aller avec un autre. Une semblable mésaventure est arrivée à Claudine. L’un comme l’autre restent à Paris. Ils deviennent les cobayes du « Love computer », une invention d’un producteur‐musicien désireux de mesurer l’effet que produisent ses chansons sur les couples…"
41470,/6OZZVkPBZSGa7RNaQ5uajAJDIzu.jpg,"Giacomo est un chômeur passionné par l'univers de James Bond qu'il s'imagine être en rêve. Sans le savoir, il est suivi par des agents secrets qui le prennent pour James, un espion français qui a disparu à Tunis lors d'une mission et qu'ils suspectent de s'être dissimulé sous une fausse identité. Giacomo, persuadé d'être dans un rêve, se retrouve bientôt à Tunis pour terminer la mission entamée par James ..."
80587,/cKHyy1skNuNF1vRkG1g3i8l5u6N.jpg,"Pauline Valence s'occupe de ses sœurs et de sa grand-mère. Elle est exigeante, dure, perfectionniste. Elle s'est donnée les moyens d'arriver à se faire une place. Elle vit en courant, orchestrant tout. Un jour, son père Victor, aventurier et libre entrepreneur, s'en reviendrait du Canada et veut vendre la maison familiale pour financer l'achat et la rénovation d'un casino au bord du lac Léman. Pauline au caractère excessif et emporté, s'oppose violemment à ce projet et dès lors, ce ne sont que disputes et tumultes entre le père et la fille."
178297,/zbcRt1hto8QJRDPZ3eYcphUSiwa.jpg,"Auteur de chansons sans éditeur, anar et poète, Alex vit seul avec son jeune fils, Bruno. Chauffeur de taxi, il ramène un jour dans un commissariat un sac oublié par une cliente: il se retrouve attaché par des menottes à une fille à papa. À partir de cet instant, le destin d'Alex sera lié à celui de cette miss catastrophe, qui va totalement chambouler sa vie..."
69044,/fNSRXUkdJadKgqhhlJlRLZjFjAi.jpg,"Guy travaille comme pompiste dans une station-service et arnaque les clients en facturant des prestations non effectuées. Ce qui lui vaudra de se faire renvoyer, perdant également son logement fourni par son employeur. Son ami Daniel est dans le transport de petites marchandises, de la messegarie de fret. Sans travail et sans logement , Guy demande à Daniel de l’héberger, ce denier, qui vit chez son amie Françoise, accepte de le dépanner. Bien mal leur a pris…"
71524,/28vPYQiZsnpAhhMEK6MmHShkgfT.jpg,"À l’occasion des Jeux Olympiques de Berlin de 1936, Georges dit « Jo », entraîneur de l’équipe française de boxe se rend en train dans la capitale accompagné de ses « poulains ». Il est abordé par un gosse de dix ans, Karl, un petit juif, qui le suit partout pour obtenir un autographe…"
52557,/mJxlrfnVXhXNGRCBY5GrbIGHv3r.jpg,"Michel Bernardin est employé à Planète Assistance, société d'assurances pour les voyageurs à l'Étranger. D'après son expérience tous les pays étrangers offrent ses dangers, maladies, aux polices corrompues, aux prisons systématiques. Sa fiancée Isabelle va quitter son emploi d’hôtesse de l’air pour passer plus de temps avec lui. Son amie Sophia, qui dirige une agence de voyages, l'a prise avec elle, à l'agence. Michel ne pouvait concevoir que sa future femme aille si loin aux devants de tous les dangers des autres pays. Mais Isabelle doit un préavis, et doit effectuer des derniers vols. Elle choisi de ne pas le dire à Michel. Lui-même, doit aussi faire des « extras » en rapatriements sur demande de son président. Chacun cache la vérité à l'autre. Mais comment vont-il bien pouvoir manœuvrer ?"
171,/jksgQI0oCtbX80l5MtKfNW7TxCD.jpg,"Deux ans ont passé, Vic, maintenant âgée de 15 ans (et 3 mois) entre en classe de seconde au lycée Henri-IV. Ses amis aussi ont grandi. Cela fait maintenant un an qu'elle n'est pas ""sortie"" avec un garçon. Dans le train, en rentrant d'Autriche avec Poupette, lors du contrôle des Douanes, ce n'est pas son passeport qui lui est rendu, mais celui d'un certain Philippe Berthier, un jeune homme de 18 ans dont elle va vite devenir amoureuse. Dans le même temps, ses parents François et Françoise évoluent dans leurs carrières respectives et des choix devront être faits..."
49398,/ge2B2hzlaSpN8SCnBRwSq8m2mg4.jpg,Rahatlocum est une colonie romaine nord‐africaine où Jules César est venu passer des vacances dispendieuses. La révolte gronde parmi le petit peuple qui se trouve un leader en la personne du garagiste de Ben‐Hur Marcel.
11915,/aMRRaX48RpSGp7RJxwkIJUndtdJ.jpg,"Dans ses locaux flambant neufs, la brigade de Saint-Tropez est chargée d'accueillir, de prendre soin et de former un contingent de quatre jeunes femmes en uniforme. Un spécialiste de l'espionnage informatique enlève, l'une après l'autre, les nouvelles recrues. L'existence de la brigade étant mise en danger par ces enlèvements dont la raison semble inexplicable, nos gendarmes déploieront au péril de leur vie, des trésors d'ingéniosité pour retrouver ces femmes dont ils avaient la garde."
64344,/arFohWX8FEUHsXxNczcW0SJuZCO.jpg,"Alain Durieux est dépressif. Il consulte le docteur Valois qui lui prescrit une nouvelle technique qu'il a mise au point: le flashage. Dès lors, Durieux redevient un mari entreprenant auprès de Jeanne, son épouse, un gendre idéal pour sa belle-mère et un employé modèle dans sa société. Mais Valois s'aperçoit vite qu'il a créé une sorte de monstre."
32692,/cGs9b9SIfuvzEafvMCAwfFsOMGW.jpg,"Durant le tournage d'un film, un realisateur se detourne de son entreprise en decouvrant la lutte d'une jeune ouvriere licenciee par un patron qui n'appreciait guere ses activites syndicales."
59455,/9ZHuDYS8RBnjc3ZC67FNMruh25F.jpg,"À Paris, influencés par une série de casses de banques qui défraient la chronique, Sam serrurier fraîchement licencié et Paul chômeur expérimenté, voient dans cet expédient un moyen facile de gagner l’argent qui leur fait cruellement défaut. Ils ont tout perdu à défaut d'avoir réglé les factures, squattent désormais chez Caroline, une amante de Sam. Acculés, ils préparent leur prise d'otages bancaire prévue pour le 24 décembre en matinée. Mais leur plan ne se déroulera pas exactement comme ils l’avaient prévu, encore deux, trois petites choses à parfaire…"
14645,/i5KrHnqlFr5taNRPREXQKV104Fy.jpg,"Félix représente mal le père Noël : il est sale, brutal, vulgaire et il boit. Fatalement, son amie Josette le quitte. Elle trouve refuge à la permanence de SOS détresse tenue par ces 2 coincés que sont Pierre et Thérèse. S'y croisent également un homosexuel dépressif, Mme Musquin, un émigré voisin et un pauvre réparateur d'ascenseur…"
78803,/mydj4ByyzqqB6LRs1qPnxbz2EMv.jpg,"André Joeuf est le patron d’un cabinet d’assurances. Il invite pour un week‐end tous ses employés dans sa maison de campagne. Mais derrière ce qui semble être une récompense, ce patron cynique cherche avant tout à déterminer lesquels de ses cadres (les « gros salaires » ) il devra licencier afin de préserver son entreprise."
79748,/g2UdriEPvhj9Yo82GKcARtZzvSI.jpg,"Petit exploitant agricole du Finistère, Joseph Cohen reçoit un jour la visite de son propriétaire, Alexandre, le châtelain du lieu, qui lui annonce sa décision de ne pas renouveler son bail. Ulcéré, Joseph chasse le hobereau et, prêt à tout pour conserver ""ses"" terres, se résoud à faire appel à son frère, Pierre, psychologue, installé à Paris. L'un et l'autre ne se sont pas vus depuis des années et se détestent cordialement, mais en une heure aussi grave, Joseph pense pouvoir compter sur lui. Effectivement, quelques jours plus tard, Pierre abandonne sa fiancée, Françoise, pour prendre le train en direction de Pont-Aven..."
71055,/mRkziEqiJEvaCAqDOlvJjEGbGuO.jpg,"Victor, amoureux de la nature, a trouvé le repos dans une idyllique contrée de l'Afrique centrale. L'arrivée intempestive de son ex-femme menace son univers paradisiaque. Celle-ci veut en effet implanter dans la région un village-vacances pour touristes fortunés."
197485,/o12Xy7VSUpfpv6di9cFveu9u8x2.jpg,"Vincent est victime d'une tentative de meurtre effectuée par une jeune femme qui veut venger sa sœur. Albert, l'ami d'enfance de Vincent, veut l'aider et se met à enquêter sur cette femme."
82052,/heYhA3NUBYJYaSTpQaLjyI7yWpN.jpg,"Alice est une jeune femme épanouie qui exerce à mi-temps le métier de secrétaire médical à Paris et vit avec Philippe, un pilote de ligne et son fils Simon. Entourée de ses fidèles amies Solange dite «Losange» et Cynthia, elle a également un deuxième emploi de rééducatrice dans un centre thermal de Trouville où elle vit avec Vincent, un instituteur, et ses deux enfants…! Cette double vie semble suivre son cours sans qu'aucun de ses deux maris se doute de l'existence de l'autre grâce à la complicité de ses amies. Pourtant un jour l'inévitable se produit et Vincent et Philippe finissent par se rencontrer au grand dam d'Alice, incapable de choisir entre les deux…"
78409,/xsDo3HrnADWlD8dmJhXAXqgTL2K.jpg,"Les inspecteurs Leroux et Pélissier enquêtent chez la propriètaire d'une galerie d'art contemporain, Hélène Duvernet, soupçonnée d'être mêlée à un trafic de tableaux volés. Pélissier ne la croit pas impliquée tandis que Leroux à la fois intrigué et attiré par la jeune femme, la suit partout et en tombe amoureux. Il finit par la prendre ne flagrant délit et lorque son amant meurt accidentellement, il l'aide à se débarasser de son corps."
10484,/t3qHHVYEPDpqQ6WXBaMvu76Su5d.jpg,"Tristan Martin, un adolescent de 17 ans, fait une fugue, au désespoir de sa mère Christine. Pour le retrouver, celle-ci envoie deux de ses anciens amants, François Pignon un émotif depressif suicidaire chronique et Jean Lucas, un journaliste d'investigation, en leur faisant croire que l'un d'entre eux est peut-être le père. Transportés par leur soudaine paternité, ces derniers deviennent de fins limiers."
52166,/lw1aVAC1ppXUHgXsepkQdFViAtD.jpg,"Pour le plus grand bonheur des Dalton, leur gardien de prison fête son anniversaire... L'occasion est trop belle pour les quatre frères qui tentent alors une évasion spectaculaire ! Naturellement désigné pour mettre fin à cette cavale, Lucky Luke part sur leurs traces, ""aidé"" du chien le plus bête de l'Ouest, Rantanplan. Contre toute attente, la piste des évadés prend la direction du Grand Nord canadien. Tenteraient-ils de trouver protection auprès de leur ""douce"" maman Ma Dalton ?"
64504,/hCHc6v0XIggcRlkvWkbXCDejKYL.jpg,"Deux amis, Pascal et Micky, travaillent dans une station de sports d'hiver. Pascal a une liaison avec Viviane qui est loin de laisser Micky indifférent, mais c'est la femme de son pote... Jusqu'au jour où Pascal le pousse dans les bras de Viviane. Micky cède et finit par passer quelques jours en compagnie de la jeune femme pendant une absence de Pascal."
427810,/aUquL2xkdIR16sePbCVsT9rRphD.jpg,"Réalisateur de films publicitaires, Paul héberge Maurice chez lui. Maurice, c'est un drôle de type, quelqu'un qui s'incruste et qui vit de combines. Surtout lorsque Paul, comme c'est souvent le cas, n'est pas chez lui. Rentrant un jour de voyage, celui-ci a la surprise de trouver Anne devant lui, celle qui l'a quitté deux ans plus tôt. Son but aujourd'hui, ce n'est pas de revenir vivre avec Paul, mais de lui faire épouser Zosia, une Polonaise qui pourra ainsi quitter son pays où elle vient de passer deux ans en prison et où son opposition au régime est devenue trop voyante. L'idée est inattendue, mais Paul finit par accepter."
75996,/bssRyOxsXcJYcn7clqjcvFiEYqY.jpg,"Alex, ancien du Music Hall, devenu chef de rang dans une grande brasserie parisienne, partage son appartement avec son collègue Gilbert. Séparé de sa femme, Alex accumule les conquêtes sans jamais s'attacher. Mais un jour, il s'éprend de Claire, et tente de la retenir dans sa vie, animé de donner vie à son projet : construire, ouvrir et gérer un petit parc d'attractions au bord de la mer."
48769,/6teVZPk7JW0aePF7yzCBRKFNPSD.jpg,"Paris, 1940. Une famille de musiciens virtuoses, les Bourdel, refuse de jouer pour les Allemands. En 1943, leur hôtel particulier est réquisitionné pour accueillir le général Spontz. La cohabitation est d'autant plus difficile que l'un des membres de la famille n'est autre que le célèbre ""Super-Résistant""."
10293,/etELlm7GUQDOwT42SKAuzWs0TZl.jpg,"Après son divorce, Marion décide de terminer l'été sur la côte normande, en compagnie de sa cousine Pauline. Les deux jeunes femmes vont vivre des histoires d'amour inattendues…"
79756,/amGWB8XGA6hq4my0s2Qqhg8SyyN.jpg,"Le docteur Lestrade dit « Gigi », vétérinaire, a tout pour plaire aux femmes et au fisc : une clinique, une grosse cylindrée, une belle maison, ainsi que la vie mondaine qui se doit d'accompagner ces biens matériaux. Mais, la météo change quand une inspectrice des Impôts, dont c'est le premier contrôle, se présente à la clinique pour un contrôle fiscal..."
63978,/4XoZgPpiH8OqT9YZ7LdqAXlD1VQ.jpg,"En 1919, dans son château situé dans la forêt des Ardennes, le comte Forbek propose à ses invités une expérience qui doit les conduire à un état de bonheur permanent. Le prix à payer est un enfermement total, l'oubli du passé et une rééducation des sens, en sélectionnant tout ce qui est harmonieux. Mais l'amour-passion incarné par Fanny Ardant fait exploser ce modèle.  En 1982, le même château est devenu un collège expérimental. Un colloque de chercheurs s'y réunit pour préciser les méthodes et moyens d'une éducation de l'imagination.  Au même moment, trois enfants s'inventent un conte moyenâgeux, dans lequel un prince vaillant triomphe d'un tyran pour le bonheur de son peuple (source Wikipedia)"
2455,/4uPbhZwr98CKSAebgAW1ZNMZy1k.jpg,"À Hyères, dans le Var, Julien Vercel, possède et exploite une agence immobilière. Il est soupçonné, lors d'une partie de chasse, d'avoir assassiné M. Massoulier qui était l'un des amants de Marie-Christine, sa femme. Les faits sont contre lui, d'autant que peu de temps après, Marie-Christine est, elle aussi, assassinée au domicile conjugal. Le commissaire Santelli est chargé d'instruire. Caché dans son agence, Julien Vercel demande à Barbara Becker, sa secrétaire à la personnalité marquée, de mener l'enquête. De péripétie en péripétie, de rebondissement en rebondissement, Barbara s'approche du vrai coupable."
64225,/qYigiNjgmq9ghjQNq866ixm2VYY.jpg,"Un auteur excentrique fait appel à deux comédiennes pour répéter et jouer une de ses pièces chez lui. D'abord hésitantes, les deux femmes acceptent."
86096,/1TEz6IMrWbcVCZLE7LZ6sbSumzo.jpg,"Ernesto est un gamin de sept ans qui en paraît quatre fois plus. A l’école, il surprend le directeur car il refuse de suivre les cours et d’apprendre ce qu’il ne sait pas. En fait, c’est un surdoué qui a acquis une connaissance précise en écoutant les autres. Après l’école, il devient professeur de maths puis savant."
3118,/cNZxL0yeDZ37YVCf05us8nbhhjF.jpg,"Le Docteur Frankenstein crée une créature mi-humaine, mi-électronique : Frank. Plus tard, ce dernier devient responsable d'une grande entreprise et est sur le point de devenir père."
37168,/fXggXPq2NtGr3NTe2XLN7IoKRgm.jpg,"Réalisé en 1984 par André Melançon, La Guerre des tuques est le premier film de la série ""Contes pour tous"", produite par Rock Demers. Après une dizaine de longs métrages, on serait tenté de dire que c’est aussi le meilleur… Dans une petite ville de campagne, lors des vacances de Noël, deux bandes d’enfants se disputent l’occupation d’un château de neige. Un groupe est mené par un garçon fort en gueule (Cédric Jourde), l’autre, par une fille qui n’a pas froid aux yeux (Marie-Pierre D’Amour). Entre les deux, l’humour d’un garçon d’origine chinoise (Minh Vu Duc), les appréhensions d’un pacifiste en herbe (Mathieu Savard) et une histoire d’amour naissante viendront pimenter ces délicieuses aventures."
39978,/2ctu39oPSwB9Wp2L1nwieZdBwOD.jpg,Matthias Duval est amoureux de deux jumelles américaines et il n'arrive pas à choisir. Il s'invente alors un frère jumeau.
55976,/1Vr7N7edmLZRpv0rHy7SjTHLSu4.jpg,"François, routard fatigué, débarque dans le port de Marseille. Musicien hors‐pair, il est bien décidé à exploiter son talent dans les studios parisiens. Denis, inséparable compagnon et négatif de François, est un grand spécialiste de l’angoisse et ne cesse de gémir. Vu ce qui les attend à Paris, il n’est pas prêt de s’arrêter…"
72664,/pPnzchrVLpnvCwsmIDNxEjkOYzF.jpg,"En 1943, en Tunisie, pendant la Seconde Guerre mondiale, un détachement de légionnaires est chargé de récupérer 6 milliards de Francs en lingots d’or de la banque d’El Ksour pour les transporter vers un lieu sécurisé. À l'arrivé de la Légion étrangère à El Ksour, la ville est aux mains des Allemands. Une fusillade éclate et seulement quatre hommes en réchappent. Le sergent Pierre Augagneur, son ami le légionnaire Boissier et l'artilleur Béral veulent s’approprier les lingots et s’enfuirent. Mais le commandant survivant, l'adjudant Édouard Mahuzard et le directeur de la banque, Laroche-Fréon entendent faire respecter les ordres à la lettre et empêcher les mutins de prendre l'or..."
42394,/cKaRTRLRTh9L5YV4OOdrQxXT4oB.jpg,"Gardien de la paix sympathique et maladroit, le brigadier Pinot décide de prendre sous son aile Marylou, une jeune toxicomane originaire du même village que lui. Mais la jeune femme est sous l'emprise de Tony, un dangereux dealer. Le policier va prendre tous les risques dans cette affaire qui pourrait lui coûter sa carrière... ou faire de lui un héros."
50212,/brgPEhYh7rBexYGMPHM8cUHoyWC.jpg,"Une station radiophonique, « Radio 1 », propose un jeu routier permettant aux automobilistes possédant sur leur voiture l'autocollant de la station d'être reconnus sur les routes par la voiture de la station qui annonce à l'antenne leur numéro d'immatriculation, leur permettant s'ils s'arrêtent  de sélectionner une des quatre enveloppes détenant différentes sommes d'argent en billets. Dans la voiture de la station, l'équipe, dirigée par Patrice avec Bonnie l'animatrice et l'ingénieur du son, suivent la voiture de Ferdinand Perlin qui ambitionne avec son tas de ferraille de sillonner les routes de la Thaïlande. Surpris d'être l'heureux gagnant, il quitte la route et accidente son véhicule pour remporter la somme de 500 francs... Pris en pitié par Bonnie qui l'invite chez elle, Ferdinand entame une liaison ravageuse et passionnée avec elle, qui a d'autres ambitions, notamment coucher avec François-Albert l'animateur vedette pour assurer sa carrière. Ferdinand délaissé se révolte..."
10260,/kvILcin1mGcEyu0rrME8MlmD9b3.jpg,"René Boirond est inspecteur de police, bedonnant et corrompu, dans le XVIIIe arrondissement de Paris. Depuis des années, il tient son quartier à coups de combines. Il y a ses habitudes, ses petits trafics et ses petits profits, de quoi financer sa passion du turf. François Lesbuche, jeune inspecteur fraîchement diplômé et droit comme la justice est le nouveau partenaire de René. La cohabitation s’annonce difficile…"
68946,/xEoUSNfYW8LjgAqnA7ChXlKNn7B.jpg,"Simone, aide ménagère dans la banlieue lyonnaise, s'occupe des cinq enfants de Robert, un chômeur que sa femme a quitté pour aller vivre à Paris. Voulant la retrouver, Robert emmène sa famille et Simone dans la capitale. Pierrot, le frère transsexuel de Simone, les héberge. Tous ensemble, ils partent à la recherche de la femme de Robert..."
127994,/sGG9uqAGVCucMjEaAcdSISCxWJN.jpg,"Michel Perrin, important industriel, et Sarah Gaucher, comédienne renommée, n'ont a priori rien en commun... et pourtant, ils disparaissent mystérieusement tous les deux le même jour, à la même heure. Et, surtout, réapparaissent trois jours plus tard comme si rien ne s'était passé ! Ce qui pourrait sembler n'être qu'une troublante coïncidence, mais le phénomène se reproduit à l'identique peu de temps après..."
155219,/hrVlCtaYWY9b8kawD62nLqmVCbf.jpg,"Deux amies, Stéphanie, la fonceuse et Véronique, la sage, s'éprennent du même garçon, Cyril, qu'elles vont aimer chacune à leur manière. A la suite d'une histoire de photo retrouvée par Véronique, les problèmes conjugaux éclatent entre les parents de Stéphanie. Après de vacances passées en Bretagne en compagnie de Cyril, il avoue sa préférence pour Véronique. Le père de Stéphanie va reconquérir sa femme et l'affection de sa fille..."
98927,/ijXqFpUKpO9MWHpKacshV2MT1ww.jpg,"Un gangster hystérique, une jeune prostituée et un être innocent vivent des rapports passionnés. Ils seront pris dans la tourmente d'un règlement de comptes implacable"
118694,/ywcdLGtOSfgeU3JFGBlv4kkkt6U.jpg,"À Aix en Provence, Marc est marié à Jeanne depuis huit ans. Il ne peut s'empêcher de cumuler les aventures adultérines, les soirées et virées avec ses amis. Elle le quitte pour Antoine, industriel rassurant et quinquagénaire sportif qui vient vivre avec Jeanne. Marc quitte le domicile et s'installe à l'hôtel Saint Georges, de son ami Georges. En proie aux remords, Marc tente en vain de renouer avec Jeanne. Il commence à déprimer quand il rencontre Samantha, fine et cultivée qui vit luxueusement de ses charmes. Marc revit. Bientôt les deux couples cohabitent ensemble et heureux dans l'appartement de Marc et Jeanne pour leur plus grand bonheur mais dans un équilibre instable."
246601,/oQQyf2BwuqtHisL4T26s3J07XA5.jpg,"Le soir où Gautier découvre la fameuse ""zone G"" avec Rose sa vie sexuelle change totalement. Déterminé à leur révéler à elles-mêmes leur sexualité, Gautier passe de femme en femme, mais seule son initiatrice, détentrice de cette jouissance saura se l'attacher..."
8868,/8kY2WmF9PgkzfmtcPyW1AmQJswu.jpg,"Lorsque Falbala et Tragicomix sont kidnappés, celui qui leur a porté atteinte n’imagine pas qu’il vient de réveiller la colère du petit village gaulois. D’autant qu’Obélix est amoureux de Falbala…"
78159,/fWmVjLsG27UJp4NSsByobK6YXj2.jpg,"Albin doit se rendre en Écosse pour recevoir le fabuleux héritage de feu sa tante : un château entouré d'immenses terres, un titre ducal et, surtout, un véritable magot qui pourrait régler une fois pour toutes les difficultés financières du cabaret tropézien dans lequel il se produit, La Cage aux folles. Mais les conditions du testament précisent qu'il ne pourra recevoir son héritage qu'après avoir contracté un mariage, et être le père d'un enfant légitime, dans un délai de 18 mois."
52710,/r8O5oseR8jOqkqEEtfyK6DH8WBi.jpg,"Au cours d'un match de boxe, le meurtre d'un Prince déclenche un étrange ballet entre la mafia et la police. Dans un grand hôtel parisien, près de la gare St-Lazare, deux flics enquêtent sur la mort prématurée du Prince. Dans les couloirs, tel un labyrinthe, des personnages cherchent leur chemin. Et leurs histoires se croisent par instants."
61991,/pMRI5kZXb88yNV0Efkl0mAAEqzr.jpg,"Charlotte, treize ans, en a terminé avec l'enfance et si elle sait ce qu'elle ne veut plus être, elle ne sait pas encore ce qu'elle veut devenir. L'adoration que lui voue Lulu, une petite voisine de six ans, l'agace, et elle est fascinée par Clara Bauman, enfant prodige et pianiste surdouée qui a le même âge qu'elle."
44792,/tImszlZ0jEeIWuj9y9qt0VeWiT2.jpg,"Le film suit le parcours d'un garagiste grossier qui, après avoir emporté un concours d'imitation d'Elvis Presley, s'envole avec sa femme Linda à Santa Banana. Après une semaine remplie d'incidents imprévus et de péripéties sous les tropiques, il revient au Québec en étant bien décidé à redresser les valeurs morales de notre société."
41912,/1QSjLAFbtKi5Ue3UxNY9oXPnkRx.jpg,La vie quotidienne et les petits secrets des locataires d'un immeuble parisien.
40411,/j7VkJfmS75dEbq0GMoSXL0xpxjN.jpg,"Afin de dévaliser une grande banque à Montréal, Grimm , un voleur professionnel décide de se déguiser en clown. Grâce à deux complices à l’intérieur de la banque, il prends en otage 32 personnes et réussit son coup. Pourtant, alors qu’il croyait que le plus dur était fait, les ennuis vont s’amonceler avec un rival, Larsky, et la police..."
165218,/2Aexhz1q9hoSuGsnQ7BNi6RgwFm.jpg,"En 1789, le calife de Bagdad Shazaman al Rachid et son vizir sont en visite à Paris et désirent acheter des guillotines. Mais la révolution éclate, la Bastille est prise et les aristocrates sont liquidés : c'est la panique. Le calife et son vizir sont alors pris pour les fuyards royaux et arrêtés. Marat les fait libérer et ils deviennent ses bras droits en exerçant un pouvoir totalitaire. Pendant ce temps la véritable famille royale parvient jusqu'en Orient où Louis XVI se fait sacrer calife..."
80336,/2PQb9v8NJDr6nhkzQXuTCSGWgzv.jpg,"A la suite d'un pari avec des copains, Paul, dragueur invétéré, se met en tête de séduire la princesse Charlotte dont le mariage avec un duc est imminent..."
57308,/qXB6cAEVVZkIbOzk9aHhCWJNlVr.jpg,"Jeune professeur de lettres, Frédéric a des méthodes très « cool » qui tranchent avec les habitudes du lycée où il vient d'arriver. Avec ses amis Michel, Gérard et Francis, profs de dessin, de sport et documentaliste, il décide de secouer les traditions et de rénover le lycée."
64675,/ArWoBfO9q67tMk805WeVQ2rX8L1.jpg,"Un comique d'un certain âge fait appel à deux jeunes auteurs afin de renouveler son répertoire. Mais il se retrouve embringué, suite à une dispute avec son épouse, dans un film prétentieux et intellectuel, loin de ses aspirations d'origine."
192324,/8MOnNxC2rkwuQNeDAyDC80TUAg.jpg,"Une vamp de banlieue se réfugie chez sa voisine, une demi-clocharde plutôt laide et suicidaire. Se croyant meurtrière de son mari policier et alcoolique qu'elle vient de mettre hors d'état de nuire, elle embarque dans son échappée sa voisine ainsi qu'un délinquant en cavale presque malgré lui..."
50211,/wfdAdoqZlSnKTFlhATVk7oUWVb.jpg,"Pendant l'été 1965, Jean-Baptiste Foucret doit remplacer un impitoyable chef scout. Moniteur étourdi et sans grande autorité, il prend en charge un teigneux groupe de jeunes garnements qui ne pensent alors qu'à lui faire vivre un enfer. Bien trop permissif, Jean-Baptiste perd très vite le contrôle du camp. Mais lorsqu'un des enfants se fait mordre par une vipère, la réactivité de leur chef leur fait tous changer radicalement d'avis."
79762,/31qpyCcKCCxES1ksn2MUHZ4fPkk.jpg,"Le film est une suite de sketches : ""Une nuit inoubliable"" : l'aventure de trois faux dragueurs... ""Dialogues au sommet"" : difficultés d'un interprète entre la ""République"" d'Afrique et d'URSS... ""Un livre c'est personnel"" : que prêteriez vous le plus volontiers ? Un livre ou votre femme ?"
4180,/foC3X5yhEX1Z4avbwTWWlgcuEbn.jpg,"« Un copain déposera un colis et passera le reprendre plus tard », tel est le message laissé par Jacques, avant son départ pour le Japon, à ses deux compères Pierre et Michel avec lesquels il partage un luxueux appartement. Comme prévu, le colis arrive et à la stupéfaction générale, il s'agit d'un bébé… Adieu liberté et aventures sans lendemain."
59161,/6FGI2vtSVmtD1nGIh2RbgEqMTrj.jpg,"Marc Elbichon, un privé, enquête sur la vague particulière d'assassinats qui se déroule en ville : un homme agresse les femmes et les tue en leur incrustant un cadran de téléphone sur le front…"
191056,/nysoQj17BsmJ4jXoUd7nFh0VGXQ.jpg,"Julien, un paléontologue, découvre une femme fossile de deux millions d'années. Une fondation américaine y est très intéressée et désire financer de nouvelles fouilles. La directrice, Mme Heffner, doit arriver mais Jessica Fitzgerald, une publicitaire, prend sa place afin de lancer un nouveau parfum."
251968,/iBYYyAxyEPdoKwihhhYB0hvFzmn.jpg,"Un homme particulièrement malchanceux fait la rencontre d'une belle jeune femme, fille d'un riche homme d'affaire. Celle-ci, poursuivie par des maîtres-chanteurs, va l'emmener dans ses galères..."
37189,/7SLDzyaC1AvF31T3GFxytMuQuZh.jpg,"Reinette, la souris des champs et Mirabelle, la souris des villes dans quatre aventures. À la campagne. À la recherche de l'heure bleue, cet instant magique que l'on peut saisir à l'aurore. Puis à Paris, où Reinette a rejoint Mirabelle pour suivre des cours de peinture. Ses tribulations parisiennes la mettent aux prises avec un garçon de café et un marchand de tableaux particulièrement bavards, puis avec un mendiant et une arnaqueuse…"
9318,/1MWTDqNWLzjs9HUtC8aKanNLZLH.jpg,"Les Romains menés par Jules César conquièrent l’île de Grande‐Bretagne. Toute ? Non !  Car là aussi, un petit village résiste à l’envahisseur et envoie Jolitorax, un lointain cousin d’Astérix, quérir chez les irréductibles Gaulois de la potion magique pour les aider dans leur combat."
63657,/ptdw2OnXFnjB1rDKeR6VSyRvYwR.jpg,"Parce qu'il a décidé de faire détruire un foyer africain non salubre, le zélé fonctionnaire de la Préfecture, Michel le Gorgues, va être victime des pratiques d'un grand marabout."
63982,/vLxSLZmMJA8mrsOBrwOoXCkyT48.jpg,"François, un cadre sans histoire, mène une existence paisible, entouré de sa femme et de ses enfants. Un jour, il découvre sur la couverture d'un roman policier le portrait de son vieux complice Léo, qu'il n'a pas vu depuis 25 ans et qu'il connut jadis en colonie de vacances. Ce dernier est devenu cascadeur de cinéma mais est resté un éternel adolescent. Ensemble, ils décident de retrouver Kuntchinski, le troisième larron de la bande, pour recommencer le jeu qu'ils affectionnaient tant durant leur adolescence."
51257,/8FbKr4BlZucrR0pa0SmkN11EP4w.jpg,"Fauchés, Momo et Manu acceptent de convoyer des statuettes depuis Amsterdam, et découvrent qu'elles contiennent de la drogue. Ils reçoivent un kilo d'herbe en échange, qu'ils revendent immédiatement. Si l'affaire est rentable, il n'est pas façile de devenir par la suite, un dealer en bonne et due forme."
30163,/dmrVlsTFOW6RRUpEANVpiOytHFK.jpg,"Les temps sont durs pour François Pignon qui doit soigner sa fille. Il s'est même résigné à braquer une banque. Il va jusqu'à prendre en otage Jean Lucas, un ancien repris de justice sortant tout juste de prison, pourtant bien décidé à devenir honnête..."
63979,/uhAqdkd2X00nu40YgAZbvsK6CwB.jpg,"Splendeurs et miseres de la grande epoque d'Hollywood dans les annees quarante. L'histoire d'un producteur tyrannique, d'un realisateur paranoiaque, d'une pin-up mariee vingt-quatre fois, d'un acteur qui refuse de vieillir..."
63663,/terh9xteRO3BinhT0LnZT4X3l4y.jpg,"Déjanira, danseuse brésilienne qui ne parle pas un mot de Français, monte de justesse dans l’express Paris-Nantes-Saint Nazaire de 17h27, dit le « Maine Océan ». Le Garrec et Pontoiseau, les deux contrôleurs du train, l’interpellent car, dans sa hâte, elle n’a pas composté son billet. Tandis qu’ils tentent de lui expliquer la situation dans un anglais très approximatif, une passagère avocate, Me Mimi de Saint-Marc, prend parti pour la jeune fille. Le ton monte et l’avocate entraîne sa nouvelle amie à Baugé où elle doit plaider la cause d’un marin de l’île d’Yeu, Marcel Petitgas, accusé à tord d’avoir molesté un automobiliste. Pontoiseau de son côté voudrait bien revoir la belle Déjanira…"
64097,/yPN6q3xh7xGpsYqChhRxMjFm3tr.jpg,Peter a des doutes sur la fidélité de sa femme. Il engage un détective privé et apprend que cette dernière loue un appartement où elle retrouve son amant. Il se procure un double des clés et découvre alors celui avec qui son épouse le trompe : un chimpanzé prénommé Max…
64419,/1hlE9LoNM4RTEYnxYVdB2cYoLq1.jpg,"Papu simule une paralysie, à la suite d'un accident, pour toucher l'assurance. Pour appuyer ses dires, il se rend à Lourdes pour une pseudo-guérison. L'assureur Fox-Terrier, qui a flairé la supercherie, va tenter de le démasquer."
40224,/uytVJyZAdv9smjsDhTgCuLYcTEC.jpg,"Jacques Belin est un célèbre animateur de jeux télévisés qui attend sa fiancée au café de la gare de l'Est, cette dernière ne viendra jamais au rendez-vous. Il rencontre une femme nommée Fred fraîchement libérée de prison et sans grand charme, consommant elle aussi dans ce bar, dans l'attente de son train qui doit l'emmener à Metz chez sa sœur. Tout les oppose, mais leurs solitudes respectives les poussent à discuter et à boire ensemble. S'ensuivront une soirée mouvementée et un réveil à jamais mémorable …"
3934,/7vayc2a5TIMj8CymRxvOh8jd7o3.jpg,"Antoine et Monique, un couple pauvre vivant dans une caravane, rencontrent Bob, un cambrioleur charismatique qui les entraîne dans une série de larcins et dans une relation trouble. Bob manifeste un désir pour Antoine, bouleversant les relations amoureuses et de pouvoir du trio."
81122,/m4QOlcQGuCoGpx4Fg9MhpRRKDsn.jpg,"En Russie, à Kiev en 1984, Iouri, un jeune dissident organise un concert pour sa fiancée Tatiana Féodorova, une célèbre chanteuse de Rock. Son style est à peine toléré par le Parti. Alors que le concert se déroule sans embûche, les parents de Tatiana débarquent à l'improviste et demandent à Iouri de les cacher parce qu'ils sont recherchés par le K.G.B. Iouri se tourne vers sa sœur Natacha, mariée à Iouri, le directeur d'un grand hôtel de luxe moscovite pour leur demander aide et asile. En plus du K.G.B., le Parti surveille, contrôle tout le monde et particulièrement Igor..."
63763,/zkPdE6wwde1vznkMgexaEeG7OaI.jpg,La vie heureuse et malheureuse de quelques personnages qui évoluent à l'intérieur d'une galerie marchande.
46807,/plBBq1zlH2lamuV1oAP9uPfNCXT.jpg,"Le propriétaire d'une pâtisserie et un brocanteur vivent dans le quartier du Marais à Paris, et se disputent continuellement. Deux jeunes hommes ont besoin d'argent, et l'un d'eux tombe par hasard sur un coffre-fort.  Samy a besoin d'argent pour financer le premier disque de Joanne, Zvi a aussi besoin d'argent pour épouser Rebecca, mais il ne pourra le faire que quand sa soeur aînée, Judith sera mariée et pour cela, il faut encore de l'argent pour lui payer une opération de chirurgie esthétique..."
64544,/xaQ5u6xPkRiQgRn0tLFzIvZHKZe.jpg,"Blanche vient de s'installer à Cergy-Pontoise. Lors d'une pause déjeuner, elle fait la connaissance de Léa, enjouée et d'emblée sympathique. Bien que peu sportive, Léa accompagne Blanche à la piscine. Elles y croisent Alexandre, une connaissance de Léa. Blanche tombe sous le charme de ce jeune ingénieur. Lorsque Léa part en vacances, Blanche retrouve par hasard Alexandre et Fabien, le petit ami de Léa, dans les rues de Cergy."
64080,/A9YhwHO6NLtMB9VEFOdnyslhU5f.jpg,"Thierry, Gérard, Francis et Daniel sont des amis, anciens camarades d'HEC Paris. Si les trois premiers ont brillamment réussi leur vie, Daniel, quant à lui, accumule les galères et les mauvaises affaires. Alors que Daniel propose une énième affaire à ses amis, ces derniers refusent et décident pour lui faire une blague, de lui faire croire qu'il a gagné au Loto grâce à un tirage ingénieusement truqué et monté."
81774,/jp8LYiQzEoUuMqu2lGSZZ1A4Nsf.jpg,"En 1914, Roger, 16 ans, arrive dans la demeure familiale peuplée de femmes, les hommes étant bientôt mobilisés sur le front. C'est dans cet environnement qu'il vit son éveil à la sensualité."
191479,/cBYqsAwFY6iFWJHGpUx7pqyIv3y.jpg,"En France, pendant l'Occupation. Fernand Le Bâtard, héritier des Lunettes Le Bâtard, deuxième fortune de France, est aveugle depuis l'âge de huit ans et vit au milieu des bonnes sœurs de l'Institut du Bon Pasteur. Il n'a qu'une idée en tête : trouver une femme pour enfin connaître les voluptés de l'amour. Un ancien boucher, criminel en cavale, André Binet, va lui permettre d'exaucer ce vœu en l'emmenant chez Lotte, tenancière de maison close..."
77729,/5Y0pOQLi8Zin833petvqWCVnBYL.jpg,"Moise, diamantaire, est un jeune juif d'Anvers, austère et religieux. Involontairement melé à une affaire de drogue, ils se réfugie à Paris chez Albert, son frère, qu'il n'a pas revu depuis le mariage de celui-ci avec une Goy. L'existence de Moise, obligé d'affronter Goliath et ses sbires, va etre totalement bouleversée et ses certitudes ébranlées par l'amour d'une jeune Kabyle..."
65612,/bxDBe2oMEc74ixxDRYNDfhuQmS3.jpg,"Entre « L'Idiot » et les Rita Mitsouko, Jean-Luc Godard, philosophe désabusé, cherche sa place sur terre comme au ciel. Tout ceci ponctué par les entrées et sorties de divers personnages et son inépuisable sac de citation…"
56520,/iQSg0AnEY69sC0q5ATbkRZlikrz.jpg,"Rien moins que 25 ans que Rivetot s'occupe de l'intendance, celle de Mortez, la star de « La Langue au chat », jeu radiophonique. Cela fait des années que Rivetot les conduit sur la route de ville en ville dans un éternel break Ford, des années qu'ils prennent une chambre à deux lits dans des hôtels miteux, des années que Rivetot porte les valises, installe les micros, les câbles, sélectionne les candidats, chauffe la foule. Et quand Rivetot apprend que « La Langue au chat » va être supprimée, il n'en dit mot à Mortez. Que faire ?"
67551,/piXCI8nUnto46BgLV5mCoZgxOle.jpg,"Louise, conseiller littéraire aux Editions du Cercle, reçoit un gros manuscrit en provenance des Etats-Unis. Bouleversée par la lecture de cet ouvrage elle entame une relation épistolaire avec Paul, l'auteur. Elle tombe amoureuse de l'écrivain et n'a de cesse de faire accepter son œuvre à la maison d'édition. Quand, enfin Paul vient en France, Louise, effrayée de cet amour insensé, s'enfuit..."
49693,/oElAqwPGT0FQVoZ6UZyoyL5BYcW.jpg,"Fascinée par Marie, l'héroïne du roman 'La lectrice', Constance décide à son tour de faire de la lecture à domicile à des gens esseulés. Après avoir passé une petite annonce, elle fait la connaissance d'Eric, un adolescent handicapé, et de ses autres 'clients' : une fillette espiègle, une veuve de général marxiste dans l'âme, un P-DG névrosé qui se fait lire 'L'amant' de Marguerite Duras, ou encore un magistrat à la retraite, grand admirateur des sulfureux écrits du Marquis de Sade."
2025,/kOPfRCxaBcaNp3bVbYxNgeRT6hY.jpg,"Un fils de bonne famille, Martial, mal dans sa peau, dépressif, PDG d'une chaîne de supermarchés, profite de raisons professionnelles pour prendre un peu de recul. Il se pose à Limoges, semant le trouble dans la vie des bourgeois locaux (dont les gérants du supermarché de la ville, Monsieur Fonfrin et sa femme) comme dans le cœur d'une petite provinciale, Francine, à qui il propose de rester quelques jours avec lui, en échange de quoi elle pourra se voir offrir tout ce qu'elle veut. Au cours du film, les personnalités des personnages se révèlent, et changent même ; ainsi, Monsieur Fonfrin, présenté alors comme un riche bourgeois aspirant seulement à son enrichissement personnel, va se révéler être à la fin un des personnages les plus attachants, enclin à aider quiconque, tout le temps, soutenant Martial (dans le dos duquel il se moquait) et proposant à chaque fois de lui apporter son aide."
50226,/rcLG3jDid6si0OiDrzABe4WuwCy.jpg,"Bellabre, un des capitaines du roi de France Charles VIII, est ridiculisé au cours d'un tournoi par un jeune inconnu, Pierre Terrail de Bayard, amoureux de la duchesse de Savoie. Les deux hommes partent combattre l'ennemi, Bellabre prenant Bayard sous sa coupe..."
4271,/yxlSmTxGo5aN6k7N3ayujVnR2lV.jpg,"Dans une petite ville du nord de la France, deux familles nombreuses, les Le Quesnoy et les Groseille, d'origines bien différentes, n'auraient jamais du se rencontrer. Mais c'était sans compter sur Josette, l'infirmière devouée du docteur Mavial, amoureuse et lasse d'attendre qu'il quitte sa femme. Dans un moment d'égarement la douce infirmière a échangé deux nouveau-nés, un Groseille (les pauvres) contre un Le Quesnoy (les riches), pour se venger de la vie et du docteur. Comprenant que Mavial ne l'épousera jamais, elle révèle le-pot-aux roses aux deux familles..."
39422,/f545ywREytB7X4NtksT6w7p0zvJ.jpg,Yan qui attend un rendez-vous galant se trouve embarrassé par sa voisine qui a claqué la porte de chez elle alors qu'elle était sur le paillasson en petite tenue.
52286,/jR8L6MtUwuv9ZI0KyOUhoeCvUVd.jpg,"Valentine prépare avec acharnement son agrégation, l'aboutissement de 5 années d'études difficiles. Elle ne dispose donc pas de loisirs et doit beaucoup travailler. Elle va cependant tomber amoureuse d'Édouard, un jeune musicien…"
59349,/pwsGEnEbuOnuRKhC1QIFuN8Ea4e.jpg,"En 1944 deux enfants fuient le village dans lequel ils sont en pension pour se rendre chez leur mère à Lyon. En chemin, ils font la connaissance d'un soldat allemand qui déserte. Bientôt une véritable amitié les lie malgré le caractère bougon de l'officier. Celui-ci devient leur protecteur..."
11625,/uu0Ixw36nxrzsx03Tdfak2qN1VU.jpg,"Lorsqu'Obélix percute le pauvre Panoramix avec un menhir, le druide s'évanouit et, au réveil, devient incapable de retrouver la formule de sa potion magique. Astérix et son fidèle compagnon vont alors devoir s'employer pour déjouer les tours des Romains et d'un étrange devin..."
203986,/4r1fj4sRWxGitGyAwd5WYxFeddy.jpg,"En Afrique, dans un village au cœur de la forêt mystérieuse, un peuple vit heureux, au rythme des coutumes ancestrales. Jusqu'au jour où l'arrivée de bûcherons bouleverse l'existence des habitants."
173999,/eVMqtah7eqq9aZxAc4ZWXEtDhQY.jpg,"Lors des vacances d'été, un groupe de femmes se séparent de leur mari et enfants qu'elles envoient sur l'île de Ré passer le mois d'août alors qu'elles restent entre elles, à Paris. Sur l'île comme à Paris, ce temps hors du temps que sont les vacances est vécu comme une parenthèse ou chacun tente de faire le point et d'être heureux, les maris, les femmes, les amants, des plus grands aux plus petits."
36068,/lVF5rZG9aUBkvUi6X2OOOsabP3V.jpg,"1789. Dans une cellule de la Bastille, le Marquis écrit clandestinement et débat avec son sexe qui exige d'être satisfait. Une jeune femme enceinte d'un enfant bâtard du roi est emprisonnée non loin de lui. Afin d'éviter le scandale que cette naissance causerait, un prêtre corrompu décide de faire croire que le Marquis est le père du bébé."
51326,/noc88VmiOh2RD4OuXH6MlspoYdT.jpg,"Quelques amis de jeunesse approchant de la quarantaine se retrouvent à l'occasion de la venue à Paris d'une rock star québécoise, Bernadette Legranbois, qu'ils ont connue durant leur jeunesse. C'est l'occasion pour Jean-Michel, Richard, Guido, Antoine et Dany de régler quelques vieux comptes et de faire un bilan mi-doux, mi-amer de ce qui reste de leurs rêves d'adolescents."
1785,/6Rwg2OWBL6zSKujw6sGpT1TknaJ.jpg,"Une vieille dame s’éteint dans une grande demeure du Sud-Ouest. Son fils, Milou, qui a soixante ans et qui s'occupe de la propriété, convoque pour l'enterrement son frère Georges, sa belle-sœur Lily, sa nièce Claire, sa propre fille Camille et le reste de la famille. Mais nous sommes en mai 1968. Depuis deux semaines Paris est à feu et à sang..."
11480,/z61Zl05vxfx0Hv3tfzkn3YnMGxC.jpg,"Romuald, jeune et sémillant PDG des usines Blanlait, a toute confiance en son directeur, Paulin, en sa secrétaire, Nicole, et en sa femme, Françoise. Seule Juliette, une charmante Antillaise qui fait le ménage dans les bureaux de la société, la nuit, pour nourrir ses cinq enfants, tous nés de pères différents, connaît les complots fomentés contre le candide Romuald. Paulin et Françoise sont amants, Nicole trahit allègrement son patron, et un sabotage contre les cuves de Blanlait envoie nombre de consommateurs à l'hôpital. Recherché par la COB, Romuald trouve asile chez Juliette, qui lui ouvre les yeux sur ses proches et sur le bonheur de vivre..."
131128,/ng7cB9z72fvzoM0ggzGdD6HFsRJ.jpg,"Thierry fait des petits boulots dans un zoo en échange de leçons que lui donne le dresseur de lions Frazier. Il rencontre Roselyne, et ils partent ensemble pour trouver du travail. Ils finissent par être engagés dans un cirque de Munich, elle comme dresseuse et lui comme entraîneur."
181123,/mxfbWh7T1ui7tqhkVJVpXGRW6YQ.jpg,"Paris, 1955. Guy, critique aux Cahiers du cinéma, va souvent voir les films de Vittorio Cottafavi dans une salle de quartier. Il y aperçoit Jeanne, critique de la revue ennemie Positif, qui semble le suivre."
172945,/v63pjR3zK1rRuw2wBBTAw3IBmi6.jpg,"Pour fuir une mère très envahissante, Rémi, jeune informaticien divorcé, loue un logement à une vieille dame. Celle-ci se révèle être une redoutable braqueuse de banques..."
43281,/87oeOL1rYY6znYWNqJeU4xIeWzl.jpg,"Un monde sans pitié, celui des jeunes hommes, des jeunes filles qui vivent l'aube des années quatre-vingt-dix. Un monde où semble-t-il il ne reste plus que l'amour comme unique aventure."
174589,/lvCZlGKCmSLnVBZ3T6J5Qbb2knM.jpg,"Clarisse Boulanger, ancienne membre de la DGSE est contactée pour une mission exceptionnelle : la destruction aux explosifs d'un yacht appartenant à un trafiquant d'armes. Elle a comme équipier Hippolyte, adjudant-chef d'origine ivoirienne. Tous deux se font passer pour mari et femme. Antoine, le vrai mari de Clarisse ignore tout des activités de son épouse. Il se trouve mêlé malgré lui à l'opération secrète…"
20220,/67GV30lMMgAcjRDn8ShwMThTvhS.jpg,"Sur le point d'être exécutée, la belle Shéhérazade raconte son histoire aux jeunes fils du bourreau. Dans ce récit, elle croise les différents personnages des 1 001 Nuits dont le Génie, exilé dans un Londres moderne..."
77672,/9jFNYw3CYdnpr16UhufBeDWfH3e.jpg,"Les vacances de juillet 1958, sur une plage de la côte atlantique. La petite Sophie, 8 ans, et sa grande sœur Frédérique subissent la mauvaise entente régnant entre leurs parents, pressentant le drame du divorce qui ne manquera pas de se produire."
12717,/sdLkKpZ89HrdUARyHYgBGEB62cB.jpg,"Chaque fin de semaine et en été le jeune Marcel et sa famille passent leurs vacances dans les collines au-dessus de Marseille. Marcel a hâte de retrouver son «petit frère des collines», Lili des Bellons. Mais le passage par les berges du canal à travers des domaines de châtelains est une véritable aventure, et une angoisse renouvelée pour Augustine, quand Bouzigue offre la possibilité de gagner du temps pour rejoindre par ce raccourci le lieu de leur villégiature. C'est toutefois Isabelle, fille d'un prétendu poète, qui monopolise l'attention du jeune Marcel, et pour laquelle il consent des sacrifices qui inquiètent sa famille et son ami."
11673,/7X4lCnelWJIuoMRLZqom5aAWRUU.jpg,"Les aventures du célèbre et turbulent cadet de Gascogne, amoureux de sa cousine, Roxane, vues par le réalisateur de «La vie de château» et le scénariste Jean-Claude Carrière. «Il s'agissait de faire un film. Nous ne pouvions nous contenter d'une simple mise en images de la pièce. Nous voulions donner à cette histoire que nous aimions la dynamique et la tension d'un film. Le vrai pari du film, c'est que les personnages y parlent en vers.»"
17196,/tJoInR2sKSsSqrkWjG0BjYRIsO4.jpg,"Le duo d'humoristes Ding et Dong tente sans succès de gagner sa vie grâce à son humour. Enchaînant les malchances et les bourdes, un presque étranger fait d'eux ses héritiers d'une somme de 30 millions de dollars, qu'ils utiliseront pour fonder le TNT (Théâtre de la Nouvelle Tragédie). Ils y présentent Le Cid de Corneille. L'amitié qui unit les deux humoristes sera menacée par la direction que chacun veut donner à sa carrière respective; Ding veut s'orienter vers le théâtre de répertoire, influencé par une amie, et Dong semble déterminé à vouloir rester humoriste absurde, guidé par son nouvel agent."
38014,/4a7IoY6WR3yUHt4qoYkiKXiBjQ4.jpg,"Les parents de Julien se séparent le jour de la rentrée scolaire. Elève de CM2, le garçon a beaucoup de mal à assumer cette situation, pourtant vécue par un grand nombre de ses camarades de classe. Mais un jour, les enfants de parents divorcés décident de semer la zizanie parmi les couples unis..."
51329,/fmHjQpI4aFc3OXRcHBuJmbyhPHf.jpg,"En mars, lors du passage à l'heure d'été. Une heure en moins et on peut rater un avion, une affaire ou la femme de sa vie. De plus c'est la pleine lune qui exacerbe les comportements, qui joue avec les sentiments et les êtres......"
11796,/fr5i4UNEAITMHTrPI4Tt8ZQ9lbs.jpg,"Le rêve d'Antoine, petit garçon amoureux, est d'épouser une coiffeuse. Il va donc chez le coiffeur aussi souvent que possible. Un jour, par hasard, il découvre la coiffeuse de ses rêves dans un petit salon de coiffure de province..."
40223,/5dt2ojhQfX57zLrqlIZ6BbPeiQ.jpg,"À Bogota, où il surveillait un trafiquant d’armes et de drogue, le capitaine Boulier de la DGSE, alias ""Le Squale"", est rappelé en France pour une nouvelle mission : coincer un trafiquant Colombien, le Colonel Augusto Zargas attendu à Paris, au consulat d'Autriche pour une négociation d'armes sous le manteau avec le consul Burger. La DGSE se doute d'une taupe au sein de l'Élysée qui aurait transmis au consul le dernier missile français. Il faut démasquer le traître. Le Squale parvient à infiltrer le consulat et à placer un micro dans la bague de leur interprète, Marie-Laurence Granianski. Mais Mme Granianski vient de demander trois jours de congés pour fêter son anniversaire de mariage. Le Squale doit torpiller le couple afin que ledit anniversaire n'ait plus lieu et que la Marie-Laurence reste travailler. L'opération est baptisée ""Corned Beef"". Mais comment l’empêcher de partir en vacances ?..."
79753,/2SXenpduhQP4EcqOIldjXotU0Os.jpg,"Catherine et Françoise arrivent à Paris pour travailler dans l'administration des Postes. Au fur et à mesure de leur formation, elles découvrent que leur patrons utilisent le harcèlement sexuel pour accorder des faveurs et des postes plus intéressants à leurs salariées. Loin de s'en formaliser, Catherine et Françoise décident de se plier aux jeu et ainsi profiter de tous les avantages."
176903,/goGz6QPOhIXYVbn1kbnLYjDHPJX.jpg,"Dépanneur de voitures pour métier mais la musique pour passion, Nickel fait la rencontre d'un groupe de jeunes musiciens du nom de ""The Electric Pass-Moutains"" qu'il prend sous son aile. Ils n'emballent pas la foule mais le départ du chanteur propulse Nickel à la tête de la formation où il montre tout son talent. Plus tard, les cinq membres ont vent de combats de rock au cours desquels plusieurs groupes s'affrontent. Ils décident d'y participer."
22240,/9Viyay6lT7kfYfJmGRelLFpx4mJ.jpg,"François et René forment une équipe de ripoux depuis déjà 5 ans quand François, qui envisage de passer l’examen de commissaire, souhaite redevenir honnête. Mais lorsqu’il remet à une boutiquière volée l’argent dérobé, celle‐ci, en raison d’une vieille rancune envers René, les accuse aussitôt du forfait. Les deux flics sont alors suspendus et remplacés par les inspecteurs Brisson et Portal, censés être de véritables modèles d’intégrité. Mais les apparences sont trompeuses…"
6444,/l04kDrcAoFjllf0EpA0p5wOUkmo.jpg,"À la mort de son principal souffre-douleur, Odile, sa gouvernante, Mme Billard, veuve du colonel Édouard Billard, est secourue par ses charmants neveux. Pour tatie Danielle, le champ de bataille s'élargit et elle va pouvoir exercer sa tyrannie sur ses neveux Billard."
41930,/ggxZ5Uc2uEkVwBK38CuNBaA6MlQ.jpg,1945. Dans une petite ville de France la paix s'installe. Une famille héberge plusieurs sinistrés dont les maisons ont été détruites pendant les bombardements. Dans cette promiscuité certaines personnalités vont se révéler à l'heure des règlements de comptes.
172938,/bz56DgXsl4DFVeHLGY0JD84lM3H.jpg,"Marleau travaille comme gardien de nuit dans un grand studio de production de films : Popcorn international. L'emploi lui convient parce qu'une carrière de comédien achevée en queue de poisson lui a laissé un goût amer. Marleau ne désire plus que tranquillité et anonymat. Le sort en décidera autrement quand un mystérieux individu assassine un à un les patrons de Popcorn international, annonçant chacun de ses crimes par un air mélancolique de trombone. Qu'ont fait ces hommes pour se mériter pareille vengeance ? Marleau a intérêt à le découvrir, et vite : l'assassin laisse sur chaque cadavre un indice l'incriminant, lui. Pour ajouter à ses soucis, sa fille Josée, une perspicace adolescente férue d'informatique, lui rend une visite au terme de laquelle elle se convainc qu'elle seule saura sauver son défaitiste de père. De son côté, l'inspecteur de police Graselli compte bien trouver son profit dans une affaire qui devrait lui valoir avancement et gloire."
892,/oPlGvJFhDRYC5XrX2oqiwxTOoE8.jpg,"Au milieu d'un immense terrain vague, dans une banlieue hors du temps, se dresse un vieil immeuble. Il est habité par de drôles de gens qui n'ont qu'une préoccupation : se nourrir. Ils sont clients à la boucherie du rez-de-chaussée dont l'enseigne “Delicatessen” grince au vent. Pour remédier à la pénurie de viande, le boucher “recrute” sa matière première par petites annonces… La rencontre de la fille du boucher et d'un gentil commis va bouleverser les rapports de cette étrange communauté."
435262,/8K7sFwEKjJfh8uebcr3CBeBWpqm.jpg,"Juliette est une inventrice de talent qui n'a pourtant pas de chance dans son travail. Sa vie est bousculée par sa rencontre avec Loulou graffiti, un petit garçon qui s'est enfui de la DDASS. Ce dernier est ami avec Pique la Lune, un cambrioleur au grand cœur, et Loulou a alors l'idée de réunir ces deux personnages que tout oppose alors que le trio est pourchassé par la police."
4272,/neXNMggGa43m3lBkX65EOaj2WbR.jpg,"Leah Lemonnier, 35 ans, mène une vie morne et déprimante, entre son travail de secrétaire d'un dentiste qui passe son temps à la houspiller, son analyste qui ne voit en elle qu'une source de revenus, son voisin obsédé sexuel et fêtard, et sa mère égoïste, avare, méprisante et narcissique. Mais un jour, elle invoque sans le vouloir un séduisant démon, Abargadon, qui lui propose un pacte : il se met à son service jusqu'à sa mort en échange de son âme... Léah signe le pacte, bientôt annulé par l'intervention de l'archange Gabriel, qui annonce à Abargadon qu'il s'est trompé de proie. La vie de Léah et de son compagnon va alors devenir un enfer."
20978,/xQRiC9fQy69aaMBw96TJjpEgB14.jpg,"Fille de parents divorcés, Véronique a 15 ans. Son père André l'emmène en vacances lors des fêtes de fin d'année à l'île Maurice. Lors du séjour, Véronique va faire la connaissance d'un jeune homme, Benjamin, dont les parents ont une maison sur l'île. Afin d'attirer ses faveurs, l'adolescente fait croire à Benjamin qu'André n'est pas son père mais son compagnon tout en s'inventant une vie."
72833,/faoFw5Gzl31fQ5s2D3qUG2ZqlLZ.jpg,"Charles de Boilesve est un entrepreneur à succès assez solitaire qui a un vice pour se donner un frisson. Il s'adonne à la kleptomanie dans un supermarché qui est très probablement à lui. C’est là qu’il rencontre Rachid Merzahoui qui le prend la main dans le sac et l’insulte copieusement.  Les vigiles arrêtent Rachid. Une fois sorti du magasin, Charles va le suivre et lui proposer de devenir son coiffeur particulier avec un salaire et des conditions de rêve. D’abord surpris et dépaysé, Rachid va rapidement se prendre au jeu et occuper une place importante auprès du richissime industriel ce qui ne plait pas à son entourage qui engage un détective."
164023,/mPURXkk1W80loTgh6Uheku26GB4.jpg,"Trentemoult, 1960. Vingt ans après avoir pris la mer, Yvon Legualoudec est de retour dans son petit port natal, accompagné de sa femme guadeloupéenne et de leurs enfants. Sa réapparition soudaine met en émoi Jean et Liliane Ripoche, eux-mêmes parents de quatre enfants, à la tête d’un magasin de salles de bains. Car Jean était autrefois inséparable d’Yvon, pourtant son rival, puisqu’il faisait lui aussi battre le cœur de la belle Liliane. Les retrouvailles du trio, pleines d’incompréhension, de non-dits et de jalousie, tournent bientôt à l’affrontement quand Yvon décide de présenter Mireille, sa fille métisse, au titre de “reine blanche” du carnaval de Nantes, une distinction décrochée en son temps par “Lili”... Nostalgie sans concession Pourquoi Yvon s'est-il enfui du jour au lendemain, sans un mot, et que cherche-t-il en revenant à Trentemoult ?"
70532,/uekRnk6dlo1tuyrfNfdL1Ud7ukB.jpg,"Le docteur Apfelglück, psychiatre réputé, reçoit les patients les plus insolites, tel Martineau qui, effectuant une livraison par une nuit d'orage, tombe dans une auberge tenue par les Ténardier qui maltraitent une Cosette septuagénaire. Martinez, animateur d'un jeu télévisé, est persécuté par un candidat raciste et grossier, Lebeurk qui, semaine après semaine, accumule une véritable fortune. Quant à Martini, il est persuadé qu'il existe des lunettes permettant de voir les gens nus. C'en est trop pour Apfelglück, qui s'endort et se met à rêver d'un curieux paradis, semblable au lotissement d'une ville nouvelle, où règne l'ordre moral le plus strict..."
75944,/jTn3hsc9wqOIOaYzucy97putFFv.jpg,"Pour son entourage, François est un paisible fonctionnaire des Télécom. Sous cette couverture se cache en fait, le meilleur agent secret des services français. Tout irait pour le mieux s'il n'avait découvert, par hasard, que son fils ne va plus à l'école depuis des semaines et que sa femme entretient d'étranges relations avec un certain Simon ; lequel s'attribue largement les exploits de François. Expert en écoutes et bidouillages, ce dernier n'hésitera pas à mettre son « talent » au service de sa vie privée. Pour lui ce sera… LA TOTALE !"
56321,/8S0P8qDncF9BHqTwvCtqAnmr2Oj.jpg,"Thomas, vieillard vivant dans un hospice, est persuadé que son voisin Alfred Kant et lui ont été échangés à la naissance. Ruminant son amertume, il n'a qu'une obsession : récupérer la vie qui lui a été volée, à n'importe quel prix."
50213,/tTiuOpaDA3NPxc5bVYdnZIY4awR.jpg,"Michel Berthier est cadre moyen dans une société spécialisée dans la vente de matelas, lorsqu'il se fait licencier. Voulant à tout prix avoir un troisième enfant avec sa femme Juliette, il ne dit rien, mais se retrouve très vite en situation de devoir quitter le foyer familial. Après quelques mésaventures, Michel Berthier rencontre Crayon, Mimosa et Le Toubib, qui vont devenir ses compagnons d'infortune de nouveau pauvre parmi les SDF."
78285,/1neWsF03Ret9dSjF0wsKF7mZpKn.jpg,"Sous le soleil de la Guadeloupe, Lady M. marche dans la mer, tout habillée, maquillée, couverte de bijoux et d'un élégant chapeau, au bras d'un jeune plagiste, Lambert, dont elle décide qu'il sera à elle et à elle seule. Avec son vieux compagnon Pompilius, ancien diplomate roumain, elle l'initie à leur sport favori, l'arnaque, pour lequel il semble déjà doué, lui ayant dérobé son solitaire. Un industriel lyonnais, Mazurier, en flagrant délit d'adultère, est ainsi la victime de leur chantage. Lorsque le vieux couple décide de retourner dans sa villa de la Côte-d'Azur, Lambert les suit, au grand dam de Pompilius, qui accepte mal d'être détrôné par ce blanc-bec. Lequel va être l'exécutant de leur nouveau gros coup : le vol d'un diadème, que le maharadjah Boulipuram doit offrir à sa fille au cours d'une somptueuse réception. En confiance, Lady M. dévoile à Lambert le code de son coffre (2017 : nombre de ses amants), le désigne comme son héritier et lui montre ses photos de jeunesse."
76793,/zePNQZLodt3gDXzSzwE84vfiM5k.jpg,"Henri Sauveur, un vétérinaire nonchalant, vient de devenir papa. À la maternité défilent toutes sortes d'amis, plus exaspérants les uns que les autres, si bien que, lassé, Henri préfère s'enfuir. Un an plus tard, sa femme le quitte mais les gâcheurs de plaisir, eux, restent."
10086,/3h7PYinvLGVL6tjUGzmmDycMEmm.jpg,"Une équipe de tournage suit un voleur impitoyable et tueur sans cœur, mais les complications surviennent lorsque l'équipe du film perd son objectivité et commence à l'aider dans ses tâches quotidiennes."
56947,/vheQJA6yatNQh0lytjtucmhxkdP.jpg,"Le même jour, Victor est abandonné par sa femme et perd son emploi de juriste. Personne autour de lui ne semble se préoccuper de son sort. La seule oreille attentive qu'il trouve est celle de Michou, un SDF rencontré dans un café, et qui va vivre à ses crochets."
172303,/cnWR4huwfUjKZUw0eOsBEd655Nn.jpg,"Casanova, vieillissant, veut rentrer à Venise. En attendant un visa pour sa patrie, il erre dans le Midi de la France. C'est ainsi qu'il rencontre Olivio et sa femme Amélie, une de ses conquêtes. Si Amélie tente de reconquérir Casanova, il n'a d'yeux que pour sa nièce Marcolina, qui lui bat froid. Casanova, aidé de son valet Camille, entame son dernier combat."
69896,/nOfxfhfWBssaoUdIDWVP7WKqhvW.jpg,"La vie d'un grand magasin parisien, les Grandes Galeries, dirigé par un nouveau PDG, M. Lepetit, qui va chercher à rentabiliser l'entreprise en basant sa politique sur le facteur humain. IL a été nommé à ce poste par le conseil d'administration représentant les actionnaires avec un défi de parvenir à redresser l'entreprise dans un délai de 12 mois. Pour cela, il a carte blanche. Mais les cartes ne sont-elles pas déjà truquées ?"
71260,/pb6wZ8mitRHun7QaQAivJoKgK6h.jpg,"Un jeune Versaillais invite une jeune parisienne à dîner chez lui. Après avoir mis les petits plats dans les grands, Arnaud s’aperçoit, alors que Claire, son invitée, est arrivée, qu’il a oublie un détail très grave qui risque de compromettre sa soirée."
164126,/lT6YkI9sV0NU7c9mtBcCzmTkDKa.jpg,"Hippolyte Pécheral est un notaire de province fantasque qui passe pour être un drôle de zèbre. Heureusement, son clerc et ami Grégoire veille à la bonne marche de l'étude par ailleurs prospère. Marié depuis quinze ans à Camille, professeur de lettres qui lui a donné deux enfants, Hippolyte sent que la routine s'installe insidieusement dans son couple, et décide alors de ranimer la flamme de la passion. Peu de temps après, Camille reçoit des lettres d'amour anonymes. Amusée, puis troublée, elle accepte de se rendre au rendez-vous, fixé par son mystérieux admirateur dans un hôtel…"
134463,/nHgnjjhhzNEBl7UhsTEO2Rdi2v5.jpg,"Julien Dechaumes est le maire socialiste de Saint-Juire, un charmant petit village de Vendée. Visant les prochaines élections législatives, il réussit à obtenir une subvention du Ministère de la Culture pour doter son village d’une médiathèque. En compagnie de son amie de cœur, l’écrivaine parisienne Bérénice Beaurivage, il rend visite au beau-frère de sa cousine, rédacteur en chef d’un magazine mensuel de gauche intitulé Après-Demain, afin d’obtenir son appui médiatique. À cette occasion, Julien fait la connaissance de la journaliste Blandine Lenoir qui, séduite par sa démarche, décide de lui consacrer un article. Elle se rend à Saint-Juire pour interviewer les habitants et rencontre l'instituteur Marc Rossignol, violemment opposé au projet notamment à cause de l’abattage d’un magnifique arbre centenaire que la construction d’un tel bâtiment entraînerait…"
77149,/eBisevuPI83W6MtLZVsutpM2MqK.jpg,"Quelques amis se retrouvent aux premiers beaux jours dans une maison qu'ils ont acheté en commun. Ils vont pendant quelques jours abriter leurs amours et leurs couples qui se font, se défont, et se refont."
62133,/3EhDXFkPrEjXTESeT6xNURYO7se.jpg,"Victor Meynard est un tueur à gage. Sous l'autorité d'une mère abusive, il mène une brillante carrière et vit seul et reclus dans un pavillon de banlieue où il s'ennuie sans s'en rendre compte. L'irruption dans sa vie d'un jeune garçon plein de bonne volonté et d'une voleuse volage et anxieuse viendront bouleverser quelques certitudes ..."
40627,/kG5JDY39xLXvtzymmIrppSlNGm3.jpg,"Jacques et Martine, couple de bourgeois ordinaires, invitent à dîner deux amis perdus de vue depuis dix ans : un écrivain et journaliste à succès et sa femme, Charlotte, entièrement dévouée à sa carrière. Parmi les invités figurent aussi Georges, le copain hébergé, et Fred, le frère de Martine, avec sa copine Marylin. Invoquant un embouteillage, l'invité et sa femme Charlotte arrivent avec une heure quinze de retard."
38012,/wMSrrL2G7iYiE9IS19B4kETLjv5.jpg,"Alexandre, un jeune homme de 25 ans, s'apprête à épouser Laure, avec laquelle il a déjà l'impression de former un vieux couple. Il fait bientôt la connaissance de Fanfan et succombe aussitôt à son charme..."
65849,/fXnhW8Kk6bCAsPV9jBl6pPTs4X8.jpg,"Martine, jeune femme de 25 ans qui gère sa vie au jour le jour, ne supporte plus de ne connaître que de brèves aventures sentimentales. Au cours d'une dispute avec François, qui vient de la quitter, elle provoque involontairement un accident et devient partiellement amnésique. Envoyée dans un hopital psychiâtrique, elle se met à changer du tout au tout : de passive et indifférente aux autres, elle se met subitement à prendre en main les événements et devient très attentionnée... voire un peu trop au goût des autres patients, qui n'en demandaient pas tant ! A leur contact, saura-t-elle finalement trouver un équilibre et reprendre sa vie en main ?"
70908,/k6DqmgX8EcGLVDoSP61S9GY3G4k.jpg,"Comme tous les ans, la grande famille se retrouve, le temps des vacances de Noël, dans un chalet situé en plein coeur d'une station huppée. Au centre du groupe, Léo, le père de Max et de Simon. Le « patriarche » annonce qu'il s'est remarié avec Françoise, ce qui n'est pas du goût de tout le monde. Stéphane s'efforce d'intégrer à la famille sa nouvelle compagne, Lucie, laquelle menace de rompre. Après dix ans de vie commune, Max et Marie-Claire cultivent une relation fondée sur la haine. Simon trompe allègrement Frédérique avec une femme qu'il a installée dans un hôtel de la station. Samantha fait la connaissance d'un jeune alpiniste, Alfred..."
47507,/49rTt7hWp2m4NZHnDPmcV8zfm6d.jpg,"Lola est métisse antillaise. Elle a 18 ans, une peau couleur miel, un sale caractère... ...et deux amants qu'elle aime tout autant. L'un est blanc, l'autre noir. Félix (le blanc), aime son vélo (il est un des seuls coursiers à vélo de Paris), les boîtes de nuit et le rap. Jamal (le noir), fait des études de droit pour faire plaisir à ses parents et porte des costumes griffés. Ils n'ont rien en commun si ce n'est leur âge (20 ans) et Lola. Lola vit la vie comme elle vient, elle ne se pose pas de problème : et quand pour la première fois elle invite les deux garçons qu'elle aime pour un dîner dans son petit studio, c'est pour leur annoncer le plus sérieusement du monde qu'elle attend un enfant. Son enfant. Elle ne sait pas qui en est le père mais là n'est pas la question : qui l'aime la suive..."
61560,/ubJEj8iiitB9MFC5ZDOqIsu3vrf.jpg,"Adaptation de huit pièces d'Alan Ayckbourn (jamais représentées au théâtre) réunies en deux films de 2h20 chacun. L'histoire présente une série de personnages dans un petit village du Yorkshire interprétés par deux comédiens qui vont nous proposer plusieurs versions de leur vie. Réflexion sur le temps, ces deux films se complètent mais peuvent être vus dans l'ordre que choisira chaque spectateur."
51195,/alKt5HtY5xwA6EnyYDePd0BxXEx.jpg,"Urbain Donnadieu, PDG d'une entreprise de maisons préfabriquées, a été élevé par sa grand-mère, Zézette, dans le culte du profit. Avare de première classe, il a volé 60 000 francs par jour à son entreprise, qu'il a transformés en lingots. Il reste à les faire passer en Suisse. Il décide donc de cacher les lingots dans les briques d'une des maisons qu'il doit livrer, une idée qui ne saura peut-être pas si simple à mener à son terme. Tout irait pour le mieux si son épouse, Fleurette, ex-agent du Trésor Public et son amant, Jacques, chauffeur et meilleur ami d'Urbain, ne venaient pas mettre leur nez dans ce plan…"
66447,/zFrckeBscdJO0UiLzi0SfUHT14m.jpg,"La femme de Paul, fatiguée d'être trompée par son mari volage, l'a quitté. Depuis, au lieu de profiter de cette toute nouvelle liberté, Paul se morfond. Il court chez son oncle, célibataire endurci, lui demander conseil. Pour l'oncle une seule solution: se débarrasser de la mauvaise épouse. Pour ce faire ils font appel à Vincent, mari autrefois trompé."
570769,/zgBHOk6KKVbuxEJJjr5Sh9SLEQc.jpg,
78340,/oki99ybGoqo4RYsQWaqOPFnJd1f.jpg,"En 1958, en plein référendum pour l'adoption de la Constitution de la Vème République française. La vie quotidienne d'Irène, militante communiste qui a été sauvée des camps de concentration par l'Armée Rouge quand elle était jeune, et qui est mariée à Bernard, petit commerçant gaulliste. Leurs divergences d'opinions politiques mettent à mal leur couple, sous le regard de leur fils et du frère d'Irène qui vient souvent chez sa sœur. Dans ce moment historique, les Chœurs de l'Armée Rouge viennent donner une représentation en France, ce qui permet à Irène de rencontrer des vétérans de la bataille de Stalingrad sous le regard jaloux de son mari. Elle fera tout pour convaincre ce dernier de voter Non lors du référendum..."
33489,/9fuw8j4tM47POn32VKRZ0IhF46u.jpg,"Marie, jeune avocate, part avec son mari Fabrice et un couple d'amis, Francis et Alessandra. Ils se livrent ensemble à un jeu sentimental dangereux, d'où leurs relations ne sortiront pas indemnes... Par ailleurs, Marie écoute, dans le cadre d'un jugement, l'histoire de trois compères, Henri, Jacques et Vincent, coupables de divers délits. Là encore, ce sont des histoires d'amour qui ont amené leurs destins à s'entrecroiser."
38505,/iBp1NaamNeHZucHanwngMaGAfy0.jpg,"Gamine agressive, adolescente amoureuse, épouse déçue, un puzzle narratif nous fait traverser quinze années de la vie de Victorine, enfant des HLM, avec ses joies, ses peines et ses défis. Alors qu'elle navigue en eaux troubles au milieu des personnages navrants ou ignobles, que le racisme et la bêtise ont (comme ailleurs) pignon sur tour, un message de tendresse et d'espoir pointe dans le regard d'un enfant et même, parfois, au coin du béton."
11687,/aNBbenF2FXhBzJyFqtcToXuzoMg.jpg,"Parce qu'il lui a sauvé la vie lors d'une échauffourée avec les Anglais, le roi de France Louis VI fait du chevalier Godefroy de Papincourt le nouveau comte de Montmirail et lui accorde en justes noces la riche Frénégonde. Cependant, abusé par le sortilège d'une sorcière, Godefroy tue son futur beau-père, qu'il avait pris pour un ours. Soucieux de réparer sa faute, il demande à un enchanteur de le ramener dans le passé, juste avant le drame. Mais, après une erreur dans la formule, il se retrouve, toujours flanqué de son fidèle écuyer Jacquouille la Fripouille, en l'an de grâce 1992. Les deux hommes se lancent à la découverte du monde moderne. La voiture d'un facteur fait les frais de leur étonnement et de leur belliqueuse humeur..."
187277,/tSlPrKQNFtmKucIJhkvb6KJhuWE.jpg,"Camille sera sauvé des ardeurs de Clémentine, venue l'attendre à l'aéroport, grâce à la valise de Juliette qu'il a, par mégarde, prise pour la sienne."
160372,/ukjN0Zv8V32JsorQYEpP2y6PbKX.jpg,"Bandian habite le petit village guinéen de Makono, perdu au fond de la forêt. Il n’a pas 13 ans. Pourtant, il est évident, à le voir évoluer sur un terrain de football, si sommaire soit-il, qu’il a l’étoffe d’un grand joueur. Madame Aspirine, une jeune doctoresse occidentale qui s’est prise d’affection pour lui, lui offre un ballon en cuir. Bandian a beau être ravi, il en fait un si mauvais usage qu’il est contraint de fuir son village. Diverses péripéties l’amènent à participer à un match avec des joueurs plus âgés, qu’il surclasse aisément, et à attirer l’attention de Béchir Bithar, un homme d’argent qui flaire aussitôt la bonne affaire…"
83764,/tHc3oVaBt60D8nWf3lck2KwjaG9.jpg,"Antoine, 11 ans, est en vacances en Sologne dans la ferme de son grand-père, Louis Messignac. Pendant cette saison estivale, Louis a loué une propriété « Le Chastel » à des touristes, M. Hivers, sa compagne Claire et Lisa sa fille de 10 ans venue de Montréal. Antoine va très vite se lier d'amitié avec Lisa. Il aime la nature et observer les animaux. Une nuit, du haut de sa cabane perché dans un arbre, Antoine surprend trois hommes en train de cacher quelque chose sur l'îlot d'un étang. Après leur départ, il découvrira ce qu'ils cachaient et l'emportera : 40 millions de Francs en billets ! Le butin du braquage qui vient d'être commis à la banque locale. Le magot disparu, c'est la panique chez ces étranges personnes dont M. Hivers, soupçonne les enfants. Des menaces pèsent sur les deux enfants, c'est la fuite, une fugue aventureuse qui va les entraîner dans de périlleuses aventures..."
50156,/leZEH63gceyvju0iLUnaADJMODV.jpg,"Pour harmoniser ses relations devenues quelques peu difficiles avec son épouse, un viticulteur bordelais décide de l'emmener en pèlerinage dans un hotel-club au large des Balkans, qui treize ans plus tôt a abrité leur lune de miel."
15097,/jBzDbxsEiCUCiYcpDLpvbQ6kN2U.jpg,"Lors du festival de Cannes 1993, Odile Deray, petite attachée de presse de cinéma, rencontre bien des difficultés à intéresser les professionnels à son film « Red is Dead », un film d’horreur d'une nullité qui n'a d’égal que les budget ridicule et acteurs improbables. Pourtant un évènement sert les attentes d'Odile : un tueur commet des meurtres identique au modus operandi du film. L'opportunité est à saisir : de vrais meurtres identiques à son film, en plein festival ! Odile met en avant Simon Jeremi, l'acteur principal, un enfant simplet de trente ans. Pour assurer sa protection, elle engage un garde du corps, Serge Karamazov, plus animé par les femmes que par sa mission. Dans la fièvre de Cannes, avec un tueur en liberté, un politicien véreux et un commissaire principal obsédé par son égo médiatique, Odile, Simon et Kara devront jouer des coudes pour traverser le festival vivants. D'ici là, ils ne seront pas au bout de leurs péripéties..."
325334,/Ai1vJjK5Mv8SEJXbV27h5nP3Azl.jpg,"A la mort de son pépé Jean-Louis quitte l’Ardèche pour Paris à la recherche de celle qui l'a initie à l'amour. Le seul souvenir qu'il ait garde d'elle est une boîte d’allumettes sur laquelle est écrit ""Fast Burger""."
10732,/zFfqLlCXyVHghc1dtIBhyRSgP6h.jpg,"Éloïse d'Artagnan, fille de l'illustre mousquetaire, est élevée dans un couvent. Le duc de Crassac, trafiquant d'esclaves et de café, envoie ses sbires, commandés par la « Femme en rouge », sa maîtresse, en expédition punitive dans l'établissement. La mère supérieure y laisse la vie. À la suite d'une confusion, Éloïse prend la route de Paris avec, dans sa poche, une liste de blanchisseries dont elle pense qu'elle dissimule, en langage codé, la clé d'un terrible complot. Chemin faisant, elle gagne l'amour d'un poète crotté, Quentin la Misère, et un poème que les agents de Mazarin saisissent et tentent de déchiffrer. Pendant ce temps, d'Artagnan retrouve sa fille avec des sentiments mitigés…"
64567,/aTe0UsF2dFW1TzpPI2R10ViW8m2.jpg,"L'acteur Michel Blanc n'en croit pas ses oreilles. On lui reproche d'avoir violé Josiane Balasko, après l'avoir attachée au radiateur, de s'être montré pressant auprès de Charlotte Gainsbourg, Mathilda May et Estelle Hallyday, de s'être conduit comme un goujat au Festival de Cannes où il a exigé une suite et obtenu celle de Gérard Depardieu, parti pour quelques jours. Et le voilà maintenant impliqué dans un hold-up rue de la Paix. L'acteur craque. Injurié, harcelé par la police, rejeté par ses amis, il sombre dans un véritable cauchemar éveillé. C'est alors que Carole Bouquet lui propose de se mettre au vert dans sa maison de campagne du Luberon..."
63150,/cjLP3jZUhh54uudi05Km5vgQXXB.jpg,"Samuel, psychiatre, mène une petite vie tranquille avec sa compagne Mathilde. Tout va pour le mieux dans le meilleur des mondes jusqu'au jour où elle lui annonce qu'elle est enceinte. Bien que très perturbé par la nouvelle, Samuel part en week-end avec Mathilde, chez son ami Marc, un coureur de jupons. Ils rencontrent Dominique, Georges et leurs trois filles. Samuel est de plus en plus paniqué à l'idée de devenir père, jusqu'à en rejeter totalement l'idée. Mais Mathilde, qui veut garder l'enfant, lui promet que sa grossesse ne viendra pas perturber leur couple..."
263304,/96wpi7AUu0LgE2Pdu4xwGXI7DOW.jpg,"L'histoire d'un privé dont une des enquêtes dérape vers la grosse affaire, celle qui relève habituellement de la police. La particularité de ce privé est que c'est une femme de quarante ans, libre et moderne."
33095,/encyBuX8ZdO2qijlROGAJPqsT0S.jpg,"Quelques jeunes hommes se retrouvent plusieurs années après avoir quitté le lycée. Ils assistent pendant son accouchement la compagne de leur meilleur ami, mort une semaine auparavant d’une overdose. C’est pour eux l’occasion de confronter leurs souvenirs."
465948,/6PJjhNNAZ6LdGjQ8LXDFZuYnYkP.jpg,"Français expatrié à Sarasota (Floride), Dodo n'a qu'un credo : pour apprécier la vie, mieux vaut être déchargé de tout travail. Un principe qu'il aurait bien du mal à appliquer si quelques femmes, dont il apprécie la compagnie, ne l'aidaient à subsister. L'une d'entre elles, Betty, est aussi la fiancée de Jésus, un violoniste tzigane d'ascendances italiennes qui a quitté New York pour s'installer en Floride à la faveur d'un héritage. Sa brutale disparition va infléchir la destinée de Dodo et Jésus."
109,/8ULEPWAcqljAG7YBwbZqTkGXm8e.jpg,"Karol a tout perdu après son divorce avec Dominique, il ne peut même pas retourner en Pologne et refuse de devenir meurtrier pour de l'argent. Après avoir enfin réussi à retourner dans son pays, il se lance dans diverses entreprises et tombe dans le piège de sa vengeance sur Dominique."
11479,/qysVy8is0no4YFadX0bUB71GpVc.jpg,"Sur le point d'épouser la belle Charlotte, Stéphane Marchado part à la recherche de sa première femme, partie depuis treize ans dans une tribu d'Amazonie pour régulariser son divorce."
51191,/rrOC47OcekS7yJeunU308iY0tdH.jpg,"Carcon, un homme d’affaires ancien truand baroudeur sans scrupule et le père Hervé Tarain, un prêtre dévoué sont aux prises avec les Triades de Hong Kong et surtout avec leurs conscience matérialisées par des anges gardiens qui tentent de les remettre dans le droit chemin..."
62013,/igDEqCYZH5V7jIalA4T6ICRe2XW.jpg,"Antoine est un écrivain raté et dépressif. Fred ne fait pas grand-chose de sa vie et semble s'en contenter. Tous deux partagent un appartement et vivent de petites combines foireuses. Les aventures et surtout mésaventures de ces deux copains un brin losers, leur permettront de s'apercevoir que l'amitié est bien la plus grande des richesses."
43612,/tjHn19RpFMBmzQx58SBO40nLvhu.jpg,"Le jour de ses 65 ans, Francis Bergeade, industriel dans la balayette et siège de toilettes, a bien cru qu'il allait mourir. Et ça serait bien fait pour ses ingrats d'employés et ses emmerdeuses de femme et fille. Mais tout a recommencé comme avant, jusqu'au jour où une coïncidence incroyable qu'il va saisir, avec la complicité de son fidèle ami Gérard. La mort n'avait pas voulu de lui, le bonheur arrivait dans le Gers en prétendant être un homme disparu, dont il est le sosie physique parfait et pour lequel un avis de recherche a été lancé par une émission télévisée."
94771,/kwGJjP3DccwOsypCqs2XrtoZti.jpg,"Monsieur Cinéma est presque centenaire. Ex-acteur, producteur et réalisateur, il croit être le cinéma à lui tout seul et vit dans un château‑musée avec son majordome, Firmin. Il perd la boule et embrouille tout. Il engage alors une jeune cinéphile pour faire faire de l'aérobic à sa mémoire qui flanche. De nombreux visiteurs, des stars et un groupe de jeunes animent sa vieillesse confuse et heureuse. Les jeunes voudraient sa fortune pour « faire du cinéma »."
4482,/lP4BHdzgW2PzdbMYulXIg2o9RqT.jpg,"Laurent et Loli forment un couple heureux qui vit bourgeoisement dans une petite ville du Sud. Mais un jour Marijo tombe en panne avec son camping-car, juste devant leur maison. Laurent et Marijo n'ont qu'un point en commun: ils aiment tous les deux les femmes..."
65040,/ueUyj6AenOT47v9J75JCmzbr8rv.jpg,"L'histoire de trois jeunes femmes à Paris au cours de l'été 1994 : Nina, une jeune voleuse insouciante, Louise, une rescapée après cinq ans de coma et Ida, une femme en quête de ses origines. Chacune à sa façon va décider de changer le cours de sa vie."
77056,/hGhTe2ZILLfOkgtJYR8LDJ1XJp2.jpg,"Dans différents quartier de Paris, 3 histoires de séduction amoureuse, 3 variations sur le mensonge des apparences et les paradoxes de la vérité. Des images impressionnistes de Paris et une mise en scène du doute perpétuel… (« Le rendez-vous de 7 heures », « Les bancs de Paris », et « Mère et enfant, 1907 »)"
37653,/nPrUw2hLIt9uWrGwfKjr0AbGWgd.jpg,"Trois frères qui s’ignorent héritent d’une fabuleuse fortune de 3 millions de francs. Cependant, en revenant chez le notaire quelques jours plus tard, tout s’effondre : ils découvrent que le délai pour prétendre à l’héritage a expiré. Huissiers, police aux trousses, cavale, vols, mendicité… et un gamin sur les bras. Les problèmes ne font que commencer."
121493,/9NGLDKgmlXyHDz9WXZ9UZwvFJfU.jpg,"Eté 1966, La Goulette, Tunisie. Youssef le musulman, Jojo la Juif, Giuseppe le catholique sont aussi inséparables que leurs trois filles de seize ans. Jusqu'au jour où, par provocation, les trois adolescentes jurent qu'elles perdront leur virginité en même temps, chacune avec un garçon d'une autre religion que la sienne."
134275,/sCPcgs2QODbgDMKDlYlxpa2ArcY.jpg,"Ils s'aiment tous depuis longtemps. À l'Estaque, coincé entre raffineries et mer, un cabaret leur sert de refuge. Bien que Vénus se drogue et se prostitue; que Farid soit orphelin et à la rue; que José, Patrick et Jaco soient chômeurs de longue durée; que Marie-Sol, malgré toutes ses prières, n'arrive pas à avoir un enfant; que Papa Carlossa soit coincé dans un fauteuil roulant à la suite d'un accident; et que Joséfa se trouve trop vieille...  Ils essaient de continuer à s'aimer, généreux jusqu'au sacrifice."
47793,/waNNAThjjMPwUZ7zShpANtZqQbl.jpg,"La comtesse Charlotte et le baron Edoardo se retrouvent par hasard au bout de vingt ans. Ils s'étaient beaucoup aimés autrefois. Ils décident de se marier et s installent au cœur de la campagne toscane, pour se consacrer à leur amour et au réaménagement de leur domaine, selon les critères scientifiques en vigueur au début du 19eme siècle, ils sont rejoints par l'architecte Otton, ami intime d'Edoardo, et par Ottilie, la filleule de Charlotte."
44617,/vZLuCbrcjh4zoW6J6CfZunuhGPl.jpg,"Arlette est serveuse au Mille-pattes, un restaurant routier. Elle mène une vie sans histoire et rêve de mariage avec Victor, chauffeur de poids lourds qui, lui, prétend avoir épousé la route. Elle est bien loin de se douter qu'à des milliers de kilomètres de là, à Las Vegas, un vieil homme qui se meurt, propriétaire du plus grand casino de la ville, cherche à retrouver l'enfant qu'il a eu dans les années cinquante, alors qu'il était militaire en France."
25518,/vy6J1RJEuQ4W2NZUN8GJKsqKAjW.jpg,"Quelque part dans l'univers existe une planète dont les habitants évolués et heureux vivent en parfaite harmonie. De temps en temps quelques-uns d'entre eux partent en excursion sur d'autres planètes. Curieusement, depuis deux cents ans plus personne ne veut aller sur la planète Terre. Or un jour, pour des raisons personnelles, une jeune femme décide de se porter volontaire. Et c'est ainsi que les terriens la voient atterrir en plein Paris."
19963,/5OUzVXBXUH0IWP57bUDiITyHSCC.jpg,"Bernie, un orphelin de 30 ans, décide de quitter son orphelinat et de retrouver ses parents. Après une enquête, il rencontre Marion, une jeune héroïnomane et tombe amoureux d’elle. Il croit que sa famille a été victime d’un complot et c’est pourquoi ils l’abandonnèrent."
48012,/4gtJZAFWKyI5FQAIugu56nhyegy.jpg,"Quelques portraits de brigands, du Moyen-Âge à aujourd'hui. Bourreaux médiévaux, tortionnaires bolcheviks ou vulgaires mafieux contemporains, ils trahissent et torturent."
11956,/v8Ib2wuFOujeGA3Du2eDJwvivSq.jpg,"A travers une histoire de chats et d'une jeune fille qui a perdu le sien, évocation de la vie d'un quartier parisien où plusieurs mondes cohabitent, se confrontent, se rencontrent, organisés en réseaux de communication complexes."
83994,/yiMe1rp1OG44dXFolORcYONQkGB.jpg,"Les histoires d'amour et les histoires tout court de Paul, maître-assistant dans une faculté de la périphérie parisienne où il ne compte pas faire de vieux os."
37563,/yqffliGk5SVOlGzqLF2TniEkq5n.jpg,"Un jeune homme qui attend son amie pendant des vacances d'été à Dinard fait la connaissance de deux autres jeunes filles. Entre les trois, le cœur de Gaspard balance-t-il vraiment ?"
45221,/ejby4mbGkNQ5mvSlbI5X2KdxrCM.jpg,"C'est une histoire d'amour banale présentée comme un match de foot ordinaire. Ce sont donc Thierry Roland et Jean-Michel Larqué qui commentent, avec leurs mots (d'amour) et leurs noms (d'oiseaux), la première année de vie en couple de Delphine et Yvan, filmés pas à pas, dans leurs ébats et leurs éclats."
78496,/4Z2s0PvkBmRIQET5ZnFZoXzNM98.jpg,"Nord et Evangile vont tenter de trouver la réponse à une question essentielle qu'ils se posent: ""Qu'est-ce qui nous prouve que nous ne sommes pas des personnages de roman, que nous existons vraiment?"" Il faut dire que Nord et Evangile n'aiment pas beaucoup leur histoire et décident de rencontrer l'écrivain tout-puissant pour lui en toucher deux mots."
83668,/4bbVsJ2r5emYEFQILFEzmeAtSJD.jpg,"Desiré est un maître d'hôtel stylé et impeccable, doublé d'un séducteur auquel ne savent pas résister ses maîtresses. Cependant l'inconstance de ces dames motive ses changements de places. Le voilà au service du ministre Montignac qui vit avec une bien jolie maîtresse. Cette fois c'est Desiré qui tombe amoureux de la belle demi-mondaine."
40626,/gthv9hfBqbtpdEkQtA9M115RPUC.jpg,"Bernard Leroy revient d'un « stage commando » organisé par son entreprise, et doit rejoindre le manoir de sa future belle-famille, où ses parents, beaux-parents et fiancée l'attendent : son mariage a lieu le lendemain. Cependant, un problème de voiture l'oblige à demander de l'aide dans un chalet, qui se révèle être le repaire d'une secte dont le gourou s'apprête à éliminer les membres, en les empoisonnant avant de faire exploser le chalet. Il parvient à s'enfuir in extremis à l'aide d'un adepte peureux et hésitant à passer dans l'autre monde ; ils sont alors poursuivis par le gourou et son comptable qui veulent les éliminer en tant que témoins gênants."
111367,/dJHjIOZq4n6TpWjwn8Wa9FN3P8c.jpg,"Camille et Jérôme sont cousins. Issus d'un milieu aisé, cultivé et humaniste, ils ressentent le besoin de s'engager aux côtés des Bosniaques soumis aux horreurs de la guerre et partent jouer à Sarajevo « On ne badine pas avec l'amour », de Musset. L'aventure tourne mal. Les deux cousins se perdent. Les soldats qui les retrouvent les tortureront. Pendant ce temps, en Espagne, un vieux cinéaste désabusé tourne, sur ordre de son producteur, « Boléro fatal », avec deux comédiens qu'il s'ingénie à pousser à bout. L'engagement et le cinéma seraient-ils des impasses ? Par bonheur, il reste la musique de Mozart, éternelle leçon de paix et de beauté…"
267285,/1v6VNIzETGrX4X5B4NADaEVRxRy.jpg,"Antoine travaille dans une usine de poupées qui connaît de grandes difficultés financières. Délégué syndical, Antoine est à l'origine d'un conflit rude avec son patron. Sauf qu'entre-temps il gagne au loto, et sans prévenir sa femme il va vouloir sauver l'usine. Il devient donc le nouveau patron et comprend désormais que ce rôle n'est pas si facile…"
47496,/gT3MgXPTeXmhOU3tJTsYuPgGoA7.jpg,"Trois comédiens âgés et expérimentés, sans le sou, minables et au chômage, sont engagés dans une comédie de boulevard médiocre, qui part en tournée. Le spectacle est monté par un producteur escroc, ruiné, qui n'a trouvé d'autre issue que de provoquer un accident afin de recevoir des indemnités financières des assurances. Mais les trois acteurs se prennent au jeu, et s’investissent dans ce qui sera peut-être la dernière chance de leur vie."
76390,/5cbsWJB790lWB99w33MiAGCSMYb.jpg,"Benoît Blanc est un homme d’affaires à qui tout sourit. Fabio Lini est un inspecteur de police qui se rêvait acteur. Le premier a presque tout, et veut tout le reste. Le second a très peu, mais il y tient beaucoup. Ces deux hommes se rencontrent dans la salle d’attente d’un médecin réputé, l’éminent professeur Lerner. Sa consœur, le docteur Nitez, reconnaît en Benoît Blanc un amant qui l’a autrefois bafouée. Par vengeance amoureuse, elle intervertit les résultats de la biopsie, faisant croire à Benoît Blanc qu’il est atteint d’un cancer… et laissant ignorer à Fabio Lini le mal qui le ronge. Une amitié se forge entre les deux hommes, chacun découvrant, à travers l’autre, un mode d’emploi pour sa propre vie."
25355,/lAS2egLUnQnDKZ5fSnE7jr7Jinw.jpg,"La grande star du cinéma asiatique Maggie Cheung débarque à Paris pour reprendre le rôle d'Irma Vep dans un remake des Vampires, la célèbre série réalisée par Louis Feuillade entre 1915 et 1916, rôle qu'avait incarné à l'époque Musidora. En effet, René Vidal, le réalisateur, hanté par le fantôme de Musidora, voit en Maggie la seule actrice digne de reprendre son rôle et de donner vie à une Irma Vep moderne, malgré les problèmes de communications, Maggie Cheung ne parlant pas français et l'équipe baragouinant en anglais..."
54471,/3ETgR1LY4IltfW4ii9aVtrQcZyK.jpg,"Perrin rencontre un jour à Paris un Indien d'Amazonie, Wanu, accompagné de son interprète Campana. Il ignore encore que, pour sauver l'âme du guerrier Wanu, il va entreprendre une folle équipée à travers la forêt amazonienne en compagnie de l'interprète, qui ne lui est vraiment pas sympathique."
48709,/tCeE2sksUOMrKfUnkotvDjsKQwt.jpg,"Une prostituée ""indépendante"" invite, un soir, un sans-logis à dîner, puis à dormir chez elle. Sous son charme viril, elle couche avec et, devenue amoureuse, lui propose de devenir son maquereau."
40089,/wiO6LZ6FyHkqTBklR011vlkEZyK.jpg,"Pour se rapprocher de ses enfants à la suite de son divorce, Laurent Monier, professeur d'histoire-géographie dans un paisible lycée de province, accepte un poste dans un collège sensible de la banlieue parisienne. On lui attribue la classe la plus dure, la quatrième techno, et il trouve un appartement à la cité des Muriers, un quartier particulièrement difficile."
104103,/jJHbhLMXfdJloeqWCdmBPoTqLPD.jpg,"Ada, directrice d'une maison de couture, vient de déménager avec Paul, un scénariste. Lors de leur crémaillère, ils invitent leurs amis: Yves, Alphonse, Nina Lise et Emma. Au fil des mois, ces amis vont se retrouver et évoluer ensemble, en s'aimant et en se déchirant tour à tour. Quelques mois plus tard, ils se retouvent dans une villa, puis lors de la projection du film de Yves et de Paul. Le film raconte l'histoire d'amour de Paul et d'Ada. Lesquels, émus et inspirés par leurs propres souvenirs finissent par se retrouver."
31789,/eTsacNYD4grU2dAnINLUcttxzY2.jpg,"Célibataire, Adrien Aymar est un respectable homme d'affaires… tout du moins durant la journée. Le soir, Adrien troque son costume pour une tenue de drag-queen, et se rend chez son amie Eva, gérante d'une boîte de nuit gay. Lorsque son patron, le macho et hétérosexuel type, Alexandre Agut,  l'invite lui et sa femme à dîner chez lui, Adrien ne trouve d'autre solution que de demander à Eva d'endosser ce rôle. Alexandre est immédiatement subjugué par « Mme Aymar », bien qu'il soit marié avec Marie. En suivant Eva jusqu'à son restaurant, il découvre qu'Adrien et André, un autre de ses collaborateurs, sont homosexuels…"
12709,/hdReIesReikZe5dMLwf8JLBcXAG.jpg,"À travers les aventures de Grégoire Ponceludon de Malavoy, issu d'une famille d'ancienne noblesse tombée dans la précarité, une étude de la cour de Louis XVI et ses antichambres à Versailles en 1780, où déjà la spiritualité avait pour ennemi mortel le ridicule."
55049,/dRYD6rZIQuICh7KtfMXL3Nbz9j8.jpg,"Quatre personnages étonnamment semblables mènent des vies pourtant fort différentes. Mateo Strano, un commis-voyageur, rentre chez lui après une très longue absence et retrouve sa tendre et charmante épouse. Le professeur d'« anthropologie négative » Georges Vickers tombe dans la mendicité et s'éprend d'une promeneuse de petite vertu des rues de Pigalle, qui porte le nom de Tania. Quant à Luc Allamand, un homme d'affaires, il s'invente une famille pour justifier certaines opérations financières, puis s'étonne lorsqu'il apprend que « les siens », qu'il croyait fictifs, s'apprêtent à lui rendre visite. Enfin, un vieux majordome accueille dans une riche et somptueuse demeure le couple d'amants misérables qui vient très curieusement d'en hériter…"
14646,/eKGcispYwnZdC4FPctDAtFXLkyu.jpg,"Toutes les semaines dans la famille Menard, on se réunit au café dont Henri est le patron et on va manger tous ensemble Aux ducs de Bretagne. Ce soir, qui est pourtant un jour de fête, car c’est l’anniversaire de Yolande la belle‐fille, un incident va venir troubler les habitudes. Arlette, la femme d’Henri, est partie une semaine pour réfléchir, ce qui va déstabiliser les autres membres de la famille."
47434,/dSP50lxCwtfoVWsFTLrT84NPw9n.jpg,"Henry est psychanalyste dans les beaux quartiers de New York. Béatrice est danseuse à Paris et entretient un joyeux désordre dans son appartement de Belleville. Henry est maniaque, renfermé et a de plus en plus de mal à supporter ses clients. Béatrice est exubérante et éprouve le besoin de changer. Henry fait paraître une petite annonce dans le Herald Tribune : « Échange appartement new-yorkais, avec plantes à soigner et chien, contre appartement parisien pour 6 semaines. »"
48580,/kq8aRQHSQyyFTEfGNgOjaTuxkQ5.jpg,"Dans l'époque trouble et confuse de l'hiver 1944-1945, à Paris, un homme qui n'a pas participé à la guerre va se faire passer pour un héros en s'inventant une vie admirable. A force de mensonge, il va construire par omissions et allusions un personnage hors du commun."
37652,/bJ6HtIxYPUJh6vo0IbnmmPYLci2.jpg,"Jean-Pierre, un manager d’équipe de foot, est doublement dans la mouise. Côté ballon, ça ne tourne pas rond, et côté salon, Didier, le labrador qu’on vient de lui confier, s’est mystérieusement métamorphosé en homme… Du moins en apparence, car Didier n’a rien perdu de ses réflexes d’animal à quatre pattes. Or, un chien, tout le monde le sait, ça rapporte la baballe. Un talent que Jean-Pierre pourrait bien mettre à profit…"
36690,/joxM6mmFOlH416fYFkLi9HS1ixx.jpg,"Hommage à l'hésitation qui est « un moment de la pensée juste » à travers les pérégrinations d'Albert, éternel indécis, adepte de l'esprit d'escalier, qui réfléchit avant et après, se demande s'il aime vraiment la raclette, s'il doit traverser oui ou non cette rue, ou s'il est capable de se battre pour défendre le système de santé à Cuba? Il rencontre 3 jeunes femmes qui tour à tour vont le provoquer et l'aider à s'approcher un peu plus de lui-même."
40177,/3MgZNv5SHPPa4W7WCSCMBuk3nbh.jpg,"Les aventures de la famille Jacob, quelques mois avant celle de Mai 68, composée d'un père alcoolique, d'une mère au foyer, de deux frères arnaqueurs, d'un autre intello, du dernier qui se demande pourquoi il va a l'école et enfin d'une soeur trop belle pour eux."
9421,/7ukFDHExWul2Zz3L0OH8CaZCp2Z.jpg,"Tous les mercredis, Pierre Brochant et ses amis organisent un dîner où chacun doit amener un con. Celui qui a trouvé le plus spectaculaire est déclaré vainqueur. Ce soir, Brochant exulte, il est sûr d’avoir trouvé la perle rare, un con de classe mondiale: François Pignon, comptable au ministère des Finances et passionné de modèles réduits en allumettes. Ce qu’il ignore c’est que Pignon est passé maître dans l’art de déclencher des catastrophes."
49938,/mmC4TouIBbTsZpuT3UkhusuZw4p.jpg,"Alice sort de prison après avoir purgé une peine de huit mois ferme pour vol de voiture. Sa mère qui vient de mourir lui a laissé une cassette ou elle lui avoue le mystère de sa naissance. Alice n'a jamais connu son père. Il y a vingt ans, sa mère a aimé deux hommes. L'un des deux l'a conçue sans le savoir puisqu'elle ne leur a rien dit. Alice va découvrir deux gros gabarits. Afin de savoir lequel des deux est son papa, elle va les entraîner dans une sacrée aventure."
60750,/nxjiQgHSclJiROI8uNzWLIIgGrz.jpg,"Rosalie Baumann a été élevée à New York dans la tradition hassidique et se garde secrètement pure pour l'homme de sa vie. Elle chante en yiddish avec une magnifique voix de soprano et fait en France la tournée des centres culturels. Simon est clarinettiste. Il n'aime que les garcons et a tourné le dos depuis longtemps à sa famille et à la tradition juive. Quand Rosalie rencontre Simon pour la première fois, elle tombe amoureuse."
64968,/kmklIQ8Hd4GXMt9OSqtxXE0gOv9.jpg,"Les amours de Marius et Jeannette qui vivent dans les quartiers Nord de l'Estaque à Marseille. Marius vit seul dans une cimenterie désaffectée qui domine le quartier, gardien de cette usine en démolition. Jeannette élève seule ses deux enfants avec un maigre salaire de caissière. Leur rencontre ne sera pas simple car, outre les difficultés inhérentes à leur situation sociale, ils sont blessés par la vie."
5144,/4FlAhORNIfOwL5XPEtXUbSAKnTK.jpg,"Évocation de la vie de la marquise du Parc, jeune danseuse remarquée par Molière sur un marché lyonnais. À Paris, elle finira par danser à Versailles au bras de Louis XIV. Elle deviendra la maîtresse de Racine, qui écrira par amour pour elle Andromaque."
352249,/cSSArAVfN0bGa55HmFdZcLXjKEB.jpg,"Dans une maison, deux femmes dissertent sur un dialogue de Socrate et Calliclès extrait du «Gorgias» de Platon où, contre Calliclès qui revendique la loi naturelle du plus fort contre le droit, Socrate maintient qu'il vaut mieux subir l'injustice que la commettre. Une deuxième partie fait intervenir un comédien qui s'interroge sur la philosophie d'après un texte d'Hannah Arendt. Enfin dans une troisième partie un couple dialogue sur la nature de sa vie."
2817,/z6Ut76sb5MWj5I90wEJxnvo5d2T.jpg,"Odile et Claude forment un couple routinier. Claude voit d'un mauvais œil le retour à Paris de Nicolas, un ancien amant d'Odile. Odile projette, quant à elle, d'acheter un grand appartement. Elle s'adresse à Marc, agent immobilier dont Camille, la sœur d'Odile, guide et étudiante en Histoire, s'éprend lors d'une visite des lieux. Mais Camille est sans le savoir convoitée par Simon, employé du tyrannique Marc, et qui partage avec elle la passion de l'Histoire. Simon pratique sans conviction son métier d'agent immobilier, en faisant notamment visiter à Nicolas une trentaine d'appartements."
81045,/wgT5bAUF8VAYi6yeVKHIRJ77VDd.jpg,"Inspiré de la vie de Pierre et Marie Curie, l'histoire raconte leurs travaux à l'École supérieure de physique et de chimie industrielles de la ville de Paris (ESPCI), au cours desquels ils ont découvert le polonium et le radium. Le tout supervisé par le bouillonnant professeur Schutz (Philippe Noiret), directeur de l'école qui rêve d'une grande découverte de ses chercheurs afin d'obtenir enfin les palmes académiques."
44706,/guTwU8fAQVQ2cLUDLeBph5iQGIB.jpg,"Bernard est professeur dans une banlieue et vit avec Victoria. Didier est un riche pharmacien du XIXe arrondissement de Paris, marié à Murielle, la soeur de Victoria. Tout oppose les deux beaux-freres et ils se détestent. Lors d'un repas chez les parents de leurs femmes respectives, ils font le pari d'arrêter de fumer pendant quinze jours, c'est-à-dire jusqu'à la prochaine réunion de famille."
341805,/isZ6cEbtzFAvbSxjPC7lqTzybNl.jpg,"Brillante avocate, Alice est capable de tout, même de tromper Nicolas avec Gaspard. Ce qui paraît impossible au dit Nicolas, jusqu'à ce qu'il apprenne la vérité. Alors, suivant l'exemple de Juliette, qu'il avait trouvée ridicule sur le moment, il organise son suicide devant Gaspard, se laisse sauver par lui, et peut ainsi entrer dans sa vie."
73057,/lv4eso7TJnIz5Oo9TVNwR60xBon.jpg,"Les aventures de quatre copains, étudiants en droit à Aix-en-Provence. Parmi eux, Arnaud, le bon gros, vient d'apprendre qu'il redouble sa première année pour la troisième fois. Devant son désespoir, ses trois amis décident de l'aider. Ils iront cette nuit même changer les résultats des écrits d'Arnaud. Promesse tenue et Arnaud se retrouve le jour même admis à passer l'oral."
64559,/i5WXCF18gdbTFDSAhluD2WLdgpu.jpg,"Victor a soixante ans, Betty, la moitié de son âge. Ils forment un couple disparate et bien malin qui pourrait dire leurs rapports réels, sinon ceux d'une association de malfaiteurs. Ils sillonnent la France et les pays limitrophes a bord d'un camping-car, recherchant particulièrement les congrès professionnels ou Betty se charge de trouver des pigeons. Ils ne se font jamais prendre car ils restent modestes dans leurs exactions. Jusqu'au jour ou une de leurs opérations les entraine sur le terrain inconnu et dangereux du blanchiment de l'argent douteux."
111005,/7CrRCmUAAlUoJMJIJ9OXS8YEqGL.jpg,"Le personnel de l'hôtel Charles-VII est en ébullition. Ce soir à lieu le World Business Forum, rendez-vous annuel du gratin de la planète. D'autant plus qu'il y a un type avec un chien assis depuis le matin dans l'abribus en face de l'hôtel. Or parmi les invités figurent le gouverneur de l'Iowa et sa femme qui a été, il y a longtemps, la femme du type assis sous l'abribus."
64340,/azNil7xE2srTzvKYY6wnAf6o9M6.jpg,"Morgane, fort jolie sorcière facétieuse, s'est prise de passion pour un naïf inventeur américain, Michael. À peine arrivé en France, Michael est envouté par Morgane. Il va être pris en otage dans la lutte sans merci que se mènent les sorciers du Bien et les sorciers du Mal."
39385,/z1JRKYnac2SvvQsCbHaVM2E5x0v.jpg,"Édouard Vuibert est au bout du rouleau. Victor Benzakem, entrepreneur prospère du quartier du Sentier, le prend sous son aile quand une bagarre l'oppose à deux joueurs de bonneteau. Le prenant pour un Juif, il décide de l'embaucher comme manutentionnaire. Eddie laisse le quiproquo s'installer sur ses origines et il va faire son chemin dans une communauté chaleureuse jusqu'à séduire Sandra, la fille de son patron. Mais au cours de la préparation du mariage, Eddie se démasque involontairement. Il n'est pas juif ! Il déchaine alors le scandale et la colère de la belle Sandra."
80131,/x68Opp4iq3tR1ZLQ8IlkNgW63hs.jpg,"Jeanne est mythomane. Elle ment comme elle respire. Elle ne peut pas s'empêcher de raconter des histoires fabuleuses dont elle est la magnifique héroïne. Elle quitte Bordeaux pour Paris, et après quelques jours d'errance, rencontre Madeleine, une vieille dame crédule qui la prend a son service. Mais Madeleine est la proie d'Antoine, un jeune et bel escroc. Lorsque la vieille dame lui raconte que Jeanne est une riche héritière, Antoine décide de la séduire puis de l'enlever…"
10353,/mciTsVi3m39crgQWUkktsu9cmgF.jpg,"Un coup de théâtre interrompt les préparatifs du mariage de Godefroy de Montmirail et de Frénégonde de Pouille. On vient de dérober au duc, le père de Frénégonde, la dentelette de Sainte-Rolande, relique sacrée qui assure fécondité aux femmes de la famille de Pouille ainsi que tous ses bijoux. Ce sont Jacquouille et Ginette qui ont fait ce larcin et sont partis dans le présent. Il ne reste plus qu'une solution à Godefroy s'il veut réaliser son mariage et assurer sa descendance : repartir dans le présent, récupérer les bijoux, la dentelette et Jacquouille la fripouille."
136646,/fyT1BkYdxHsCdnWhVvnTmHq89S9.jpg,"La vie de Toulouse-Lautrec racontée au cinéma : sa peinture, son goût de la fête, des spectacles, des plaisirs, sa tendresse pour les exclus, les prostituées. Le film est ainsi l’évocation du siècle dernier que Lautrec traversa avec désinvolture et panache."
63208,/iJw3mdTPQkkvMw35ipafN4Jj1MS.jpg,Un jeune critique d'art parisien se voit offrir la possibilité d'écrire dans une revue prestigieuse à condition de servir de « nègre » à un autre critique fort célèbre. Christian a pour première tâche de savoir pourquoi le peintre René Dimanche s'est arrêté de peindre pendant huit ans.
134193,/AcyEficVPIAB6InzQsLzAPVA8C4.jpg,"Même s'ils sont jeunes, Clémentine et Bébé ont bien l'intention de se marier. Seulement Bébé est accusé d'avoir violé une jeune femme. Bébé, enfant adopté, noir de peau, a eu le malheur de croiser le regard bleu d'acier d'un policier raciste. C'est sur ses accusations qu'il est jeté en prison. Clémentine, comme tous les jours, lui rend visite en prison. Cette fois-ci, contrairement à son habitude, elle ne l'appelle pas Bébé, mais François. C'est qu'elle a quelque chose de grave à lui annoncer: elle est enceinte..."
9564,/2xFo4wO4zAGb3KcyvBsC2igLLdF.jpg,"La Gaule en l'an 50 avant Jésus-Christ, est occupée par les Romains. Un seul village résiste, grâce à la potion magique, préparée par le druide Panoramix, qui rend ses habitants invincibles pendant plusieurs minutes. Parmi eux, nos héros Astérix et Obélix, ridiculisent n'importe quel assaillant. Au moment où César se prépare à envahir l'Angleterre, il apprend que ce village tient en échec ses troupes et refuse de payer l'impôt."
237799,/h5IrzgOMVDzEnvY4FbgnrVl1nFm.jpg,"Avant de divorcer Hugo et Gigi formaient un couple d'artistes épatants. Depuis leur séparation, Gigi a sombré dans la dépression tandis que son ex-mari tente de relancer sa carrière d'acteur de théâtre. La première représentation va bientôt avoir lieu, mais sa partenaire lui fausse compagnie... Gigi est choisie pour la remplacer, l'occasion pour elle de revenir sous le feu des projecteurs. Encore faut-il que les ex-amants acceptent cette idée !"
67653,/bxlUU6JDHOMyj9twdpvi0RnCPPk.jpg,"A la mort de sa mère, Sauveur apprend enfin l'identité de son père. Mais le premier contact téléphonique avec son geniteur est difficile: il se fait rabrouer par un Bertrand goguenard qui nie sa paternité. Sauveur décide alors de l'approcher incognito et se glisse auprès de lui dans un rôle de comparse pour une escroquerie sans envergure. Il decouvre ainsi l'homme qui se cache derrière. Commence alors l'apprentissage de la desillusion."
10401,/zr5lTOvfJwix4UAtNy4pRyCuR6M.jpg,"""Vous avez l'air d'une fille qui va faire une connerie"", déclare l'homme qui s'approche d'Adèle, penchée sur le parapet d'un pont avec une grosse envie de noyer ses malheurs dans la Seine. Il s'appelle Gabor, il est lanceur de couteaux et il a besoin d'une cible. Adèle n'a jamais eu de chance mais, quitte à mourir, autant se rendre utile. Ces deux destins félés qui se rencontrent vont devenir les deux morceaux d'un numéro gagnant. Mais la chance c'est fragile, il suffit qu'Adèle et Babor se tournent le dos, fassent un pas l'un sans l'autre, et elle s'envole."
114654,/7ZfWHTLeHf92lbjJKZnVxK3Y6UL.jpg,"Vittorio, un comédien cantonné à des rôles de figuration, rêve de devenir une vedette de cinéma. Après avoir remporté un concours télévisé, « Le roi du cinéma », il est remarqué par des producteurs japonais et engagé pour interpréter la doublure d'un acteur dans un film tourné à Tahiti."
81119,/8GCaRNyNu3ubGL2swxPyeS1NMdA.jpg,"Mathias (Samuel Le Bihan) accompagne un groupe de touristes français dans l'ouest américain. Un voyage de rêve de la Californie à Las Vegas. Mais son tour-opérateur fait faillite et abandonne le groupe sans le sou...  Un groupe de touristes français part en voyage organisé pour visiter ""l'Ouest américain en Cinemascope"", comme dit le catalogue de l'agence Dream Tour. Un voyage de rêve de la Californie à Las Vegas en passant par les parcs nationaux et les sites grandioses immortalisés par le western. Mais voila que le tour-opérateur fait faillite et abandonne ses touristes au pays de l'oncle Sam avec pour guide un jeune garçon, certes débrouillard, mais pas vraiment préparé à affronter ce genre de catastrophe."
86098,/8uAdtN6YYxCFScoQv1AtPvmkZDF.jpg,"Marc, photographe baroudeur et ado attardé, se débat dans des problèmes financiers et professionnels. Lisa, conseillère bancaire auprès de gros investisseurs financiers, ne veut plus entendre parler des hommes depuis son divorce. Marc et Lisa ont comme amis communs, un couple d'homosexuels qui dépannent Marc en l'hébergeant. Mais celui-ci est vraiment trop encombrant. Ils décident alors de le transformer en homosexuel et demandent à Lisa de le recevoir chez elle."
4282,/xUkaotxtg3xRt3JoS0O49qepXPd.jpg,"Claire, la directrice des Éditions Dangereuses, s'apprête à célébrer ses trente-cinq ans. Tout va bien pour elle hormis qu'elle est amoureuse de trois hommes aussi brillants, intelligents et généreux les uns autant que les autres et qu'elle aimerait vivre un unique grand amour. Pour les départager, elle organise un bon dîner. Serial lover est l'histoire de ce dîner hors du commun au cours duquel Claire va découvrir qu'avant de pouvoir prétendre aimer quelqu'un, il faut d'abord s'aimer soi-même."
91598,/3xUBmPGoYzEFDX3nrNTpvZt6uva.jpg,"Lucien L'Hotte, un homme de petite taille, est l'employé consciencieux d'un important cabinet d'avocats. Cet homme qui souffre de sa taille est chargé de rédiger les lettres d'insultes dans les affaires de divorce. Ne pouvant songer lui-même au mariage, il met une ardeur vengeresse à rompre celui des autres. Pourtant, un jour de canicule, encouragé par une cliente richissime, il va oser les gestes de l'amour que la conscience de son infirmité a étouffés depuis longtemps."
46761,/hwXSsTIhutvY15cwI11y5uaCGVI.jpg,"Dans une maison d'un quartier chic, une famille bourgeoise mène une vie sans histoires : le père ingénieur, la mère adepte des cours de gym et des séances de psychothérapie, la fille artiste et le fils studieux, étudiant en droit. Cette existence paisible et bien rangée est troublée par l'arrivée d'un rat blanc dont le père de famille fait un jour cadeau aux siens. Au contact de l'animal, les penchants les plus inattendus de chacun des membres de la famille se révèlent, à commencer par le fils qui annonce son homosexualité au cours d'un dîner familial..."
37855,/aYIDdiwN93vS7cDxOQjk8TpXb7V.jpg,"Le cinéaste mauritanien, qui vit en France, retourne a Sokolo, un petit village du Mali, retrouver son pere. Ses errances dans les ruelles sont le début d'une réflexion sur la relation jamais apaisée entre l'Afrique et l'Europe. Parallèlement, il rencontre Nana et nouera avec elle une relation singulière."
62012,/Adlv1HqJ7dQ72FwQjar8yc62NtS.jpg,"Gabriel Letourneur, alias le Poulpe, accompagne son amie Cheryl à Morsang, petite ville balnéaire de l'ouest de la France ou ses grands-parents reposent, plus exactement reposaient, car leur tombe vient d'être profanée. La police n'a pas l'ombre d'une piste sur les pilleurs du cimetière mais le Poulpe se rend compte très vite que deux des profanateurs ont déjà été assassinés. Pourquoi ces adolescents sans ambition sont-ils devenus des témoins gênants ?"
61663,/gFnhRI9RWcyEG2yXwt2SbAoyGJf.jpg,"Camille, fanatique de ""la Guerre des étoiles"", aime et vit avec Ariane qui, elle, préfère Kierkergaard. Les parents d'Ariane ne sont pas au courant de leur relation amoureuse. Eva et Nico, amateurs d'""Alien"", forment un couple hétérosexuel parfait aux yeux de leurs parents mais Eva aime les filles et Nico les garçons. Enfin Lili, la secrétaire des éditions de science-fiction où ils travaillent tous ensemble aime les garçons mais collectionne les chagrins d'amour. Josepha, la mère de Camille, décide de réunir tout ce petit monde dans son château le temps d'un week-end."
70990,/qTA0Aq4V1j4XvMNrhHiHGYTHm2h.jpg,"En 1969, sur la Côte d'Azur, Paul et Vincent font la connaissance d'Alice et d'Ève. Le premier tombe amoureux de la seconde et finit par l'épouser. Alice, happée par le militantisme féministe, échappe à Vincent, qui rencontre Marie. Au cours de la décennie qui a vu les femmes s'émanciper et obtenir la légalisation de l'avortement, les uns et les autres vont se croiser, s'aimer ou se quitter. Entre l'arrivée de la pilule et celle du sida, ils vivront une parenthèse enchantée."
64336,/8gg6eOMoxWZ4uueJmRoUo9YEShb.jpg,"Un ancien ministre, chef de parti politique, tombe amoureux d'une jeune fille. La situation tourne au drame, défigurant cette dernière et provoquant la chute de la carrière du politicien."
172971,/zdgA7TpuMQSfWQnvRnEyRmN9x53.jpg,"Ange est comédien. Pour survivre il fait des chantiers avec Mousse et Kiki, ses amis du bar Chez Papi. Tous aiment bien Ange mais ne croient plus guère à ses dons de comédien. Un jour il rencontre Concepcion au cours d'un casting de pub. C'est l'amour et la chance car Ange est retenu pour le premier rôle d'un film. Mais il rate les essais. Tous l'attendent chez Papi pour fêter l'évenement. Il n'ose pas dire la vérité. Il décide alors de rejoindre Concepcion pour tout lui avouer. Une immense surprise l'attend, qui va conduire le couple dans la prise d'otages de cinq vedettes."
95661,/nl3PFr9YGOcWV6ZXY6GWqQxvKEF.jpg,"Pendant la Coupe du monde de Football, un petit club de Marseille, menace de disparition, organise un tournoi amateur, baptise la Mondialette. A travers l'aventure d'une equipe composee de ""branquignols"" caracteriels qui devront eviter les coups fourres en tout genre, hommage aux petits clubs qui, souvent talentueux, ne percent pas, faute de subventions."
36719,/9tEvO0H3Eg43MJQm4t1ChukCu8d.jpg,"« On est des gagne-misère, mais on n'est pas des peigne-culs », telle est la philosophie de Garris, homme simple, ancien de la « der des der », généreux et quelque peu poète qui vit au bord d'un étang, dans le marais, avec son ami Henri dit Riton, qui élève trois enfants issus de son second mariage. Riton, souvent mélancolique, noie son chagrin dans le vin rouge en pensant et radotant sur son ex-femme, Barbara, partie sans crier garde. Autour d'eux il y a également Amédée, un rentier, rêveur passionné de lecture et de musique, Hyacinthe dit Pépé, un ancien du marais devenu riche et Tane, le conducteur du petit train local. Un jour, Garris rencontre une jeune femme, Marie et Riton s'en prend au champion de boxe Joseph « Jo » Sardi qui ne cultive pas le pardon..."
321219,/s7HqkMRjR3xXGK17RJhqBXZJM0a.jpg,"Arthur, professeur angoissé, se décide à faire le voyage jusqu'au Portugal pour rencontrer l'éminent historien à l'origine de sa thèse. Claire, son ex-compagne, qu'il vient de revoir, l'accompagne."
8056,/3KtZfqNpUXPJkF4OYqNhELbH6ep.jpg,"1941, Europe de l'Est, une communauté juive vit dans un village. Schlomo, le « fou » du village, arrive essoufflé devant le conseil des sages pour leur annoncer une terrible nouvelle : les Allemands tuent et déportent vers des destinations inconnues tous les habitants juifs des shtetls voisins. Le conseil se réunit et après maintes querelles, une idée jaillit de la bouche même du fou : pour échapper aux assassins, ils organiseront un faux train de déportation !"
33491,/z0WjrIlZYAd5xXxpPel5bwLFjXa.jpg,"Vénus Beauté est un institut de beauté de quartier. On y prodigue des soins, des conseils, on y écoute les douleurs passagères ou profondes des clientes, on y accueille aussi quelques clients. On y vend des crèmes, des élixirs, de la relaxation, du faux soleil, des maquillages et, quelle que soit la raison pour laquelle on vient, on y trouve un peu d’espoir et de croyance en la beauté éternelle.Nadine, la patronne, dirige son commerce et emploie trois filles, trois esthéticiennes: Samantha, Marie et Angèle.Angèle est là depuis longtemps. Elle s’est fondue dans l’univers rose, attentif et calme, hors du temps, hors du bruit. Quand elle a fini, Angèle sort. Elle drague des hommes avec lesquels elle tente d’établir un rapport minimal fait de sexe et de camaraderie. Elle échoue la plupart du temps. Angèle ne croit pas à l’amour et elle a ses raisons…"
534349,/agaeQCi2VlqEYX4UnUhyXm8lz9A.jpg,"En decembre 1816, un certain Henri Beyle, qui n'avait pas encore adopte le pseudonyme de Sthendhal, parcours l'Italie a la recherche du bonheur. Il va croiser un aristocrate en exil, le comte Nencini, sa frivole epouse, et sa cousine melancolique. Surtout, il va renconter celui pour lequel il n'hesitera pas plus tard a ""se crotter"" pour aller entendre sa musique, le jeune Rossini, maestro le plus aime d'Italie. Si l'epopee napoleonienne est bien terminee, les coeurs des heros de cette histoire vibrent de leurs illusions amoureuses comme de leurs deceptions politiques."
60219,/kakIUI140UwDwH2mDAnOHPDh7g9.jpg,"À la fin d’Elvis Gratton, l’un des premiers films-cultes du cinéma québécois, Elvis mourait d’une crise cardiaque et ressuscitait en route vers le cimetière. Elvis Gratton : Miracle à Memphis raconte de quels miracles le “King des Kings” est désormais capable… Elvis, qui parvient à redonner vie à un mourant à l’hôpital où il séjourne, devient la vedette de l’heure. Aussitôt, un impresario américain propose de le prendre en charge et d’en faire une superstar mondiale, ce qui n’est pas pour déplaire au garagiste imitateur du King. Elvis Gratton se met à chanter ses propres succès, part en tournée internationale, brille de mille feux dans tous les domaines possibles et se retrouve à la tête d’un empire."
55705,/p0z0DxMW2OgGGfrItzTKAEuBVsx.jpg,"Le jour de son mariage avec Séverine, lorsqu'Antoine s'entend répondre ""Oui"" au curé, il sait déjà qu'il aurait dû dire ""Non"". Il vient en effet de tomber amoureux de sa belle-mère, Léa. Les ennuis ne font que commencer : entre sa mère alcoolique, son meilleur ami qui lui annonce son homosexualité, sa femme qui se doute de quelque chose, et la grand-mère de sa femme qui a des problèmes avec sa petite amie, Antoine ne saura plus où donner de la tête…"
457070,/aFA839CAuOXOcz70bAjs7iS4kz1.jpg,"Les frères Sœur n'ont pas inventé le cinéma mais cela ne les empêche pas d'en faire. Ils ont pondu un scénario dont personne ne veut. Il est plus épais que ""Guerre et paix"", plus alambiqué que ""À la recherche du temps perdu"" et moins cohérent qu'un manifeste dadaïste. Ils s'incrustent dans une soirée où personne ne les a invités. Ils font chanter un producteur que personne ne connait. Ils kidnappent un scénariste qui ne reconnait plus personne. Les frères Sœur sont des génies méconnus. Si ça continue, ils risquent de le rester..."
60863,/avNQsXeDq7VsrROxuju9c8qscLS.jpg,"Au Mexique, Frère Benoît recueille une jeune chimpanzé, Mookie. Un an plus tard, stupeur : Mookie parle. Poursuivi par des scientifiques qu'intéresse beaucoup l'animal, Frère Benoît rencontre Antoine Capella, un boxeur français en fuite après avoir refusé un combat truqué. L'aventure commence pour ce trio hors du commun."
35818,/7MyDVywaF6OcBSmPOUuhjbxI44i.jpg,"C'est décidé. Le soir du réveillon organisé par Brigitte, Oulage la séduira et l'embrassera enfin. Il a tout prévu. C'est le moment ou jamais, car Brigitte a organisé une soirée costumée dans la maison de ses parents. Il a tout prévu... sauf la présence a la fête d'une bande de parasites particulièrement tenaces: une ex-petite amie alsacienne qui s'accroche, un brigadier de police maniaco-depressif, un drogué en manque, une ravissante Cubaine en quête de papiers et bien d'autres encore qui vont tout faire pour empêcher son entreprise de séduction."
2332,/ykpuFTUtnpqJqIvmEOMCZtTwaeg.jpg,"Daniel, le chauffeur de taxi dingue de vitesse, et Emilien, l'inspecteur de police inexpérimenté, se retrouvent à Paris. Le ministre de la défense japonais vient tester le savoir-faire hexagonal en matière de lutte antiterroriste et signer le contrat du siècle avec l'Etat français. Mais il est enlevé par des yakusas..."
18460,/zeveJbgNPLqbFipW1aAjSpnirQD.jpg,"Camille, la trentaine passée, est une célibataire endurcie. Elle préfère sa vie pétillante au bonheur tranquille que vit son frère avec sa jeune femme, ou celui de son couple d'amies, Louise et Solveig. Mais un jour, Camille croise Alexis, elle tombe sous le charme. Camille n'a plus qu'une idée en tête, revoir cet homme marié et père de famille dont elle est amoureuse. Pour conquérir Alexis, Camille la romantique est prête à user de tous les stratagèmes, prête à aller jusqu'au bout pour obtenir l'homme qu'elle aime."
78460,/dI2km95dipJQNTHL8YofNY2BAWJ.jpg,"Gérard Louvier incarcéré est déféré au Palais de Justice, dans le bureau du juge d'instruction Bricard. Il parvient à le neutraliser et lui dérobe ses vêtements. Pour sortir du bâtiment judiciaire, il utilise Julie Boucher, une journaliste de « Nice-Matin » venue à Paris dans l'espoir d'y rencontrer le juge Simon, un magistrat investi contre une branche de la pègre niçoise. Elle croit Louvier être Simon. Louvier comprend qu'il lui faut quitter la capitale, Nice sera assez loin. Il joue le jeu de Julie, se fait passer pour le juge Simon et lui propose de l'accompagner à Nice pour enquêter sur le milieu. D'autant qu'il ne reste pas longtemps insensible à la personnalité de Julie... qui n'est pas célibataire…"
59955,/4QOPwu5CvSf8PGGFlLbn9CZedkl.jpg,"À travers la vie des habitants du petit village d'Espigoule (nom imaginaire), perché sur les collines du Haut-Var, hommage à la Provence, à ses traditions et surtout au parler provencal."
69728,/o2ylXCSZTRhYtZsavWp9z8oc9hV.jpg,"Quand une jeune femme de la campagne découvre que son père est un homosexuel de gauche, très esthète et très parisien, elle veut à tout prix comprendre l'univers de son géniteur. Frédérique revêt alors les atours traditionnels d'un gay et se fait passer pour son fils. Elle ignore que son père fait partie de ces gens pour qui le bon goût n'a pas de limites et prime même les liens du sang."
178646,/rwlTgtgwWuyv91wb0RZbsrKePaV.jpg,
77284,/uY9uMAu9As5gnzndiI5glST1rsw.jpg,"Abel croule sous les numéros de téléphone de ses conquêtes, Rémi se pose des questions métaphysiques sur son look, Lucie est fan de cinéma d'auteurs obscurs tandis que son Fab, lui, c'est la boxe qu'il aime. Entre fête, lavomatique, et petit café au soleil la chronique de leur amitié et de leur complicité."
93138,/iZLVs0kkTrA9RMfJUp0lWk3hYzD.jpg,"Martin est un jeune garcon de onze ans qui provoque invariablement des catastrophes malgré son désir de bien faire. Cette année, son copain Vincent l'invite a passer ses vacances avec ses parents a l'hôtel Nautilus. Le séjour promet d'être fantastique, car chaque année Vincent et sa bande jouent dans la cabane qu'ils ont construite dans l'arbre de la maison du Pendu: le baobab. Cette fois-ci, une mauvaise surprise les attend: une bande d'enfants issue d'une colonie proche a déjà investi les lieux."
31336,/1IjpBJXORA8ekNudBjs5j4qpgyp.jpg,"Roger Closset habite un petit pavillon de la banlieue de Charleroi. Il vit en famille avec sa femme et ses deux enfants. Il a aussi un voisin colombophile qui ne jure que par Napoleon, son pigeon voyageur champion. Il y a le village et ses usines qui tournent au ralenti. Roger gagne modestement sa vie comme photographe pour le journal local. Il pirate les frequences de la police, guette les faits divers. Roger veut s'en sortir et reve de rentrer dans le livre des records pour gagner ainsi la voiture promise par l'Association des commerçants."
67769,/8vAW72fQ5vzAHf0mj3jaoBNzQgY.jpg,"S'il achète un revolver, rend visite à l'amant de sa femme, et finit par mordre sauvagement son dentiste, c'est que Samuel Polaris va mal. Très mal. À moins que les autres, les gens ""normaux"" - avec leurs plans de carrière, leurs adultères, leur incompétence arrogante - n'aient basculé dans une sorte de folie collective. Allez savoir. Parce qu'il n'a pas le choix, parce qu'il est amoureux de sa femme et qu'il refuse de se résigner au pire, Samuel Polaris décide de reconquérir sa dignité. Même s'il doit, pour cela, voler à son psychiatre la montre que portait Kennedy le jour où il a été assassiné."
52612,/tzeJIUWpxz4iwoDbXdDYxxTxUs3.jpg,"L'histoire délirante et sanglante de Darius, auteur à succès qui découvre avec horreur qu'il a oublié d'écrire sa toute nouvelle pièce. Commence alors pour lui, et surtout pour les autres, le pire des cauchemars..."
44017,/oA6HPMo8PeVRlm7zp7ngQ44Mvlp.jpg,"Créée au Théâtre Grevin et mise en scène par Jacques Descombes, la pièce ""Tout baigne"", écrite par une bande de comédiens qui se sont rencontres dans un cours de théâtre, a connu un succès foudroyant et s'est jouée pendant trois ans. Il ne restait plus qu'à faire un film qui raconte les aventures tragi-comiques de quelques individus ou comment réagir quand votre maison se retrouve ensevelie sous les eaux, envahie par de drôles de personnages et qu'on va accoucher dans les heures qui viennent ?"
77776,/NdRFpFmHFDPZHDFJOSRqAENJbJ.jpg,"Pierrette Dumortier, femme de caractère mais velléitaire et sans défense contre l'ennui, décide un beau jour de tout quitter, amant, relations, fortune et Neuchâtel pour retourner à Paris. Elle s'installe dans le studio de son fils, plus surpris que ravi, quelque part en banlieue. Comment cette femme indépendante va-t-elle s'y prendre pour trouver une nouvelle vie, entre une passion subite pour un prêtre médiatique et une liaison avec un antiquaire qui la mènera en prison?"
4962,/6aeY214LrekH4lCY9jVvLCyocBF.jpg,"Nicolas vit dans un château régi par sa mère, une femme d'affaires autoritaire. Son père boit et joue au train électrique. Nicolas fuit chaque jour le domaine familial pour rejoindre à Paris ses amis, clochards ou voyous."
134222,/mr1J40m0PimABNyYxEc7gvszGAm.jpg,"Anne, jeune femme épanouie, est mère de trois enfants qu'elle a eus avec trois hommes différents. Les enfants ne connaissent pas leur père et les pères ignorent qu'ils ont eu un enfant avec Anne. Or un jour, Victor, onze ans, décide qu'il est temps pour lui de rencontrer son père. C'est alors que la grand-mère entre en jeu et organise un séjour surprise de quinze jours au Mexique avec Anne, ses enfants, les pères et leurs familles..."
64919,/tKzm2brQ1mO7gkRtIbQodBSAljh.jpg,"C'est décidé, Augustin sera le prochain roi du kung-fu. Certes ses chances de succès paraissent minces, quand on le regarde, raide et maladroit. Mais si le kung-fu ne vient pas à Augustin, c'est Augustin qui ira au kung-fu. C'est ainsi qu'Augustin se met à fréquenter le Chinatown de l'est parisien. Il mange chinois, parle chinois, pense chinois. C'est là qu'il decouvrira des amitiés inattendues et des émotions inédites, éveillées par les aiguilles d'une jeune acupunctrice, exilée elle aussi. C'est là qu'il va vivre sa vie sans renoncer à ses rêves."
65081,/eEAfwmf0MqzQCMBe42PJZBnBn1C.jpg,"Il se démène comme un beau diable, Ivan, pour faire tourner sa petite entreprise de menuiserie. Mais un jour, l'atelier d'Ivan est ravagé par un incendie. Machines, réserve de bois, contrats urgents, tout part en fumée... Les assurances sont là pour ça ? C'est ce que pense Ivan sauf qu'il va découvrir que le courtier qui assure tout le quartier est un magouilleur de première. Ivan n'a pas le choix. Pour retrouver ses billes, éviter la faillite, empêcher que ses ouvriers se retrouvent au chômage, il doit se résoudre à enfreindre la loi :  visiter l'ordinateur central de la compagnie d'assurances."
48216,/mZvisHzYA1rFCQw4BSFCAAGhzRp.jpg,"Suite au décès récent de son deuxième mari, Yvette tente de réunir de nouveau pour Noël les trois filles de son premier mariage avec Stanislas, violoniste tzigane à la retraite. Autour des préparatifs, les remises en question et les révélations vont bon train pour Louba, l'artiste, Sonia, la bourgeoise et Milla, la rebelle."
12480,/nRGwbhnqB8r1glraUADgpGuMIDI.jpg,"En Allemagne, dans les années soixante-dix, Léopold séduit Franz, un jeune homme de trente ans son cadet. Il l'installe chez lui. Tout se passe bien jusqu'au jour où un petit rien provoque une divergence entre eux deux..."
31670,/sfx4c7i1o3qfm0R5wGPu9WULBc5.jpg,"Chaque matin Otto et Louna se croisent dans le RER. Otto vit dans une HLM avec sa mère. Il est chômeur et vend un journal pour SDF. Louna est coiffeuse et vit chez une vieille dame harcelée par les huissiers. Un jour ils décident de tout plaquer. Accompagnés d'Ali, un jeune immigré fugueur et spirituel, ils volent une voiture et partent au hasard des routes. Une cigogne blessée trouvée au bord du chemin va donner un sens à leur cavale. Ils l'adoptent, la baptisent Mohamed, décident de lui faire passer la frontière allemande pour retrouver ses parents."
45134,/wPFCO9KEj1JQ11ibdpqPkPWtKeZ.jpg,"Aldo provoque l'exaspération du directeur de la prison qui le jette dehors. Il tente de trouver refuge afin de se réinsérer mais accusé à tort d'un hold-up qu'il n'a pas commis, il se voit obligé de s'enfuir vers l'Afrique du Nord pour y rejoindre son ami Prosper"
48328,/faSoQARDo0MOrDpiBOYzXbZGNjg.jpg,Quelques portraits de comédiens (rien que des hommes en dehors de Josiane Balasko) qui se rencontrent et se racontent de facon organisée ou fortuite. Ils s'interrogent avec une certaine distance et ironie sur leur métier.
194,/7dkCfOJ4rjEZNrNJQReht5od7aW.jpg,"Amélie, une jeune serveuse dans un bar de Montmartre, passe son temps à observer les gens et à laisser son imagination divaguer. Elle s'est fixée un but : faire le bien de ceux qui l'entourent. Elle invente alors des stratagèmes pour intervenir incognito dans leur existence. Le chemin d'Amélie est jalonné de rencontres: Georgette, la buraliste hypocondriaque, Lucien, le commis d'épicerie, Madeleine Wallace, la concierge portée sur le porto et les chiens empaillés, ou encore Raymond Dufayel alias « l'homme de verre », son voisin qui ne vit qu'à travers une reproduction d'un tableau de Renoir. Cette quête du bonheur amène Amélie à faire la connaissance de Nino Quincampoix, un étrange « prince charmant ». Celui-ci partage son temps entre un train fantôme et un sex-shop, et cherche à identifier un inconnu dont la photo réapparaît sans cesse dans plusieurs cabines de photomaton."
31359,/oWth1wr5DvErZKh0S5CAFUZDm10.jpg,"Dans le quartier du Sentier, Eddie Vuibert, Dov et Yvan sont confrontés aux procédés pour le moins expéditifs de leur nouveau client, Eurodiscount, une chaîne européenne d'hypermarchés. Karine, lasse des turpitudes de son volage époux, Dov, le chasse du foyer. La bande de copains se disloque. Dov et Patrick partent tenter leur chance sous le soleil de Californie, tandis qu'Eddie et Yvan font les marchés. Entre temps, Serge, devenu livreur, noue une idylle avec Chochana Boutboul, une jeune fille de bonne famille à qui il fait croire qu'il est très fortuné. C'est alors qu'Eddie découvre que sa faillite dépasse le simple échec commercial et qu'il a été victime d'une scandaleuse escroquerie. Dès lors, il décide de se venger et conçoit un plan qui va réunir et mobiliser tous ses amis."
77519,/hcTIlgz03ez04TO7dQnC4ra6aa3.jpg,"Au XVIIIe siècle, alors que l'Église interdit la diffusion de l'Encyclopédie, le philosophe Diderot continue pourtant à l'imprimer clandestinement en cachette dans le château du Baron et de la Baronne d'Holbach. La finition de son travail tarde cependant : quelle définition donner au mot ""morale"" ? De plus, l'arrivée au château du cardinal et de Mme Therbouche une prétendue artiste venue pour faire un portrait de Diderot n'arrange pas les choses. Le cardinal cependant ne sera pas en reste non plus, dans un château où le vice est préféré aux enseignements religieux ..."
72261,/7K1OBtixhPKLN7kiwRE17Q7iYfS.jpg,"Une bande de copains loufoques se retrouve pendant un mois en été, dans une maison en Camargue, pour préparer une émission de télévision qui leur est commandée pour la rentrée. Le chef de groupe hésite entre ses responsabilités et un désir effréné de fuguer. Va-t-il lacher tout le monde ou parviendra-t-il à maintenir la cohésion du groupe? Au programme: effusions, arrachage de cheveux, brouilles d'une violence inouie et réconciliations à pleurer d'émotion."
10697,/wXrYHBuIO9DN1x9hC0HsT6D0jpL.jpg,"Castella est un chef d'entreprise peu porté sur la culture. Pourtant, un soir, en allant par obligation assister à une représentation de ""Bérénice"", il tombe en adoration du texte et de l'actrice principale, Clara. Par une coïncidence, celle-ci va lui donner des cours d'anglais, nécessaires à son travail. Castella tente de s'intégrer à ce milieu artistique mais sans grand succès. On ne bouscule pas ainsi les cadres de références et les barrières culturelles sans faire d'histoires."
47943,/voxd6FBUwZBTfO2jXxLrufQFhsz.jpg,"Les vacances de Claire et Michel s'annoncent plutôt difficiles. Entre leurs trois enfants, énervés par l'infernale canicule qui sévit sur la ville, et cette maison de vacances qui est en chantier depuis cinq ans, le couple est sur les nerfs. C'est alors qu'Harry debarque inopinément dans leurs vies, prêt à tout pour faire le bonheur de son ami Michel, dont il bouleversera l'existence."
64357,/zF7L5n9b9hyajaF4qGdcNy2yH0s.jpg,"Coiffeur par vocation, Yvon Rance, la quarantaine élégante et la prothèse capillaire bien ajustée, règne dans sa Bretagne natale sur une clientèle de vieilles dames. Mais sa raison d'être, son chef-d'œuvre, c'est Laëtitia, sa fille unique qu'il élève seul depuis bientôt dix-huit ans. Pour elle, il imagine un avenir grandiose: elle sera coiffeuse dans un grand salon pour le troisième millénaire, à Laval ou à Quimper. Laëtitia, elle, rêve autrement. En secret, elle a passé des essais pour le cinéma et elle a été choisie pour le premier rôle.  Sa vie va basculer."
457321,/gv3Gjo4BMzj6AKud6ClNDKs0lVj.jpg,"Clément a 24 heures pour se décider à vivre avec sa copine. Constance, sa meilleure amie, entend bien le rester en persuadant Clément que toutes les filles sont pareilles. Afin qu'il s'en rende compte, elle lui propose alors de devenir expérimentalement sa copine pendant une journée..."
160066,/9EtMl1RfdUZQYE679XbhxjRdRbK.jpg,"A la suite d'une dispute avec son mari Hadrien, Oriane consulte un mage qui lui prédit un avenir plutôt sombre. Oriane refuse cette alternative et demande au mage de consulter a nouveau sa boule de cristal. Le mage recommence la même histoire à un détail près. Cette fois, c'est elle qui quitte son mari pour un autre homme. La jeune femme rejette cette nouvelle version et décide de prendre son destin en main."
72373,/n4WQhAo0QOzERzhRGuh5JUeMAVw.jpg,"Les enfants de trois combattants de la Seconde Guerre mondiale écoutent bouche bée le récit des blagues et des aventures vécues par leurs parents, notamment celle d'un trésor caché par la Kommandantur..."
21488,/gilQaxQMYDlPyeIVAq0zreDHJcF.jpg,"Un concours de circonstances permet à Félix, qui vit à Dieppe, de réaliser un vieux projet : aller à Marseille rencontrer son père qu'il ne connaît pas. Cependant Félix est un peu romanesque : aux chemins de fer, il préfère les chemins de traverse et les voitures d'emprunt."
487753,/sykMEfzOtnJZUF8fW3KpSmBnCKB.jpg,"Gabriel Crémieux, directeur d'un garage prospère, mène une vie tranquille de nouveau riche avec son épouse Odette, ménagère modèle, son fils Robert et sa belle-fille Barbara. Mais le fisc décide de contrôler sa comptabilité et lui envoie l'inspecteur Vasselin. Celui-ci ne tarde pas à tomber amoureux d'Odette, au grand dam des autres membres de la famille qui supportent fort mal cette situation. Il faut dire que Vasselin se montre particulièrement suspicieux, tatillon et obstiné. Il découvre bientôt quelques irrégularités dans la comptabilité de Crémieux et propose à Odette de fermer les yeux à condition qu'elle parte avec lui..."
65592,/7VYNvydRgZqkSnTfHsMgZsm39Ic.jpg,"Suite de six contes en théâtre d'ombre. Deux enfants curieux se retrouvent tous les soirs dans un cinéma désaffecté et, avec l'aide d'un vieux technicien, ils inventent et se déguisent puis vivent des histoires dont ils sont les héros: ""la Princesse des diamants""; ""le Garçon des figues""; ""la Sorcière""; ""le Manteau de la vieille dame""; ""la Reine cruelle""; ""Princes et princesses""."
112720,/pG2idDr0clzRLiMQ8M2pzrNZjrQ.jpg,"Soudain, à vingt-quatre ans, Rémi Bonnet, jeune et brillant pianiste classique, abandonne Chopin en plein concours. Une autre musique surgit entre ses doigts, colorée et explosive : la Salsa ! Il accourt à Parise et veut s’intégrer à un orchestre cubain. Hélas, il a la peau blanche et les cheveux clairs. Malgré son talent, rien à faire. Il est "" Vanille "". Ici, on aime le ""Chocolat "" ! Qu’à cela ne tienne, il trouve un abri chez le vieux Baretto, compositeur mythique qui l’accepte comme prof de salsa dans sa fameuse Casa Cubana. Rémi se transforme : couleur de peau, accent et manières. Dans une ville où tant d’étrangers luttent pour devenir français, il est le seul à faire le contraire. Et tout bascule. Le monde n’est plus le même vu sous un angle obscur. Des portes se ferment et des bras s’ouvrent. Surtout ceux de Nathalie, une jolie parisienne. Sa grand-mère va révéler des secrets de famille qui vont faire l'objet d'une bombre..."
78790,/dz1wRm6YmF10By17DNTy1rJL0Nd.jpg,"Juillet 1969. Après deux ans passés au Canada, Sacha est de retour dans sa petite ville de Belgique. Elle a deux nouvelles dérangeantes à apporter à sa famille : - La première est qu’au lieu d’être mariée, ou au moins fiancée, elle a une petite amie canadienne lesbienne. - La seconde n’est pas mieux : au lieu d’étudier la radiologie à Montréal, elle a abandonné les études alors que la famille avait fait d’énormes sacrifices."
68967,/vOHQUDBgyIyP0PA1iuuePeW5jNm.jpg,"Thésarde trentenaire en anthropologie, Claire a des parents médiocres et un amant marié. Elle est sujette à des vertiges et des malaises dont les spécialistes ne trouvent pas l'origine. Ce mal étrange l'incite à consulter un énième médecin, le Docteur Fish, qui lui prescrit un nouveau traitement. Mais l'état de santé de la jeune femme empire, ce qui conduit le praticien à l'hospitaliser."
77939,/i2qLi8p1kIKhzLtYsrdmDMH2y1W.jpg,"Une riche jeune fille décide de se travestir en chevalier afin de lier connaissance avec son prétendant. Trompé par le déguisement, il se confie, et lui avoue avoir renoncé à l'amour d'une comtesse pour la dote d'une riche jeune fille qui n'est autre que le chevalier, son nouveau confident..."
72243,/rinUxJ5spBSgJ9005GCYAFp2S4M.jpg,"Deux restaurateurs, Félix et Geneviève, décident de vendre leur auberge en Seine-et-Marne pour partir dans le sud de la France, lorsqu'un acheteur potentiel se manifeste. Félix décide d'impressionner l'hypothétique acquéreur en engageant un comédien pour vanter les mérites de son établissement. Malheureusement pour Félix, la présence de son ancienne petite amie, les mœurs dissolues de certains de ses clients, les frasques du personnel de maison, ne lui facilitent pas la tâche. Et surtout, l'acheteur n'est pas celui qu'il prétend être."
101227,/zL30jakVOAip51JL5JV03zRmJWX.jpg,"Garagiste dans la banlieue de Saint-Etienne, Fred donne son argent aux plus démunis. Lassée par cette situation, sa femme Elodie le quitte. Fou de tristesse, Fred part à sa recherche avec Sandrine, une amie d'enfance amoureuse de lui. Sur leur chemin, ils rencontrent Maguette, un Africain à la fois magicien et informaticien qui va être leur ange gardien."
134270,/7FWlEyOqBUedtBdexnAsa2MZPAP.jpg,"Deux scénaristes tentent d'écrire ensemble un film politique. Cependant leur vision est différente. Entre les deux amis, les discussions vont bon train sur l'orientation de l'histoire du garage ""Moliterno & Cie"". Gigi et Jean-Do réparent les automobiles, Lola les nettoie et Marthe tient la comptabilité. Le grand-père chante des chansons révolutionnaires à l'enfant de Lola, Vanessa et Mouloud font les marchés. Tout ce beau monde travaille très dur pour s'en sortir. Malgré leurs efforts, l'entreprise familiale est menacée par les factures impayées d'une multinationale."
142408,/2RvJjDJDkD6IUV6bTxH0D4WX0Xx.jpg,"Lucie, une vendeuse de maillots de bain sur les plages de Marseille, aimerait que son petit ami, Lucien, devienne aussi son meilleur ami. Mais pour cela il faut se dire la vérité. Pour Lucien, apprenti agent secret devant se faire passer pour un dilettante aux yeux de tous, c'est impossible. Encore plus impossible lorsqu'une jeune beauté va lui demander de l'initier aux plaisirs sensuels..."
143722,/aeplTh8SSU8rfHMxuIBPrc0DsJo.jpg,"Patrick Morel (Patrick Ligardes ; Le créateur), déguisé en femme, sort d'une fête costumée. Il se retrouve dans les toilettes d'un bar pour passer un coup de fil. Zoubida (Karim Belkhadra ; Les rivières pourpres), un travesti, en profite pour procéder à un échange de sac à main avant de disparaître.  Embarqué par la police malgré ses protestations, Patrick devient aux yeux de tous Ali Berrada, travesti algérien en situation irrégulière. Il partage alors une cellule avec Sonia (Ronit Elkabetz ; Cicatrice), belle Algérienne, et Youssef (Atmen Kelif ; Vive la République !), petit frimeur teigneux.  Tous les trois sont condamnés à l'expulsion. Au cours de leur transfert à l'aéroport, ils parviennent à s'enfuir. C'est au cours de cette cavale, où se mêlent la comédie et l'émotion, que les personnages de ce trio insolite vont apprendre à se connaître puis à s'aimer."
49691,/zxj0SJytgbGsAK3eZEWCBfglI7x.jpg,"Michel Durand, psychanalyste, mène une vie somme toute banale. Ses journées s'écoulent dans la torpeur feutrée de son cabinet entre les petites plaintes d'une professeur de mathématiques chachutée, les fureurs d'un éjaculateur précoce et les récits sadomasochistes d'Olga Kubler, une perverse kleptomane. Mais cette dernière, alors que son médecin est assoupi, se fait étrangler sur le divan.Que s'est-il passé ? Qui a tué l'épouse du promoteur escroc, Max Kubler ? Pourquoi Michel Durand a-t-il si mal aux avant-bras ? Peut-on commettre un assassinat en dormant ? Trêve de questions. Il faut se débarrasser du corps. Et vite. Car le commissaire Chapireau mène l'enquête et Max Kubler recherche sa femme...Cette course délirante, dans laquelle Michel est entraîné malgré lui, le mène dans un monde, où rêve et réalité se confondent et où meurtres et fantasmes le disputent à toutes les perversions."
81852,/y50LVIWmLTvMBAaxSqcKDgRuoKG.jpg,"Dans un foyer pour handicapés près de Toulon, René est unanimement détesté de tous. Myopathe de cinquante ans, il possède un caractère irascible et rebelle. Mais ses provocations ne résistent pas à la candeur et à la droiture de Julie, une éducatrice spécialisée débutante. Il lui avoue qu'il veut faire l'amour avec une femme avant que sa maladie évolutive ne le rattrape définitivement. Julie se met en quête d'une de ces prostituées qui œuvrent en camping-car le long de la nationale 7."
33302,/urzgm6GNQK3a5LeFGHJsdl59QPc.jpg,"Sandrine est formatrice dans le domaine informatique en la région parisienne. Mais elle ne supporte plus sa vie et décide de se consacrer à l'agriculture. Après une formation, elle s'installe dans le massif du Vercors pour s'occuper d'une ferme qu'elle veut acheter au vieux bougon Adrien, tout en lui laissant un bâtiment et des usufree. Leurs caractères ne sont pas très compatibles..."
55372,/cibH23kxwpKeZmUKinPthlbNvsC.jpg,"Camille, une comédienne partie vivre en Italie, revient en France avec son nouveau compagnon, Ugo, et une troupe de théâtre pour donner dix représentations de Comme tu me veux de Luigi Pirandello. C'est la première fois qu'elle retourne à Paris, depuis qu'elle a quitté dramatiquement Pierre, l'homme avec qui elle vivait. Camille redoute de le retrouver. Ugo a également son secret. Il est à la recherche d'un manuscrit inédit du grand Goldoni. Cette quête va l'amener à rencontrer la troublante Dominique, dite Do."
24908,/tRKpY7eui7TErq8rZx6lNkG6o7V.jpg,"À Paris, la vie de gens ordinaires bascule suite à un enchaînement d'événements imprévus qui pourrait avoir pour origine un petit caillou dans un parc ou une chaussure laissée au milieu de la rue. Tous ces événements apparemment anodins (la panne d'une cafetière ou un biscuit jeté par la fenêtre d'une voiture) aboutiront à ce que deux êtres qui ne se connaissaient pas puissent se rencontrer..."
11444,/17SHvTcIm19Wfif9PjuqJOoGYTR.jpg,"François Pignon, un homme au costume sombre et à l'allure discrète, est comptable dans une usine de produits en caoutchouc, dont le produit phare est le préservatif. Il apprend qu'il va être licencié pour raisons économiques et parce qu'il est considéré comme un « con ». Depuis deux ans, sa femme l'a quitté et l'évite, son fils adolescent le fuit, il ne lui reste rien dans la vie, si ce n'est l'idée de se suicider. Et un soir, sur les conseils de Belon, son nouveau voisin de palier, un psychologue en entreprise retraité, il participe à propager la rumeur selon laquelle il est homosexuel. Suite à cette fausse « sortie du placard », les cadres de la direction décident de garder Pignon pour des raisons « politiquement correctes » et ne pas risque de se mettre à dos une partie d'une certaine communauté. Celui-ci passe brusquement pour un marginal, bien qu'il n'ait rien changé à son comportement. Du moins, dans les premiers temps. C'est le regard des autres qui va s'en trouvé modifié."
77280,/lZk9YrVWDjtDnkAqSsNJBHb61FK.jpg,"Le mercredi est le jour où les enfants n'ont pas école et restent à la maison. C'est aussi celui où les parents n'y sont pas. À Nantes, au printemps, une vingtaine de mioches âgés de 3 à 11 ans, insouciants et turbulents, profitent de cette journée pour sévir et faire tourner leurs parents en bourrique. Emma, 9 ans, d'un naturel romanesque, décide que Roland, le petit garçon rencontré dans la rue, est malheureux et persuade ses amies de l'adopter. Victoria passe la journée avec Martin Socoa, un père souvent lointain qu'elle apprend à aimer. Il y a aussi Muriel, Bruno, Colette et Henri qui prennent le large et créent la panique chez leurs parents, tandis que Marylin vit le drame fondateur de son enfance auprès d'une mère d'une douceur irréelle. Au fil de ces petites histoires, on s'aperçoit que le monde des enfants a sa propre logique, totalement différente de celle des adultes."
54544,/umh4zuxGoEWuKwy2Sz7hHxFIzsy.jpg,"Jojo Braconnier ne peut plus supporter sa femme alcoolique, mauvaise et littéralement invivable. Il découvre à la télévision un reportage sur Maître Jacquard, un avocat brillant qui vient d'obtenir son vingt-cinquième acquittement. Jojo le rencontre et lui avoue le meurtre de sa femme, un crime qu'il n'a pas commis. De façon très adroite, il obtient des explications de l'avocat sur la façon dont il aurait dû agir pour obtenir les circonstances atténuantes, voire même l'acquittement. De retour chez lui, Jojo suit à la lettre les « recommandations » de Maître Jacquard et tue son épouse."
64346,/tdCgYqpsAgSMDrjlGPWzkK80P1s.jpg,"Le futur gendre du patron de Pégase, petite société de vente à domicile, est débarqué par son beau-père au sein d'une équipe de vendeurs du nord de la France. Il tente de s'intégrer et devient le témoin, adepte malgré lui, des méthodes peu orthodoxes de ces mercenaires du porte-à-porte. Régis Demanet, chef de secteur, opiniâtre et méritant, voit en la venue de Jérôme une opportunité de réaliser ses ambitions au sein de Pégase. Dans sa quête du pouvoir, il est guidé par son mentor, l'emblématique colonel Nicholson, l'officier entêté du «Pont de la rivière Kwaï»."
64362,/eus96I8YS4BqTqY5tJ4rLkplwPr.jpg,"Eglantine, une adolescente de 17 ans en pleine découverte de la sexualité, est entourée d'une mère étouffante, d'un père absent et d'un petit ami trop entreprenant. Pour se libérer du poids de son enfance et de ses parents, elle décide de suivre une brève thérapie avec un psy hors du commun. Son existence va s'en trouver bouleversée."
69124,/kVfifY3LsNh2rdQkCy6Dy0tvCUH.jpg,"Sur l'île de Marie Galante, en Guadeloupe, la fête bat son plein à l'occasion de l'anniversaire d'Horace Ste Rose, maire de la ville. Sa femme Lucia et ses deux fils Manuel le toubib et Freddy l'artiste ainsi que tous ses amis sont présents. Deux jours plus tard, alors qu'elle est de passage à Paris, Lucia est kidnappée. Horace apprend avec étonnement qu'il ne pourra récupérer sa femme que s'il accepte de céder les terrains valides de sa commune pour la construction d'un immense complexe immobilier. La famille Ste Rose débarque alors à Paris, et Gertrude Boisec, ancien barbouze des Renseignements Généraux, mobilise la communauté antillaise de la capitale et de toutes les corporations (EDF, GDF, PTT, Télécom, hôpitaux, éboueurs, administration, policiers...) afin de retrouver Lucia. Nos héros n'ont que trois jours avant la signature du contrat. De son côté, le Commandant Herman mène l'enquête et découvre un monde souterrain qui déploie un immense élan de solidarité."
375772,/5eI2DcbWiECrG1rNEy5j3In76BR.jpg,"Passionne par le chanteur Elvis Costello, Ulysse travaille chaque samedi dans une station-service, au milieu de nulle part, pour payer ses etudes de meteorologie. Timide et souffrant de begaiement quand il est confronte a une situation conflictuelle, il ne repond pas aux avances insistantes de Marie, qui habite en face. Parallelement, Anton et Mirek, deux gangsters anglais, ratissent toutes les stations-service de la region a la recherce d'un butin cache dans les toilettes."
2899,/2lC9lzozlzVxCsSgPjRz5AWcz00.jpg,"Cléopâtre, la reine d’Égypte, décide, pour défier l’empereur romain Jules César, de construire en trois mois un palais somptueux en plein désert. Si elle y parvient, celui‐ci devra concéder publiquement que le peuple égyptien est le plus grand de tous les peuples. Pour ce faire, Cléopâtre fait appel à Numérobis, un architecte d’avant‐garde plein d’énergie. S’il réussit, elle le couvrira d’or. S’il échoue, elle le jettera aux crocodiles. Celui‐ci, conscient du défi à relever, cherche de l’aide auprès de son vieil ami Panoramix. Le druide fait le voyage en Égypte avec Astérix et Obélix. De son côté, Amonbofis, l’architecte officiel de Cléopâtre, jaloux que la reine ait choisi Numérobis pour construire le palais, va tout mettre en œuvre pour faire échouer son concurrent."
59002,/VBG7FN3qBzv4KZWyBvjxP9YUKx.jpg,"A quatorze ans, l'amour et le sexe intriguent. Entre les phantasmes, les phobies, les incertitudes et les croyances, comment réagir? Roudoudou, qui est très amoureuse, rêve d'avoir une poitrine imposante comme celle de sa mère, mais cela ne marche qu'à moitié. Romain et Francis, quant à eux, sont persuadés que leurs mères sont homosexuelles et qu'il leur faudrait coucher avec elles pour les sauver. Mais comme rien ne marche, Roudoudou et Romain décident d'essayer ensemble!"
40415,/lIYWYhFxWaDK3ECxWRRnUxpRs0B.jpg,"Au milieu des années 70, Ghislain Lambert, né le même jour qu'Eddy Merckx avec huit minutes d'écart, est un coureur cycliste belge dont l'ambition est de devenir un champion. Il parvient à intégrer une grande équipe mais comme porteur d'eau. Déterminé dans son rêve de victoire et de gloire sportive, Ghislain Lambert attend patiemment son tour."
70487,/7CJBN9xykvECkDUcXKg5j6FwKNZ.jpg,"Jacques, 38 ans, part en vacances à l'Ile d'Oléron avec ses quatre enfants. Lassé des jeux de plage, il a cassé sa tirelire pour s'acheter un voilier, version dériveur lesté, baptisé ""Liberté-Oléron"", avec lequel il a décidé de rallier l'île d'Aix, distante de cinq kilomètres. Bien qu'incompétent en voile, Jacques déclare à sa famille qu'il est le seul maître à bord."
125844,/AeEmHN3GWiPRmOatyVezlvWaLL3.jpg,"Dans une usine sur le point de fermer et dans laquelle il ne reste plus qu’une poignée d’ouvriers, un jeune technicien vient démonter une dernière machine. Tandis qu’il travaille, les ouvriers attendent la fin de la semaine en bavardant et en se promenant… Mais attention, ils ne font pas que cela non plus. Parce que dans cette usine, il s’en passe de drôles de choses…"
15449,/heukySMm3v6NCV4lCqbyVK3ArGt.jpg,"Un soir, suspendus au 52ème étage de la Tour Montparnasse, Éric et Ramzy, deux laveurs de carreaux, ont pris du retard dans leur travail. Pendant ce temps, la jolie Stéphanie attend son oncle, le puissant PDG du Groupe Lanceval, et ses fils, les actionnaires principaux, pour un conseil d’administration nocturne qui va se révéler bien mouvementé. En effet, un commando surentraîné investit l’immeuble, contrôle tous les accès et prend la famille Lanceval en otage. Stéphanie est en fait l’organisatrice du coup monté et convoite la fortune de son oncle qui la méprise depuis toujours. Stéphanie et ses hommes n’attendent plus que la main de la chère mère, dont les empreintes vont permettre d’actionner le mécanisme d’ouverture du coffre. Cependant, nos deux compères sont restés au sommet de la Tour et risquent bien de faire capoter le plan machiavélique de la belle."
190386,/aKt2urWc9Fi9snHz2prDmK823og.jpg,"Par une matinée d’été, Nathalie Sanchez arrive sur un grand causse à la recherche de bergers d’ounayes. Elle rencontre l’un d’eux, Djema Gaouda Lon, il a perdu ses ounayes et il les cherche en vain. La jeune fille lui propose de l’aider à les retrouver… Les voilà donc partis à sillonner le grand causse… Et tous deux de bavarder…"
45130,/i1kwyLzJ5ly3SAwo6rfmEusZuMJ.jpg,"Né un vendredi 13 à la clinique Franz Kafka, orphelin quelques heures après sa naissance suite à une regrettable dispute avec ses parents, boxé à l'âge de dix ans par une fillette dont il était éperdument amoureux, élevé par une grand-mère acariâtre et un oncle alcoolique, Grégoire Moulin a pris un mauvais départ. A plus de 35 ans, il mène une sinistre existence en province : il vit toujours chez sa grand-mère, est célibataire de longue date et remplit les modestes fonctions d'employé dans une compagnie d'assurances. Par un dimanche de mai, il décide de monter à Paris. Et le cauchemar commence."
82235,/pSzvVC3V87H44CclvZ7qmr7fAwe.jpg,"Un vieil homme, vêtu d'une robe de chambre et chaussé de pantoufles, est abandonné par sa famille sur une aire d'autoroute, un jour de départ en vacances. Il atterrit dans un hospice où un infirmier, Gégène, le surnomme Mischka.  Le garde-malades lui propose alors de quitter la sinistre maison de retraite. C'est l'occasion pour lui de faire la rencontre de Jane, l'adolescente fugueuse, et de Joli-coeur, la rockeuse, et de redécouvrir la vie au moment où il est en passe de la terminer."
134188,/6cl5sOofX8l4Kd65MrzYxiTcRQo.jpg,"Roland, jeune père de famille, a décidé de faire l'ascension d'une fameuse brèche en montagne dont il porte le nom, en compagnie de sa femme et de ses deux enfants. Au cours de leur marche, les tensions se multiplient. Rapidement, les parents perdent leurs enfants et se perdent à leur tour. La nuit tombe..."
21596,/arGyer9OBtMq5QGBvQEPRquqOIK.jpg,"Thomas, un jeune homme de 32 ans, souffre d'agoraphobie aiguë. Depuis huit ans, il vit reclus chez lui et ne voit les gens que par l'intermédiaire de son ordinateur. Il a confié la gestion de sa vie à la Globale, une société d'assurances qui veille sur son bien-être matériel et mental. C'est le bonheur ou presque. Mais Thomas est seul. Clara, sa partenaire virtuelle, ne lui suffit plus. Son assureur lui apprend qu'il a droit à l'assistance d'un service de prostituées pour handicapés. Au même moment, pour le secouer, son psy l'inscrit de force dans un club de rencontres informatiques."
56625,/AirxwUaEklmhVMnTtId6U0583Am.jpg,"Barnie a une femme qu'il adore, une maîtresse dont il est fou amoureux, et un amant dont il ne peut se passer. Il habite en France avec Lucie et travaille à Londres. C'est là qu'il a rencontré Margot et Mark. Le jour de son anniversaire, Barnie reçoit de sa maîtresse un week-end en amoureux à Venise en Orient Express le 1er mai. De son amant et son épouse, il reçoit le même cadeau. Soucieux de protéger son couple, il renvoie les billets à ses deux amours clandestins avec un gentil petit mot d'excuse. Mais il se trompe dans les enveloppes. Margot reçoit celle destinée à Mark et vice-versa. Les deux amants éconduits se rendent, outrés, au bureau de Barnie et font connaissance. Ils partent alors pour Calais afin de rendre à ce dernier une petite visite de courtoisie. Arrivés à son domicile, ils tombent sur sa femme."
14651,/fDAbJK7FIEYBkMyNvBWPGlmcFKc.jpg,"Yvan est journaliste sportif et sa femme Charlotte comédienne. Quand un ami fait remarquer à Yvan que vivre avec une actrice, c'est partager la vie d'une femme que d'autres hommes embrassent et que les spectateurs déshabillent du regard, il se met à douter. Charlotte succombe au charme de John, son partenaire avec qui elle tourne à Londres tandis que son mari suit des cours de théâtre à Paris où il rencontre une jeune comédienne tout à fait à son goût."
67384,/vSxMPNFc0KtCKSrSzTKPzfNGW7e.jpg,"Il y a des journées comme ça où rien ne va. Quatre individus subissent toute une série de contrariétés d'ampleur diverse. Pour Marie Larue, 24 ans, apprentie photographe travaillant dans un photo-shop, la journée commence par la découverte d'un résultat de test de grossesse positif. Suivent en vrac : un vol de scooter, un accrochage en voiture, un licenciement abusif... Pour Luis Del Sol, la quarantaine, aimable conducteur du bus 67, le fait marquant de la journée est l'arrivée surprise de sa femme Michèle venue lui annoncer qu'elle le quittait. Hortense Lassalle, orthophoniste de 33 ans, mariée depuis dix ans à Antoine et mère de deux enfants, a décidé de passer la nuit avec un homme pendant que son époux est parti en voyage d'affaires. Mais aucun amant ne se présente à elle. Maurice Degombert, la soixantaine, cuisinier acariâtre au chômage, prépare un dîner aux chandelles pour Marlène, son grand amour de jeunesse parti avec un autre depuis 22 ans."
78635,/rK0EGkpQcUDOyeXbYdBDQjdDzmz.jpg,"Étienne est de caractère pointilleux et n'a pas connu beaucoup de femmes, préférant se réserver pour le grand amour. Un jour, il le rencontre en la personne de Laure, une femme très sensuelle, et par chance Laure semble aussi conquise par Étienne. Mais à sa grande surprise, Laure ne lui accorde un rendez-vous que dans cinq mois... Étienne est tellement fou d'amour qu'il accepte d'attendre. Il va alors mettre tout en œuvre pour être au top le jour de la rencontre tant attendue."
2029,/hTSALpAPB5ANmplvBqwChgv1Hun.jpg,"Paul et Edith Guetz, un riche couple de cinquantenaires, ne supportent plus que Tanguy, leur grand fils modèle de 28 ans, vive toujours au domicile familial. Ce dernier a beau être brillant et charmant, ses parents vont faire de son existence un enfer pour le forcer à quitter leur luxueux appartement."
2110,/7TbnpjIKzq5OKUyF72rcwNDyI5f.jpg,"Flic solitaire au grand cœur mais aux méthodes parfois musclées, l'inspecteur Hubert se retrouve en vacances forcées après avoir rossé le fils du préfet. Un jour, il reçoit le coup de fil d'un notaire qui lui annonce que Miko, la femme de sa vie disparue vingt ans auparavant, vient de mourir dans d'étranges circonstances. Seul légataire testamentaire, Hubert débarque au Japon, accueilli par son ancien équipier, pour découvrir ce dont il a hérité."
1958,/Asxm9fqKIHcScU0UhSvsovPzpeF.jpg,"Dans les années cinquante, dans une grande demeure bourgeoise en pleine campagne, les gens sont sur le point de fêter Noël. Mais un drame se produit : le maître de maison est retrouvé assassiné. Le ou plutôt la coupable se cache parmi huit femmes que fréquentait régulièrement la victime. Commence alors une longue journée d'enquête, faite de disputes, de trahisons et de révélations."
1555,/qKq4uLZDAJhBfpRsfPRYouQ5jW5.jpg,"Xavier, un jeune homme de 25 ans, part à Barcelone pour terminer ses études en économie et apprendre l’espagnol. Cette langue est nécessaire pour occuper un poste, que lui promet un ami de son père, au ministère des Finances. Mais pour ce faire, il doit quitter sa petite amie Martine, avec qui il vit depuis quatre ans. En Espagne, Xavier cherche un logement et trouve finalement un appartement dans le centre de Barcelone qu’il compte partager avec 7 autres personnes. Chacun de ses co‐locataires est originaire d’un pays différent."
18457,/f4tiVldzCqWYZwAnvc7zk3jfDys.jpg,"Moltès, un détenu, joue chaque semaine au loto. C’est Reggio, un gardien de prison maladroit, qui valide ses bulletins. Un jour, Moltès apprend qu’il a gagné le jackpot: quinze barres! Mais Reggio croit que Pauline, sa femme infirmière, est partie avec le ticket gagnant en Afrique sur un rallye."
49696,/zVPVRDWsIc2N9s90CWLptvcJHaY.jpg,"Vincent habite dans un petit village où il croise régulièrement les mêmes personnes. Tous les matins, il se rend à l'usine chimique pour travailler, et le soir, il s'occupe de sa famille. Un jour, il n'en peut plus et décide de partir en voyage avec l'argent donné par son père."
74191,/wx49sOAdb0fluHkTy2e81ZAjc1K.jpg,"Le même jour, hériter de son oncle, se bloquer le dos pendant des ébats amoureux un peu mouvementés, et enfin se faire plaquer au petit matin par son compagnon pour une collaboratrice canon, ça bouleverse une vie. Mais Lily, bien épaulée par ses deux copines et sa concierge, encaisse les coups et contre-attaque sur tous les fronts avec un seul objectif : récupérer son ""Toto"". Cette bande de jeunes femmes ne lésineront pas sur les moyens : relookage total, régime diététique d'enfer, idées tordues et guerre des nerfs pour éliminer la rivale. Mais au bout du compte, la vie réserve quelquefois des surprises…"
18298,/hRhDIVeSVYTLCpPProW1WAIm9ZU.jpg,"Balthazar, Melchior et Gaspard se sont égaré dans le temps : atteignant l'étable de Jésus, ils sont projetés en 2001. La poursuite de leur mission les conduit à Paris où ils trouvent un enfant place de l'Étoile, qu'ils prennent pour Jésus. Leur quête se déroule dans l'admiration des merveilles de la société occidentale du XXIème siècle."
9662,/5GrYyY09JbMg9fhtITeK4pKDsHc.jpg,"L'idée de génie qu'eût madame Souza en offrant un vélo à son neveu alla bien au-delà de ses espérances. L'entraînement, une alimentation adaptée et le Tour de France n'était pas loin... La ""mafia française"" non plus qui, repérant le futur champion cycliste, l'enlève. Madame Souza, accompagnée de trois vieilles dames, les Triplettes, devenues ses complices, devra braver tous les dangers dans une course poursuite ébouriffante."
8434,/laV4Xo5O1COZefAFPJLFZ28pkYS.jpg,"Deux couples partent en vacances au Touquet, leurs histoires vont se mêler ce qui provoquera quiproquos, histoires d'amour et adultères. Pendant dix jours, leur vie va connaître quelques turbulences. Elizabeth Lannier, femme bourgeoise, mère d'Émilie une fille déjantée et tête à claques, enfermée dans son quotidien, décide de partir faire un « break » dans un grand hôtel du Touquet sans son mari Bertrand Lannier, agent immobilier, resté à Paris avec son très jeune amant. Véro son amie, fauchée, en quête d'une reconnaissance sociale, décide de la suivre malgré son mari, Jérôme sans ambition, chômeur et ruiné. Elle fait la rencontre de Lulu, avocate, mariée à Jean-Pierre, un mari jaloux maladif, hypocondriaque…"
60015,/rTFo9TUVDjS8kHFd7XrYiQh5RuX.jpg,"Comment Graham pourrait-il aimer Irène, lui pour qui chaque jour est le premier jour, chaque fois la première fois... Un choc survenu six mois auparavant a rendu ce dernier incapable de se souvenir d'événements remontant à plus de dix minutes. Irène tombe amoureuse de lui et lui propose de se souvenir de tout, pour deux, en attendant... Mais Graham tarde à recouvrer la mémoire."
2594,/8K9x7kTqJigbb2Zw5wFaehkyuY0.jpg,"Sous la France occupée de 1942, à Paris, Edmond Batignole, un boucher sans histoire, tente de survivre comme tant d'autres. Il peut se laisser entraîner par son entourage et sa lâcheté sur les pentes de l'infamie. Mais il va choisir de lutter pour sauver la vie de Simon, un petit enfant juif."
34840,/qOdswLSfHZ69RZkNodL2nmztD7d.jpg,"Jacques, ingénieur du son, habite depuis des années le quartier Buci. Quelques mois plus tôt, sa femme l'a quitté et sa nouvelle vie de célibataire semble avoir lentement glissé dans la monotonie et la langueur d'un emploi du temps partagé entre travail, bistrot de quartier et appartement désordonné. Jusqu'au jour où il tombe sur une petite annonce : ""Jeune fille cherche heures de ménage"". Le voilà alors face à Laura, une banlieusarde. Au fil des jours, Jacques va découvrir le charme simple de cette demoiselle à la vitalité débordante, pour à nouveau s'éveiller, comme malgré lui, à la vie des sentiments."
18300,/gt782KCdR64X1zCNX8Z8MdiEpUr.jpg,"La salle d'attente d'un aéroport est le théâtre d'une rencontre entre Rose, une esthéticienne qui vient de quitter un compagnon violent, et Félix, un homme d'affaires célibataire qui n'a de temps à consacrer qu'à son travail. La première, voyante, bavarde, extravertie, envisage de partir à Mexico en ""classe éco"", tandis que lui, discret, taciturne, refermé sur lui-même, voyage en première dans un avion qui va de New York à Munich. Tous les deux restent bloqués au sol pendant quelques heures à cause d'une grève..."
59508,/w1DDjKqGLtUtBKk3bj1ME2rk4z7.jpg,"Itinéraire croisé de trois jeunes femmes perdues : Elodie veut retrouver sa fille, Natacha son chat et Marianne son âme. Elles trouvent l'amitié et l'amour non sans avoir rencontré sur leur chemin un méchant séducteur, un ethnologue accueillant, un thérapeute musclé, un guerrier Massaï, un aborigène, des Incas, des femmes girafes et autres animaux."
68970,/qhDoFi0z9eem3s5dt1YL4jmKiDE.jpg,"Le Vieux et Léonce, deux hommes d'un âge certain, discutent de la vie, de la mort, des femmes ou encore du sexe. Tous les deux vont être troublés par l'apparition de Nacifa, leur jeune et nouvelle femme de ménage maghrébine."
2334,/7WFk7RUzVpOgd8v2SExD7XHjd1y.jpg,"C'est décembre à Marseille. Daniel rajoute des options à son taxi et Lili voit rouge. Le commissaire Gilbert est aveuglé par Qiu, sa stagiaire chinoise, et son enquête piétine. Emilien voit des pères Noël partout et Petra s'impatiente. De Marseille à Tignes, de la Canebière aux pistes de ski, l'aventure peut commencer..."
249072,/7BNZqIV4bpjNXEW4npW4FbPzeHZ.jpg,"En pleine période de migrations estivales, deux enfants de dix ans, Adama et Lucien, contraints de rester dans leur cité, décident d'un commun accord de partir eux aussi en vacances. Et pour y parvenir, tous les moyens sont bons et tous les coups sont permis."
63989,/mkzON4aFcOvgYBT2xt8rk5Rp0PC.jpg,"Jolie comme tout, Irène a tout pour être heureuse : un bon job, des amies amusantes et un nouvel appartement avec une vue globale sur Paris. Mais chaque rencontre se solde par un échec : soit l'homme en question est marié et a du mal à quitter sa femme, soit il vient juste d'être muté à Tokyo, ou encore mieux, il découvre son homosexualité durant leur relation. Si bien qu'à trente ans, au grand désespoir de ses parents, Irène est toujours célibataire..."
24829,/gWj725iAQ1wWoBMxk8MBsImgf0p.jpg,"La nuit de ses noces, Mallory découvre non sans horreur qu'elle a épousé un démon. Elle le tue aussitôt d'un coup de hache et décide de consacrer sa vie à la lutte contre cette monstrueuse engeance. Quelques années plus tard, la voici à la tête d'un gang anti-paranormal composé de Vena Cava, une drag-queen experte en explosifs, et de Talking Tina, une petite fille télépathe."
53244,/10zMthhl6NQ6M7hkeDgTrWGjY0T.jpg,"Jeanne réalise un long métrage intitulé ""Scènes intimes"". Elle doit filmer une scène d'amour entre son acteur et son actrice principale. Jeanne doit gérer leurs sentiments pour les préparer au mieux à cette scène difficile, aidée par son assistant réalisateur qui lui sert de confident. Mais les comédiens ne semblent pas s'entendre et l'acteur rechigne à suivre les instructions de Jeanne."
31354,/8vxSiB2W67UJppxKEzSV8pqFQaD.jpg,"Bastien, vingt-huit ans, est chauffeur de salle pour une émission de télé à succès intitulée ""Envoyez les mouchoirs"". Il est également le souffre-douleur de Philippe Metzger, un animateur vedette arrogant. Toutes ces humiliations ont finalement du bon puisqu'il finit par rencontrer son idole, le producteur de génie Jean-Louis Broustal. Un jour, ce dernier l'invite à passer un wek-end à la campagne afin de travailler sur le nouveau concept d'émission que Bastien a imaginé: ""La Preuve en images"". Ce week-end s'annonce explosif."
7229,/4EQz0xv3SUuHabuhAcfXZorMWgv.jpg,"Ruby n'a qu'une idée en tête: se venger de l'homme qui a assassiné la femme qu'il aimait. Quentin n'a en tête que très peu de neurones. Juste assez pour être d'une grande gentillesse et d'une bêtise à entrer dans le Livre des Records. Les chemins des deux hommes vont se croiser, celui du dur qui n'est que désir de meurtre et celui du simple qui tutoie les anges. La gentillesse catastrophique de Quentin parviendra-t-elle à désamorcer la violence meurtrière de Ruby, c'est le sujet de Tais-toi !"
14652,/rs4nJIrSwDUesSymgekea6D1IgA.jpg,"En juin 1940, à l'hôtel Splendid de Bordeaux sont réunis ministres, journalistes, grands bourgeois, demi-mondaines et espions de tous bords. Là, un jeune homme devra choisir entre une célèbre actrice et une étudiante passionnée, entre les politiques et les voyous, entre l'insouciance et l'âge adulte."
5047,/auXnQ7VXc4kUcsTX1XMkt6D8QoJ.jpg,"Christelle, 35 ans, est une coiffeuse conformiste et soumise qui vit dans une petite ville de campagne. Après une grave dispute avec son mari, Francis, un homme violent et impulsif, elle prend la fuite avec la camionnette de livraisons de celui-ci.  A l'intérieur du véhicule se trouve une machine à coiffer d'une technologie avancée. Elle l'avait commandée sur catalogue pour son salon de coiffure.  Après avoir erré dans la nuit, elle se réfugie dans un vieux complexe hôtelier, le Galaxy, dont Mona, une veuve de cinquante ans au grand coeur, est la patronne. Les deux femmes se découvrent une passion commune pour une série télévisée, Le Ranch de l'amour."
60025,/mEMSJSet752wIVM75u5BewGsTy8.jpg,"Dix ans et demi, 1m39, les parents, les disputes, les amis, le premier amour, la rivalité, l'école, l'autorité, ces quelques kilos en trop... Autant de choses qui font le petit monde de César. Timide, il parle peu mais pense énormément. Et forcément, comme ses parents ne prennent pas le temps de lui raconter la réalité, il l'imagine..."
18303,/wK8P91PlbLqXi75AlzaxErd1e8q.jpg,"Entre sa femme qui engage une procédure de divorce, les dettes qui s'accumulent et un emploi menacé, Aldo Bonnard voit sa vie se déliter, jusqu'au jour où il gagne une fortune au loto. Alors qu'il est sur le point d'annoncer la nouvelle à son épouse, il découvre qu'elle le trompe avec son nouveau patron. Deux solutions se présentent alors à lui : soit partager ses gains faramineux avec elle et… son rival, soit dissimuler sa fortune et feindre avoir gagné après le divorce. Il choisit cette dernière option mais vit parallèlement et clandestinement comme un homme richissime."
18295,/e0zbFNkck2oSgOCvluSMXOvmeIj.jpg,"Vincent Roméro est un brillant osthéopathe, drôle et dynamique, qui passe son temps à faire rire les autres. Mais un jour, sa femme Camille, qui ne supporte plus son égocentrisme, le quitte. Le soir même, au restaurant, un de ses amis meurt, victime de crises de fous rires. Tiraillé entre sa nature hilarante et sa sensibilité soigneusement enfouie, Vincent commence un voyage initiatique, à la recherche de lui-même."
31076,/aD3xI2bAShtdq0OtFQtbQr7Njh3.jpg,"Amélie, une jeune femme belge, vient de terminer ses études universitaires. Sa connaissance parfaite du japonais, langue qu'elle maîtrise pour avoir vécu au Japon étant plus jeune, lui permet de décrocher un contrat d'un an dans une prestigieuse entreprise de l'Empire du Soleil Levant, la compagnie Yumimoto. Fascinée par la hiérarchie d'entreprise japonaise, précise et méthodique, la jeune femme l'est d'autant plus par sa supérieure directe, l'intrigante et fière Mademoiselle Mori. Pourtant, Amélie va rapidement déchanter à la découverte d'une culture qu'elle ne connaît absolument pas. Ses fréquentes initiatives sont régulièrement sujettes aux réprobations de ses supérieurs. Face à cet acharnement, la jeune femme se plie à leurs exigences. Jusqu'à être mutée dans les toilettes."
61665,/6a9FYJm2LnFlV9bxUrqiVg0s7gS.jpg,"En août 1946, à Paris, dans le quartier des tailleurs juifs, un atelier de confection pour dames décide de reprendre ses activités sans prévoir les éventuels problèmes que cela peut poser. Fragilisés à l'extrême mais déterminés à être là, résistants, quatre femmes, cinq hommes et quelques enfants font le pari de la vie avec de la fantaisie, de la légèreté."
44710,/4RD31kJKqEJ5nC3EHkLr5Z9oiJY.jpg,"Deux dangereux repris de justice, qui n'ont plus rien à perdre, s'évadent durant un transfert de prison. À bout de souffle et de force, traqués par la police, ils trouvent une planque dans une charmante maison toute en meulière, habitée par une sympathique famille, les Rozes. Tant pis pour les noces d'argent que cette famille doit fêter ce soir, parents et enfants sont pris en otages, le temps de voir venir. Seulement voilà, les gangsters ne se révèlent pas si menaçants qu'ils en ont l'air et les Rozes, en revanche, ne sont pas si charmants que ça. Pris dans une spirale vertigineuse, ces derniers, grisés par le danger, vont peu à peu profiter de cette situation extrême dans laquelle tout devient permis. En moins de vingt-quatre heures, cette famille, si aimable en apparence, va succomber avec délectation à ses instincts les plus bas..."
13749,/89KxarYSgCEe4O4uAG0PmdEydRS.jpg,"Depuis toujours, son rêve a été de réaliser son propre film, de monter les marches du Festival de Cannes, et bien sûr d'avoir la Palme d'or. Rien d'étonnant à ce que ses potes l'aient surnommé Kubrick. Seulement voilà, leur décor quotidien c'est la banlieue. Après une nuit d'errance, Toxic se réveille en plein milieu d'un tournage, où les techniciens le prennent pour un stagiaire mal réveillé. Quand on lui demande de manière trop agressive de déplacer le camion 2ème équipe image, il sait qu'en le conduisant un peu plus loin que prévu, il sera un autre réalisateur : Kubrick de Bobigny. Réunis dans la cour de leur immeuble, le camion désossé, le matériel camera rangé, lui et ses amis commencent le casting de leur future grosse production : Roméo et Juliette à Bobigny."
67380,/5RrmytANLuJjYti71DFkX1MlS9H.jpg,"La première semaine de liberté de Jacques, qui vient de passer cinq ans derrière les barreaux, aux côtés de Francis, Didier, Camille et les autres, dans le petit monde des « débrouillards » du Saint-Ouen d'aujourd’hui."
62341,/jLjg2cf8Lb8lRPrPXdOZxuqClmF.jpg,"Couple en proie au stress de la vie urbaine, Caroline et Bertrand décident de tout quitter et de partir reprendre le gîte de leur amie Sophie en Provence. Une nouvelle vie commence : le soleil, les cigales, les oliviers, les clients et les villageois. Ils découvrent la joie d'avoir tourné une page, mais ne l'auraient-ils pas tournée trop vite ?"
17684,/74Bv2j3LVWxArUqoN2EZwS0Hr7x.jpg,"Chouchou, un jeune Maghrébin, débarque clandestinement à Paris dans la seule intention de retrouver son neveu. Recueilli par le Père Léon et le Frère Jean, en charge d'une paroisse de banlieue parisienne, Chouchou trouve un emploi : assurer l'entretien du cabinet d'une psychanalyste, le docteur Nicole Milovavitch, et recevoir ses clients. Ce dernier se rend bientôt à Clichy à la recherche de son neveu, devenu Vanessa, chanteuse romantique au cabaret L'Apocalypse. Le jeune homme y retrouve ses amis et décide de se travestir lui aussi à ses heures libres. Devenu serveuse de nuit, il fait la rencontre de Stanislas, un quadragénaire habitué des lieux. C'est le coup de foudre. Malheureusement, un patient du docteur Nicole Milovavitch, l'inspecteur Grégoire, a vent de l'arrivée clandestine de Chouchou à Paris et de sa double personnalité…"
78789,/oFQIjLiLslWt8Ip054NSt2CWRtp.jpg,"Charlotte n’a pas d’homme dans sa vie alors pour survivre au train-train quotidien, elle écrit des livres érotiques. Cette échappatoire lui permet d’oublier complètement la notion de désir ou d’érotisme. Elle vit heureuse dans le chaos organisé de son duplex, mais tout bascule lorsque son père meurt et sa mère fait irruption dans son appartement avec bagages, piano (elle est professeur) et élèves. Charlotte décide de laisser le premier étage à sa mère tandis qu’elle se réfugie au deuxième."
51860,/sePVIr96jqSvBmDVxRUoBWj6INM.jpg,"Carole, juge d'instruction, mène une vie trépidante, entre son travail, qui occupe la majorité de son temps, et son époux, Bruno, un médecin, lui aussi très pris par ses activités professionnelles. C'est au palais de justice que Carole rencontre Tina, une voleuse récidiviste, au tempérament volcanique. La magistrate, plutôt rigide, se prend bientôt d'amitié pour cette délinquante au caractère bien opposé au sien. Étrangement, une complicité les unit rapidement, sans doute parce que toutes deux sont filles uniques et que chacune trouve en l'autre ce qu'elle aurait aimé être. Tina et Carole vont jusqu'à s'associer pour mener une enquête..."
20106,/1m1hLUtU5xwPWUNOX7FVOyS0ekb.jpg,"Agents du FBI, Bullit et Riper enquêtent sur le meurtre de la jeune strip‐teaseuse Pamela Rose, retrouvée assassinée dans une chambre d’hôtel à Bornsville, une petite ville américaine sans histoires. Tout les oppose et pourtant ils doivent faire équipe : Bullit est un homme de terrain aux méthodes peu banales, tandis que Riper est un instructeur consciencieux, prêt à assurer sa première enquête. Confrontés à une police locale plutôt hostile, ces deux agents maladroits et déjantés vont devoir arrêter le ou les meurtriers. Au fil de leurs recherches, Bullit et Riper font la connaissance de Ginger, la meilleure amie de Pamela Rose. Ils s’aperçoivent rapidement qu’elle en sait plus que ce qu’elle veut en dire…"
49400,/tZDICcKmTE9Pr5OwBwggk8uqttx.jpg,"Odile Rousselet, une comédienne de 42 ans, vit avec Marie, sa fille de 18 ans. Un jour, celle-ci décide d'emménager avec son petit ami. Sa mère se retrouve seule mais, loin de se laisser abattre, elle décide de profiter au maximum de la vie. C'est là qu'elle fait la rencontre de Kader, Idir et Rachid, trois forains. Odile, qui a toujours eu peur des manèges, se met alors à adorer la fête foraine..."
19565,/i1mzZaporwNd9SYVytAxh2ljygV.jpg,"Mariés depuis sept ans, Audrey et Alain s'enlisent dans la routine. Ils ont une petite fille, Camille, et travaillent tous les deux. La vie quotidienne a usé leur désir. Audrey est cassante, rigide, tandis qu'Alain se promène en cachette sur les sites porno. Pour tenter de sauver son couple, il consulte un ami sexologue. Celui-ci lui conseille de mettre en pratique ses fantasmes et de se livrer aux jeux érotiques dont il rêve avec sa femme. D'abord hésitant, Alain va entraîner Audrey dans un univers de luxure fait d'échangisme, de voyeurisme et de sex-shops. Malgré sa méfiance, celle-ci se laisse prendre au jeu. Alain, lui, est vite dépassé par les événements..."
104505,/zrhAgziEGazpEFtRtUVrmhwQ18p.jpg,"D'abord, il y a Basile Matin, un jeune gars qui a rêvé de Faftao-Laoupo, le symbole de l'avant dernier sommeil... Maintenant, il sait que s'il dort encore, il va mourir et le problème, c'est qu'à son âge, on aimerait bien avoir toute la vie devant soi.  Ensuite, il y a Igor, un autre jeune gars qui travaille un peu et fait également des études... Mais il n'a pas d'argent et il s'ennuie. Alors l'histoire de Basile, même s'il n'y comprend pas grand chose, l'intéresse diablement.  Enfin, il y a Johnny Got. Un peu journaliste bénévole, un peu détective et pas mal voyou, il s'intéresse beaucoup aux histoires qui ne le regardent pas... Et celle de Basile le passionne..."
72345,/yXfLtd0PgRilHQ5CI23DeyFofPe.jpg,"A vingt ans, Laurence est toujours prête à tomber amoureuse. Malheureusement, elle effraie ses prétendants par son empressement. Résultat : elle est soit trompée soit quittée ! A la mort de sa mère, elle se met en tête de retrouver Renée, sa grand-mère qu'elle n'a pas vue depuis de nombreuses années. Mais celle-ci ne manifeste aucun enthousiasme à la vue de sa petite fille. Sa naïveté l'agace en effet profondément... Pour lui prouver que le grand amour n'existe pas et qu'elle se fera sans cesse avoir par les hommes, elle propose de la former à son art de vivre. Un art composé de quelques règles élémentaires : séduire un homme riche, l'épouser dès que possible, s'en libérer rapidement, discrètement mais définitivement, empocher ensuite son assurance vie, profiter égoïstement et renouveler... Laurence se laisse former par cette étrange grand-mère. Mais le jeu n'est pas sans risque..."
49399,/rDqz4rAEAfOxdLmANkzJMgWn24A.jpg,"Pablo Sterni est un agent d'assurance qui mène une vie morne avec sa femme Brigitte et son fils Jérémie dans une résidence pavillonnaire huppée mais terriblement monotone de la région parisienne. Pour arrondir ses fins de mois, il escroque un de ses clients, monsieur Cannon en lui faisant croire que sa voiture de collection Aston Martin DB4 (qui ne roule jamais) est assurée alors que c'est lui qui empoche les primes. Mais monsieur Cannon se fait voler sa voiture qui est retrouvée à demi-détruite, Pablo n'a alors d'autre choix que de trouver l'argent pour ne pas finir en prison. Il apprend que Léon, son cousin qu'il n'a pas revu depuis des années, vient d'hériter d'un million de francs. Mais ce dernier vit coincé sous LSD depuis 30 ans et est persuadé que Janis Joplin et John Lennon lui ont promis de revenir. Pablo élabore alors un plan : il va transformer sa femme Brigitte et un acteur au chômage, Walter Kingkate, en Janis Joplin et John Lennon pour mettre la main sur l'argent."
48778,/egCjrhNU6TRZ0eZQnT4Uf4JkPNj.jpg,Une jeune fille riche et simple d'esprit hérite de la fortune de sa mère décédée. Les membres de sa famille tentent alors de la faire assassiner pour récupérer l'héritage en question. Mais le tueur qu'ils vont engager va tomber sous le charme de sa cible.
44524,/8CdEYoCsJsihvrvbUO9H3YK8hJA.jpg,"Deux histoires disjointes : d'une part le couronnement de Nora Cotterelle, qui s'apprête à se marier, et d'autre part la déchéance d'Ismaël Vuillard, interné par erreur dans un asile psychiatrique et sur le point d'en sortir en piètre état. Ces deux intrigues se rejoignent quand Nora propose à Ismaël l'adoption de son fils Elias…"
16932,/otJJztaqQPbRee7INci2krgKJEM.jpg,"Antoine est maître d'hôtel dans une brasserie parisienne. Un soir, en rentrant du travail, il sauve un inconnu du suicide. Se sentant étrangement coupable d'avoir sauvé la vie de cet homme, Antoine n'a de cesse de vouloir l'aider, le réparer. Mais il a beau faire, Louis n'a qu'une seule obsession, Blanche, la femme de sa vie, celle à cause de qui il a voulu mourir… Sans en parler à son nouvel ami, Antoine décide de la retrouver. Mais les choses ne se passent pas tout à fait comme prévues. Blanche n'est pas seule, et surtout elle est belle..."
38200,/rNJSZ4oV2QLawaZRci6GrpUik04.jpg,"Martin, trente ans, est sur le point de partir en vacances avec sa femme Ariane et sa petite fille Cerise. C'est alors qu'il croise Constance, son amour de jeunesse, elle-même flanquée d'un mari et de deux enfants.Celle-ci a une idée : ils passeront quelques jours à la campagne entre amis, comme au bon vieux temps, pour le meilleur et pour le pire..."
54157,/dp8qbVFJpIRb9K9WoSU6DJU7xW8.jpg,"Coway, un restaurateur dépensier, ne parvient pas à freiner sa générosité, ce qui le conduit à l'endettement. Brett, au contraire, est très avare, au point que l'amour de sa vie l'a quitté car il refusait de lui offrir un chemisier. Nicolas de Blamont, chef d'entreprise, vend ses usines après une alerte cardiaque, provoquant une crise sociale dans la région. Tous ces personnages se croisent dans le restaurant de Coway, où ils sont servis par Laurence, jeune fille secrète dont Patrick, le plongeur, est amoureux. Tous racontent leur parcours, et tentent de comprendre ce qui, de l'amour ou de l'argent, prend le plus de place dans leur vie..."
72363,/cuXyhXlXe6y6fVPvfZEGjAUte6x.jpg,"Marie-Dominique et Bertrand forment un couple uni. En apparence seulement. Bertrand, responsable de chantiers internationaux, passe son temps dans les avions et, à ses heures perdues, se consacre à son sport favori : le cyclisme. Véritable maniaque, il ne tolère aucun changement dans ses habitudes. Marie-Dominique, elle, accède à toutes les requêtes de son mari, s'occupant de l'éducation de leur fils, quitte à réfréner ses propres envies et aspirations, mais le ras-le-bol se fait sentir. C'est alors qu'elle fait la rencontre d'Antoine, un écrivain, passionné de cinéma et d'art comme elle, et qui va l'entraîner dans le tourbillon d'une passion amoureuse. Marie-Dominique décide de quitter son mari et de s'épanouir. Mais c'est sans compter sur Bertrand qui voit la situation d'un tout autre oeil et choisit de s'imposer auprès de sa femme et de ne pas la laisser partir si facilement."
59054,/pGkKVcNOzO6ODyKgPUz6cZwSCDD.jpg,"Pigiste dans un journal de mode, Claire Rocher rencontre Elisabeth Becker, une star de cinéma. Tout les sépare, leurs caractères, leurs rapports aux hommes, et bien sûr l'argent, la notoriété. Claire est engagée comme assistante personnelle d'Elisabeth, et sa vie s'en trouve bouleversée. Peu à peu, les deux femmes se lient d'amitié, du moins Claire le croit-elle..."
19099,/2QCoj8iZWysxVsG78DmFqv606P2.jpg,"Alex, Antoine, Jeff et Manu, quatre amis à la fois solides et immatures, sont au tournant de leur vie d'adulte. Ils se voient régulièrement, aiment tchatcher, s'engueuler et rire ensemble. Issus de milieux populaires, ils ont atteint leurs objectifs professionnels : Alex et Jeff ont créé un petit groupe de presse sportive qui marche bien, Antoine est prof de gym dans un grand lycée parisien, Manu a une boutique charcuterie-traiteur qui ne désemplit pas. Ce printemps-là, une série d'événements, la mort d'un père, l'infidélité d'une femme, le mariage d'une fille, les touche et les rapproche encore davantage. Confrontés à des situations qu'ils ne maîtrisent pas, ils se font des confidences, s'expliquent, s'aident, s'affrontent et se remettent en question. Leur rapport aux femmes est au cœur de tous leurs problèmes, de toutes leurs conversations, de tous leurs conflits..."
22623,/1xHhUux28lemC990bH5KCqWS0Er.jpg,"Voilà dix ans que les chemins de René et de François se sont séparés. De l'époque glorieuse où, flics, ils écumaient le quartier Montmartre, il ne leur reste qu'une poignée de souvenirs, l'argent de leurs ripouseries s'étant évaporé avec le temps. Tout à une fin. Jusqu'à ce que ça recommence."
47433,/tmtvyS4Kfe8lYepd1U68C2GZePJ.jpg,"Quand Dorine sort les poubelles le matin, Le Bison rentre se coucher. Quand elle passe l'aspirateur, il essaie de dormir. Bref, tout sépare cette gardienne d'immeuble de son voisin bohème! Pourtant, un évènement inattendu va les contraindre à s'entraider..."
14648,/rq2KTyTJXd2p4kwCa1dajdrXimA.jpg,"Nom : Bernard Frédéric. Profession : Claude François, chanteur à succès des années 70. Oui son métier, c'est d'être Claude François à la place de lui ; le meilleur de sa génération ; Il est son sosie chantant et dansant avec quatre choristes. Son ambition, au grand dam de sa femme Véro, est de gagner le concours de la Nuit des sosies, diffusée en prime time sur une grande chaîne. Pris entre son désir de gloire et l'amour réel pour sa femme, tenaillé entre son chanteur idole et Véro, il lui faudra choisir."
51870,/hvq9hHEB1pTKtZv6PnkagLSrKRI.jpg,"Léo, un vieux père de famille ancien représentant de commerce, est prêt à tout pour retrouver l'affection de ses trois fils, David, Max et Simon. Il va même jusqu'à invoquer une maladie et une intervention chirurgicale pour les convaincre de l'accompagner dans un voyage au Canada, où il tentera de refaire l'unité du clan familial. Le quatuor de Français y fera la rencontre d'une guérisseuse et de sa fille."
300,/aRMpMDCitnnwOQw86y9pOQOIvoo.jpg,"Venu travailler à Paris dans une entreprise fabriquant des calendriers, Stéphane Miroux mène une vie monotone qu'il compense par ses rêves. Devant des caméras en carton, il s'invente une émission de télévision sur le rêve.Un jour, il fait la connaissance de Stéphanie, sa voisine, dont il tombe amoureux. D'abord charmée par les excentricités de cet étonnant garçon, la jeune femme prend peur et finit par le repousser. Ne sachant comment parvenir à la séduire, Stéphane décide de chercher la solution de son problème là où l'imagination est reine..."
37351,/cDIb3HZ2FgGlbpA7BruuQ76t424.jpg,"Suite à la tentative d’assassinat de la belle Mathilde, fille du célèbre professeur Stangerson, le jeune reporter Joseph Rouletabille, accompagné de son ami et photographe Sainclair, se rend au château du Glandier pour élucider le mystère. Qui est l’agresseur ? Quel est son mobile ? Et surtout, comment a-t-il pu s’échapper de la chambre jaune, fermée de l’intérieur ? Le célèbre inspecteur Frédéric Larsan soupçonne Darzac, le fiancé de Mlle Stangerson…"
51945,/rRXanrGRXjxaqo28fzt9LwoJLWa.jpg,"Lors d'un séjour aux États-Unis, Gilberte Valandray a été mariée en premières noces à un Américain, Eric Thomson. Son mariage a été un échec. Mais cette union n'ayant pas été légalisé par le consul de France, il n'est, de fait, pas reconnu en France. Revenue à Paris, Gilberte a épousé Georges Valandray, riche métallurgiste. Celui-ci, qui croit à la félicité conjugale dès lors que l'on est le premier mari de sa femme, est soigneusement tenu dans l'ignorance de l'union avec Eric Thomson. Seule la sœur de Gilberte, Arlette Poumaillac, toujours célibataire, connaît le secret. Mais qu'arriverait-il, si par pure coïncidence, Georges Valandray entrait en relations d'affaires avec cet Eric Thomson et se prenait d'amitié pour lui ?"
21778,/qsGU6myn85MfqpNAxzJtxJ3VgrM.jpg,"Il y a 37 000 ans, deux tribus voisines vivaient en paix… à un cheveu près. Pendant que la tribu des Cheveux Propres coulait des jours paisibles en gardant pour elle seule le secret de la formule du shampooing, la tribu des Cheveux Sales se lamentait. Son chef décida d’envoyer un espion pour voler la recette. Mais un événement bien plus grave allait bouleverser la vie des Cheveux Propres : pour la première fois dans l’histoire de l’humanité, un crime venait d’être commis. Comment découvrir son auteur ? Au temps des mammouths et des moumoutes commence la première enquête policière de l’Histoire."
25714,/i5rF1Ryz6dCmiPKQUjmiRBWNzMW.jpg,"Skotlett City est toujours traumatisée par la catastrophique grande fête de la tarte à vache. James Bataille a d'ailleurs fini en prison et cette fois-ci il s'en échappe, bien décidé à retrouver Concia, sa fiancée qui veut devenir chanteuse de country. Mais malheureusement, tout ne se passe pas comme il l'aurait souhaité...Les éléments se déchaînent contre lui : des étoiles de mer en provenance d'un autre monde se collent sur les visages des gens, le futur impresario de Concia, Allan Chiasse, se transforme en monstre tentaculaire, sa bimbo, la sexy Kitty également, le Sam Paradiso bar est décimé. Cela paraît beaucoup pour ce petit village et pourtant ce n'est qu'un début..."
8424,/lFPxaXOPhIBumZCywpnudSusbzv.jpg,"Sophie et Julien ont défini les règles du jeu. Ils en sont, pour le restant de leurs vies, les arbitres et souvent les victimes. « Cap ou pas cap ? — Cap ! Bien sûr ! » Ils sont cap de tout : du meilleur comme du pire. Bafouer tous les tabous, défier tous les interdits, braver toutes les autorités, rire, se faire mal. Cap de tout sauf, peut-être de s'avouer qu'ils s'aiment. Ce jeu commence avec un pari innocent : un pari afin d'oublier que Maman est gravement malade, afin d'oublier quand toute la classe te traite de sale polack. Et quelques paris plus tard, le jeu devient ce qu'il y a de plus beau, de plus fort dans la vie des deux enfants. Et ainsi la vie passe, le jeu reste, de plus en plus intense, comme la passion. Et chaque fois qu'ils se répondent « Cap ! », ils se disent « Je t'aime plus que ma propre vie. — Plus que ma propre vie ? — Cap ! »."
9642,/4YG3fv8qu20PMhDbna0sL1J00Np.jpg,"Le neveu d’Abraracourcix, le mal‐nommé Goudurix, débarque au village. Fier de lui, Abraracourcix le confie à Astérix et Obélix pour l’endurcir, et en faire un homme. Or, Goudurix n’a rien d’un Gaulois courageux, loin s’en faut, et rien ne paraît y changer… C’est alors que les Vikings débarquent en Gaule. Menés par leur chef, Grossebaf, ils sont à la recherche d’un « vrai homme », un peureux, qui pourra leur apprendre à voler."
60106,/lQI9xPX9i2vHna6xOA7qVWwIAbx.jpg,"Jacques est un joueur professionnel qui a fait un peu désordre dans les casinos. Angèle, elle, est capitaine des renseignements généraux, directrice de la brigade des jeux. Ils vivent depuis quelques années une liaison secrète. Un jour, Serge Vaudier, un obscur professeur de mathématiques, gagne au loto deux fois de suite, en prétendant avoir trouvé une théorie infaillible. Plus personne ne joue et l'Etat croupier vacille. Les renseignements généraux n'ont que quelques jours pour démasquer l'imposteur. Statistiquement, personne ne peut gagner au loto deux fois de suite sans avoir triché. Par les moyens traditionnels, on ne trouve rien, et Angèle est forcée de faire appel à un joueur, le seul qui puisse entrer dans la psychologie de Serge Vaudier et le confondre. C'est là que Jacques entre en jeu..."
11399,/KvZSU9wERNQvmEMpfivViDKjSm.jpg,"Lolita Cassard, vingt ans, en veut au monde entier, parce qu'elle ne ressemble pas aux filles des magazines, et aimerait tellement se trouver belle, au moins dans le regard de son père, trouver son regard tout simplement. Etienne Cassard regarde peu les autres, parce qu'il se regarde beaucoup lui-même et qu'il se sent vieillir. Pierre Miller, un écrivain, doute de ne jamais rencontrer le succès, jusqu'au moment où il rencontre Etienne Cassard. Sylvia Miller, un professeur de chant, croit en son mari, en son talent, mais doute du sien et de celui de son élève Lolita, jusqu'au moment où elle se rend compte qu'elle est la fille d'Etienne Cassard, cet auteur qu'elle admire tant. C'est l'histoire d'êtres humains qui savent très bien ce qu'ils feraient s'ils étaient à la place des autres mais qui ne se débrouillent pas très bien à la leur, qui la cherchent tout simplement."
57307,/eWWTDuLnYs8D9AuY3n15ggw7KIJ.jpg,"Paul vit de petits délits en tous genres. Bavard, malin, il parvient à s'incruster au domicile d'Alexandre, un musicien, prétextant des liens avec les propriétaires de l'appartement. Tous deux se retrouveront plongés dans une série de mésaventures au cours desquelles ils croiseront la route de la belle Cécilia."
65959,/hD4rved8gcWRO0jiunDd3TDQmJL.jpg,"À la tête d'un grand groupe de quinze casinos, Max Zagury mène une vie heureuse. Homme d'affaires aux apparences respectables mais au passé bien moins. Fier de sa réussite sociale, autoritaire, voulant tout contrôler, il est aussi très possessif avec son unique enfant, sa fille Lisa, archéologue, petite fille à papa, pour laquelle il nourrit des projets ambitieux. Il prévoit de la marier dans la plus pure tradition juive, avec le fils de Roland Azerad, son défunt meilleur ami et malfrat de jeunesse. Mais lorsqu'il apprend que Lisa est déjà très amoureuse et liée à un archéologue Jean-Christophe Dupreux, il voit rouge, d'autant plus qu'il s'agit d'un « goy » élevé dans les pures traditions catholiques et royales..."
48426,/6xOrUs0JL9TK0AeuRdk1tzjkok5.jpg,"Louise, chroniqueuse radio, sait ce qu'elle veut dans la vie, et la vie la gâte. Elle est libre, fougueuse, heureuse. Tout va bien pour elle. Jusqu'au jour où, à la veille de présenter son petit-ami à ses parents, elle perd soudain... son plaisir sexuel ! Alors elle panique et se lance désespérément dans une folle quête pour le retrouver..."
39386,/aeYtaowpQTgp5OvIsimvsFHyNzG.jpg,"Détective parisien branché s'estimant aussi irrésistible avec les femmes que dans le business, Rémi François alias Jack Palmer a finalement accepté la mission que vient de lui confier un obscur petit notaire de province: retrouver Ange Léoni, un citoyen corse introuvable qui a hérité d'un confortable pactole. Une véritable promenade de santé pour Jack Palmer rompu aux missions infiniment plus délicates. Mais à peine arrivé sur l'île de beauté, la promenade de santé va très vite devenir un parcours du combattant. Mystérieusement observé aux jumelles pendant son enquête, Palmer perd de sa superbe devant le mutisme local, les tournées d'alcool de myrte, les indépendantistes qui le kidnappent, les gendarmes qui le molestent par erreur, une voiture pulvérisée et l'énigmatique Ange Léoni qui lui donne de mystérieux rendez-vous ratés."
48394,/veWo3S34BCCkqqHbVZYLt4rbtrO.jpg,"Casablanca Driver est le plus mauvais boxeur de son temps. Par un concours de circonstances, il se retrouve face au champion Jimmy La Renta. Le combat semble perdu d'avance mais pourtant..."
14653,/g2CGI4SkeWDnZSL6F8GNFxM8jmR.jpg,"Trois hommes, la quarantaine, s'interrogent sur leur vie. Vincent vit avec Gabrielle et Georges avec Nathalie. Ils ont l'impression d'étouffer et envient la liberté de Fred, un célibataire qui sort avec de belles filles. Lui rêve de donner enfin un sens à sa vie. Mais Vincent vit une histoire avec une autre femme. Personne n'est au courant, sauf Gabrielle, sa femme. Lui ne sait pas qu'elle sait..."
20200,/w4Ea1P4Ig5B48hZl9owRshUepVs.jpg,"Gustave Klopp est narcoleptique. Il s'endort n'importe où, n'importe quand, ses fréquentes crises de sommeil sont aussi brutales qu'inattendues. Si cette maladie constitue un véritable handicap pour sa vie professionnelle, elle lui permet cependant de vivre, dans ses rêves, des aventures inoubliables.  En effet, dès qu'il s'endort, Gustave devient Klopp, un super-héros invincible et vengeur, Gustave devient Klopp, un super-héros invincible et vengeur...  Gus partage sa vie entre Pam, sa femme qui tient une boutique de manucure et qui rêve à des jours meilleurs, et Lenny Bar, son meilleur ami, karatéka approximatif, disciple inconditionnel de Jean-Claude Vandamme.  Ce petit monde est prédestiné à une vie simple et pépère, dans une petite ville qui sent bon le bonheur et la sérénité. Mais Gus a décidé de « bouger son cul » et entame une thérapie de groupe.  Son psy, Samuel Pupkin, découvre alors que Gus transforme ses rêves en incroyables bandes dessinées..."
190390,/6DD5VR3uKhEX8N6iIPFd5oPKd6t.jpg,"Menacé en Algérie, Ismaël émigre en France, le temps que ceux qu’il fuit l’oublient. Il raconte son parcours clandestin sous la forme d’un conte biblique, l’histoire de Jonas dans la baleine. Ailleurs en France, un vieil agriculteur perd son plus jeune fils. Ses trois enfants l’aident à traverser l’épreuve des funérailles, mais le vieux père, sombre dans une sorte d’indifférence mélancolique, perdant peu à peu jusqu’à la force de vivre. Ces deux histoires ne se rencontrent pas."
10271,/yjBq8pSEXpnmypHkIXqFhVXahnw.jpg,"Un écrivain traverse une crise existentielle majeure. Il veut quitter sa petite amie du moment, doit rédiger la biogaphie d'un footballeur professionnel dont la femme n'est autre que l'ex-femme de sa vie..."
16930,/zzaO8iWpWEA84kD2L02xCOqZ9p3.jpg,"Qui pensait que perdre des clefs de bagnole pouvait mener aussi loin ? Attention, l'aventure est au coin de la rue..."
60104,/aqwZnN6CQclKaCMmZHJDgBcvC5R.jpg,"Mathilde Stangerson et Robert Darzac, fraîchement mariés, se rendent en villégiature chez leurs amis Edith et Arthur Rance au Château d'Hercule. Mais Larsan réapparaît sur leur chemin et terrorise encore la belle Mathilde. Rouletabille, toujours aidé de son fidèle Sainclair, va mener l'enquête pour découvrir comment Larsan est parvenu à s'introduire dans le château fort.."
17825,/3TPmWdZ74vUvF2yNfOU3iWrye3T.jpg,"Le monde va mal, les humains ne rigolent plus, la situation est grave. Le dieu de la blague n'a plus qu'une solution : Michaël Youn et sa bande. Leur mission : accomplir "" Les 11 commandements "" de la blague pour remettre les peuples sur le droit chemin de la rigolade en repoussant les limites de la connerie. Danser la valse en apesanteur à 15 000 mètres d'altitude, inonder une maison pour la transformer en piscine, jouer au beach volley avec une érection contrôlée, faire du roller sous somnifères... Rien n'arrête Michaël Youn et sa bande, et en plus, ils le font pour de vrai !"
56785,/9Nm2SaKsKjmVes4RGvzC1V2dRNU.jpg,"Thierry a quitté la Suisse depuis longtemps lorsqu'il doit y retourner avec Sophie, sa compagne, pour les obsèques de sa grand-mère. Là, un héritage inattendu et important lui est offert à la condition qu'il paraisse capable, aux yeux de ses oncles, d'en faire bon usage. Contrairement à son frère et sa sœur, il échoue et s'apprête même à renoncer à sa part lorsque son cousin, Aloïs (...qui se taperait volontiers Sophie), le persuade de tenter une seconde fois sa chance... Et de renouer avec les valeurs helvétiques !"
52538,/bR5VF8uwqQzJLozryGXzqc0FwNA.jpg,"Ils ont 25 ans et se marient aujourd'hui. Ils ont 35 ans, se sont unis il y a dix ans et se déchirent aujourd'hui. Ils ont 45 ans, se sont déchirés il y a dix ans et tentent aujourd'hui de se réconcilier... Trois mariages dans un mariage, trois couples durant les 24 heures d'une noce quelque peu perturbée par les doutes et les crises de chacun. ""Qu'il est formidable d'aimer"", chante courageusement le curé, à l'heure où un mariage sur trois se termine en divorce... Un sur trois : d'accord, mais lequel ?"
40851,/lig5mfP2ZJ0jl1ihS5mRR6tMJU1.jpg,"L'action se situe au début des années 60, en proche banlieue parisienne. Hannah Goldman (Marilou Berry), juive, a seize ans, deux sœurs très jolies et des parents qui l'aiment. Mais elle n'est pas heureuse, affectée d'un surpoids important elle se trouve profondément moche et nourrit un terrible complexe face à la beauté de ses sœurs et celle de sa camarade de lycée. Mais Hannah a deux grandes qualités : elle est intelligente et particulièrement douée pour la musique. Souhaitant faire une carrière musicale, elle choisit un instrument traditionnellement masculin... la contrebasse. Mais son anticonformisme musical ne s'arrête pas là : elle rêve d'entrer dans le jazz-band de son lycée."
40569,/njz5tpvoP63XAwBgGq4hNO3ILwD.jpg,"Une bande de jeunes voyous inoffensifs vivote de petits coups. Après un braquage loupé, ils se trouvent dans l'impossibilité de régler leurs dettes au caïd du coin, qui, pour le rembourser, leur propose le cambriolage d'une fondation d'art moderne. Mais rien ne se passe comme prévu et tout s'enchaîne... mal. Ainsi l'alarme qui aurait dû être débranchée ne l'est pas, et un des voyous se fait tout de suite piéger dans une des salles du musée. Pour le sortir de là, l'équipe doit cambrioler une quincaillerie pour se procurer du matériel, mais les flics arrivent, et un deuxième est pris. Encore un membre de l'équipe à libérer et encore une partie du plan qui ne se déroule pas comme prévu : ils sont obligés d'occuper le commissariat. Et, pour ne pas alerter les commissariats voisins et mener à bien leur projet initial, les voyous n'ont d'autre solution que de remplacer les vrais flics..."
57714,/2Df7GRfppR57GJ5BB5Sf7Dtm7nW.jpg,"Chantal Letellier est une « femme admirable ». Elle est avocate, et elle gagne toujours. Dans son métier c’est un cador, mais dans sa vie privée c’est une chèvre. Divorcée sympathiquement, elle est flanquée de deux ados « très bien mal élevés ». Côté amour c’est le désert : pas le temps. Comme il faut bien que le corps exulte, elle cède aux avances d'un client. Mais l’homme tombe éperdument amoureux et s’incruste. Pour s’en débarrasser elle entreprend des travaux pour rendre sa maison impraticable. Pour couronner le tout, elle engage un jeune architecte colombien sans papiers, qu’elle vient de faire régulariser. Éperdu de reconnaissance et profitant de l’occasion pour faire son book, celui-ci va lui refaire sa maison en entier, à l'aide d'une équipe de « travailleurs au noir polyvalents ». Elle n’en demandait pas tant !"
40192,/gieCXEDWVb7DBfI3pXSmTzndisN.jpg,"Claude Mendelbaum est un informaticien trentenaire, célibataire, timide, hypocondriaque et transparent. Depuis Vicky, sa dernière histoire d'amour, il a du mal à remonter la pente. Son travail dans une grande tour de la Défense, peu propice aux rencontres amoureuses, lui prend tout son temps, alors forcément les chances de rencontrer ""LA"" femme sont infiniment réduites. Le hasard place Serge sur la route de Claude. Divorcé, père de deux fillettes, Serge est un homme élégant, au sourire immaculé, c'est l'archétype du parfait célibataire qui s'assume sur le fil de la cinquantaine clinquante. Même si les deux hommes sont diamétralement opposés tant dans leur caractère que dans leur démarche, un objectif commun va rapidement les réunir : la quête de l'âme sœur..."
22161,/4oW0GR3rtFmNQ4OWVh2o1Hvi9E2.jpg,"Avril est le nom d'une jeune fille élevée dans un couvent. Elle apprend, alors qu'elle est sur le point de prononcer ses vœux, qu'elle a un frère jumeau. Elle part à sa recherche."
61076,/5b8YKyhrj6RFdYefmJpaRCMkIwT.jpg,"Lorsque Alex Meyer, metteur en scène de comédie musicale, retrouve l'inspiration qu'il avait perdu depuis la rupture avec sa femme, c'est son producteur qui renonce à le suivre : dans ce métier trois ans d'absence c'est très long, trop long... Mais Alex, déterminé, et espérant même secrètement que ce spectacle pourrait lui permettre de reconquérir celle qu'il aime, va alors tenter l'impossible : le monter à "" l'arrache "" dans un entrepôt prêté par un ami, en donnant leur première chance à des jeunes talents et surtout avec la complicité de Matthieu, ce jeune compositeur surdoué qu'il vient de découvrir..."
33704,/4P5kl74MeFaSMDTuxL8DbrnOR0x.jpg,"Antoine, étudiant un peu tête en l'air, est réveillé par son propriétaire qui lui rappelle qu'il doit vider les lieux avant 13h. Il ne veut pas perdre sa caution et décide d'ameuter tous ses amis… Mais ceux-ci se révéleront particulièrement encombrants."
12249,/oacJEKUH4czthUvFdfWY2f5FdMy.jpg,"Deux voisins. Mal dans leur travail et dans leur vie. Face à face en rase campagne, quelque part dans le nord de la France. La cohabitation est difficile. Ils se dérangent et se détestent. Une violente dispute se termine à l'hôpital à cause d'une benne agricole qui s'est écrasée sur eux pendant leur bagarre. Ils sont paralysés des deux jambes et sortent de l'hôpital en chaises roulantes. Après réflexion, chacun renonce au suicide et ils se retrouvent par hasard sur le quai de la gare. Voisins malgré eux, encore. Commence alors pour eux un voyage improbable et atypique. Objectif : aller réclamer des indemnités au constructeur du matériel agricole qui se trouve en Finlande. Ces deux paralytiques vont vivre un véritable parcours initiatique : la découverte de son voisin."
256256,/ngmboU0urgviMjARTA1yjDRfebK.jpg,"Grâce à une vieille recette juive du XVe siècle, un garçon crée un être peu futé, mais très obéissant. Un ami du garçon l'enlève, lui fait commettre un vol et lui permet de fuir. Pour le retrouver, les ennemis d'hier devront travailler en équipe."
56008,/5TTchPYMWkMSj3678ACzgSyf43v.jpg,"Fanny a 30 ans, elle est célibataire et ça commence à lui peser ! Heureusement, elle a invité ce soir un collègue à dîner chez elle et elle compte bien en profiter. Elle veut une aventure d'un soir et il fera l'affaire. À l'heure prévue, tout est prêt. Le pauvre ne sait pas où il met les pieds, et il n'a aucune chance de lui échapper. Mais les choses vont prendre une tournure inattendue..."
1826,/6TsIJvLTlqVZPzpsx6asbz5jkfl.jpg,"Xavier a 30 ans. Il a réalisé son rêve d’enfance, il est devenu écrivain, mais il semble quand même un peu perdu. Il a quelques problèmes avec sa banquière. Il a également des réticences à se fixer avec une fille et enchaîne les aventures amoureuses avec inconséquence. Xavier est contraint de continuer son travail à Londres, puis à Saint‐Pétersbourg. Ces nouveaux voyages lui permettront peut‐être de réconcilier le travail, l’amour et l’écriture."
64758,/n6hQ1asjGJYZdpXgIYP4e2y2RpH.jpg,"Irène est en tournée avec Sale affaire, un one woman show, dans le nord de la France. Elle rencontre Dries, un porteur de géants... C'est le début d'une histoire d'amour ! Histoire d'amour, qui a d'étranges résonances avec le spectacle qu'Irène joue sur scène..."
1935,/kvB5SYoP4qXzajrOgGvMVRl1Dh4.jpg,"Louise, esthéticienne au Mans, vient passer 3 jours chez sa sœur Martine qui vit à Paris. Martine a apparemment tout ! Tout sauf l'essentiel. Et l'essentiel, justement, Louise l'a ! En l'espace de 3 jours, Louise et son bonheur évident exaspèrent Martine au plus haut point et font voler sa vie en éclats."
13746,/krZnF5f0KXJ639jMAgVNkTUntbC.jpg,"Juliette, Florence et Marie sont amies d'enfance.Marie est médecin dans un hôpital public. Elle est mariée depuis 8 ans à Pierre, un artiste peintre sincère, aimant et drôle, dont le défaut majeur est de ne pas ramener un rond à la maison. Marie s'emploie à être une femme parfaite, mais un jour, elle commence à se lasser de tout assumer.Florence est mariée à Julien, chef d'entreprise volontaire et cassant. Rédactrice effacée et craintive dans une agence de publicité, elle se voit confier la responsabilité d'un budget par son patron caractériel.Juliette est avocate. Elle arrive aussi peu à se faire payer par ses clients qu'à trouver un homme qui l'aime.Toutes trois volent quelques moments pour se retrouver et ponctuer leur quotidien de conversations sans retenue. Un constat s'impose : à 35 ans, les idéaux se sont estompés et la réalité prend le pas..."
49838,/h1v8ApDX25sS6vbSL8GoEmYExJY.jpg,"Jacques-Alain Marty, dit ""Jam"", est le patron de Vladis Entreprises, un grand groupe multipôle français. Tout lui réussit, mais depuis quelques semaines, Jam n'est plus dans son état normal. Il est sujet à des crises d'angoisse, liées à un traumatisme d'enfance dont il doit trouver l'antidote. André Morin est comptable dans une petite fabrique de jouets anciens. Il possède quelques actions du groupe Vladis dont il suit assidûment l'évolution du cours. Toujours présent dans les assemblées générales des grands groupes, Morin est l'icône connue et reconnue des petits porteurs. La route de Jam va croiser celle d'André Morin au cours de la grande messe de l'assemblée générale de Vladis. Jam réalise alors qu'en présence du petit comptable, il retrouve tous ses moyens et son charisme qui ont fait de lui l'un des maîtres du monde... Jam décide de ne plus lâcher ce Morin."
17350,/eak0GxOsRmvEbr53yf7jbM8SD8u.jpg,"Éternel ado de presque 30 ans, délaissé par un père affairiste et une mère absente, Brice s'est réfugié dans une posture, un « style » avec lesquels il exprime son vrai vécu intrinsèque : Brice est surfeur, winner... comme Bodhi, le héros de POINT BREAK, son film culte, Brice attend donc SA vague... à Nice ! Personne pourtant ne se risque à se moquer de Brice : redoutable bretteur du langage, Brice s'est fait une spécialité de « casser » tout et tout le monde par le truchement de ses reparties verbales. Il fallait bien qu'un jour Brice soit rattrapé par la réalité..."
12453,/hcWAaBdY87d98s1ulqS9AR4245m.jpg,"Entre le travail dans une usine de chocolat la journée et le sexe consommé à la chaîne le soir, la vie de Loïc est réglée comme du papier à musique. Mais un jour, il fera quelque chose d'exceptionnel, ""de nouveau"". Le jeune homme ne sait pas encore quoi, mais économise déjà sur la nourriture en se coupant l'appétit à coup de cachet contre le mal d'estomac.  Il y a Marie également, l'amie d'enfance, celle chez qui Loïc va dormir après avoir été rodé sur internet, puis dans les rues de la ville. Celle dont Loïc est peut-être amoureux.  Mais tout cela va changer, parce que Loïc va faire des rencontres : le type étrange du Mac Donald d'abord, mais surtout Rui, le footballeur star de l'équipe régionale. Le jeune homme va changer, parce que Marie le forcera à aller plus haut. Parce que Loïc n'est pas un garçon stupide..."
5070,/np3mI3KOUcyejEPVzWGSPsAoY2L.jpg,"Dans le Pigalle des boîtes de nuit, la Beauté professionnelle, c'est Daniela. Quand le client la voit, il a le souffle coupé. Le client vient de gagner gros au Loto. C'est François. Il demande à Daniela « Combien tu prends ?», lui propose immédiatement de devenir sa femme. Elle accepte. Mais on ne quitte pas comme ça Charly, le monde de la nuit..."
34186,/f79n2rX4vUJMh8QC83p018SQTci.jpg,"Bruno Davert est un cadre très supérieur dans une usine de papier. S'étant fait licencier avec quelques centaines de ses collègues pour cause de délocalisation, il est prêt à tout pour retrouver un poste à son niveau, même à tuer ses concurrents."
59565,/ifkKLivTgs3TdygZL1LqRn4g9BH.jpg,Deux amis mariés vont de nouveau rencontrer l'amour... L'un d'eux va voir sa vie bouleversée par l'accident grave d'un de ses fils.
32390,/2qMAOpqTH1RE6Jfp24tHPNuxDb6.jpg,"Une orthophoniste toute simple, mais mariée au fils cadet du roi, devient reine malgré elle à la mort du monarque, et ça rigole pas tous les jours sous les couronnes, ou alors si."
77731,/bY1s3VtYI0x4epHikE4Bg4mtMKN.jpg,Stress ? Manque d'oméga 3 ? Difficultés relationnelles ? Problèmes sexuels ou de transit ? Besoin d'un break ? Inscrivez vous au stage de Simon Arcos et expérimentez sa méthode unique.
39190,/rA1MpQuflaX25AJtOV8mrb4qBjG.jpg,"Au lieu de purger leur peine en prison, six délinquants de la banlieue parisienne se voient proposer une alternative par le juge d'application des peines. Ils doivent accomplir un mois de travaux d'intérêt général dans un petit village de la France profonde. Accompagnés d'Amar, leur éducateur, ils débarquent en pleine campagne, ce qui ne va pas sans inquiéter la population locale, à l'exception de madame le maire, qui voit dans cette initiative une occasion inespérée de faire parler d'elle et de ses administrés. Les six jeunes sont logés dans la grange d'une maison tenue par un ancien légionnaire et sa fille, dont ils tombent tous bien vite amoureux..."
349,/cddLDg4CTg0g7QItlSCEyEagzPY.jpg,"C'est l'été. Marc emmène sa famille au bord de la Méditerranée dans la maison où il passait ses vacances quand il était adolescent. Béatrix, son épouse, doit partager son temps entre sa famille et son amant exigeant, venu la rejoindre.Leur fille Laura, 19 ans, attend avec impatience l'arrivée de son petit copain motard qui l'emmènera vers d'autres rivages. Leur fils Charly reçoit Martin, son meilleur ami, dont Béatrix et Marc ne tardent pas à comprendre qu'il est homosexuel. Ils en tirent un peu rapidement des conclusions concernant les préférences sexuelles de leur fils..."
62723,/lLK0DBJmiZKFh9TVCYeFsEEQPrn.jpg,"En 1988, alors que tout le monde rêvait d'aller faire fortune en Amérique, Johnny Leclerc, lui, ne rêvait que de devenir petit épicier en Algérie. Voici l'histoire de sa réussite !"
59163,/bh4D7RI2tQSpbIivEFGvkzaEPEO.jpg,"Louis a un drôle de Papa : toujours souriant, blagueur, rieur. Pourtant, Louis n'a pas très envie de rire. Sur la route qui les ramène chez eux, le père et son fils vont se retrouver. Au bout de leur voyage, il y aura la lumière. La vie."
14200,/pPx8cu9ly9YN6dfPhmBkusHGclt.jpg,"Lucien, Henri et Gérard. Trois copains éparpillés à travers le monde.Après un casse foireux, Max, leur pote s'est fait pincer. C'était il y a 20 ans.Aujourd'hui, pour fêter la prescription, Max leur révèle enfin où il a planqué le magot. Mais avant de toucher leur part, ils devront décider si Rémy, son fils, est digne de toucher la sienne..."
5171,/sqYxgJgfxSSX6oHVgEHwTMZWAru.jpg,"Clara, Pierre et Claude apprennent la mort de leur mère. Or dans son testament celle-ci écrit que ses enfants n'hériteront que s'ils font ensemble, et sans jamais se séparer, le pèlerinage de Saint-Jacques-de-Compostelle. Seul « hic », Clara, Pierre et Claude se détestent autant qu'ils détestent la marche. Pourtant ils se mettent en route appâtés par l'héritage. Ils seront accompagnés par un groupe de pèlerins dans lequel ils rencontreront Guy, leur guide, Mathilde, une jeune femme sortant d'une chimiothérapie, Camille, une lycéenne qui vient d'avoir son bac et son amie Elsa, Saïd un lycéen musulman, amoureux de Camille, ainsi que son cousin Ramzi, auquel il a fait croire qu'ils se rendaient à La Mecque."
43622,/xZJi7ZU1wEaYOqXZF8H1c1LkJFj.jpg,"L'histoire d'un couple : Franck et Tina. Il l'aime, mais elle ne peut pas l'aimer : l'homme de sa vie vient de mourir, elle est en pleine dépression. Lors d'un voyage en Asie où Tina tente de reprendre goût à la vie, Franck s'impose en douceur comme un guide, un compagnon de voyage, bientôt comme un ami... Tina finira-t-elle par aimer Franck ?"
77154,/fvD8ZemQT8oSz56p9XMx4MSjdTl.jpg,"Bois d'Enghien aime Lucette, la diva, sa maîtresse, mais il doit rompre, car il va signer, l'après-midi même, son contrat de mariage avec Viviane Duverger, jolie jeune fille et jolie dot. Madame Duverger, la mère de Viviane, veut Bois d'Enghien comme gendre. Ou le veut-elle, tout court ? Le (nouveau) riche Irrigua veut s'offrir Lucette comme maîtresse. Tout l'entourage de Lucette, y compris Bois d'Enghien, est d'accord, puisque Irrigua est riche. Mais il est aussi très jaloux..."
40187,/vrLpewqjM2txYujfMxCT194UGVa.jpg,"Claire et Bruno forment depuis douze ans un couple établi, une ""institution"". Au cours d'une journée à la campagne réunissant tous leurs proches, ils vont, par jeu, prétendre qu'ils se séparent.A leur grande surprise, ils s'aperçoivent que personne ne croit plus en leur couple. La famille, les amis se chargent de trouver de bonnes raisons à cette ""rupture"". Claire va prendre conscience de son insatisfaction et Bruno de la nécessité d'être plus vigilant à l'avenir. Mais n'est-il pas déjà trop tard ?"
40004,/j9eQRLNWKpW5GM4nUHSuWvFkeud.jpg,"Paris, juillet 1830. Valentin se perd dans l'alcool, le jeu, les femmes. Il ne croit pas en la vie et surtout pas en l'amour. Son oncle Van Buck ne croit qu'aux vertus de l'argent et du commerce. Irrité par les extravagances de son neveu, Van Buck veut lui faire épouser Cécile, la jeune fille de la baronne de Mantes…"
49715,/h91VE6IuRcww4amHkFCYqQRAbn7.jpg,"Arthur était pourtant sûr qu'avec Lola, ils ne tomberaient jamais dans les clichés du couple ! Mais voilà, aujourd'hui, Lola, 30 ans, élevée au prince charmant, veut une preuve d'amour et une vraie : le mariage ! Elle lui vend un mariage idyllique et Arthur, par amour, finit par se laisser convaincre. Mais attention :uniquement à ses conditions !Entre les rêves de petites filles de Lola, les envies anticonformistes d'Arthur, le mariage en grande pompe qu'imagine la famille, et la réalité qui les rattrape, l'organisation du plus beau jour de leur vie va s'avérer plus compliquée que prévue. Pourvu qu'ils ne fassent pas comme tout le monde... mais en pire !"
78688,/9qsLl9mUAcjf722uysvuJEuuCcb.jpg,"Fontaine Leglou travaille de nuit à Paris en tant qu'anesthésiste. Mais la précision que requiert sa profession n'a d'égale que la confusion qui règne dans sa vie intime. Fontaine est maladroite en tout. Comme une petite voiture se cognant aux murs, Fontaine cherche son chemin."
13728,/6PgKhKkyXYh9WR36O2jYu7jFHkR.jpg,"Sans domicile fixe, Roland trouve par hasard un uniforme de policier. Affamé, il l'enfile pour aller manger à la cantine d'un commissariat de police, où il croise une jeune femme sublime et désespérée, dont la belle-famille refuse de lui rendre son enfant à cause de son passé. Ce combat devient la raison d'exister de notre héros, qui décide de rendre la justice lui-même grâce à son nouvel uniforme. Mais sa maladresse naturelle et sa détermination l'entraînent dans un terrible quiproquo lorsqu'il confond le nom des beaux-parents et celui d'un homme d'affaires médiatique…"
10051,/jJTKsFyyJjG7ZPM7g0DOXPV8jAi.jpg,"Une actrice populaire mais rêvant de cinéma intimiste, un pianiste surdoué qui rêve de jouer devant un public ignorant et naïf, un collectionneur qui vend en un soir toute l'œuvre de sa vie, une jeune provinciale qui tente sa chance à Paris car sa grand-mère lui a dit : « Je n'avais pas les moyens de vivre dans le luxe, alors j'ai décidé d'y travailler. »  Tous ces personnages et leurs compagnons vont se croiser et se retrouver le temps d'une soirée au Café des Théâtres, où ils viendront soigner leur névrose devant un café ou un « tartare frites »."
13748,/2lJFxH732BjLTQzuqMdASoX7IDz.jpg,"Face à l'incompréhension de la population française quant au montant des crédits alloués à la recherche spatiale, le gouvernement lance une vaste opération de communication. En partenariat avec le Centre spatial français, un grand jeu est organisé.""Le ticket pour l'espace"", un jeu à gratter, va permettre à deux civils de séjourner dans la station orbitale européenne, en compagnie d'un équipage professionnel. L'opération est un immense succès. Tout se passe bien, jusqu'à ce que l'un des deux gagnants prenne la station en otage..."
31329,/nXLvN2bESWpNZja5kFsZJ1wfDzJ.jpg,Pourquoi Madame Rose Evangelista a-t-elle prématurément quitté la maison de retraite où Bélisaire et Prudence Beresford sont venus voir leur tante Ada ? Et pourquoi cette vieille dame un peu toquée faisait-elle allusion à un enfant emmuré dans une cheminée ?
13739,/7LMcFXMGSNpsgM6ikntBvNhE2o2.jpg,"Quatre étoiles est une histoire d'argent, donc de sentiments. C'est l'histoire d'une fille qui hérite de 50 000 euros dont elle ne sait pas trop quoi faire. C'est encombrant, l'argent. Ça vous attache, comme les sentiments. Elle décide alors de les dépenser en filant sur la Côte d'Azur. C'est au Carlton qu'elle tombe sur Stéphane. Lui, c'est l'argent des autres qui l'intéresse. Stéphane va en vouloir à l'argent de Franssou. La demoiselle ne va pas se laisser faire. Ils vont faire cause commune, tenter d'escroquer un troisième larron, ex-pilote de course. Une histoire qui mélange vice et vertu, argent et sentiments."
10268,/8tn9qK9ulhBaI0SBQFaj0a2deBY.jpg,"Aymé Pigrenet, agriculteur, la cinquantaine, vient de perdre sa femme dans un accident à la ferme. Ce n'est pas le chagrin qui le submerge mais le travail, dont il ne parvient plus à assumer la charge seul. Il sait que pour s'en sortir, il doit impérativement trouver une autre femme. Mais dans son village, la chose n'est pas facile. Il décide alors de faire appel à une agence matrimoniale. Comprenant que sa recherche n'est pas affective mais utilitaire, Mme Marais, la directrice de l'agence, l'envoie en Roumanie, où de nombreuses filles sont prêtes à tout pour quitter la misère dans laquelle elles vivent. Aymé ne le sait pas, mais sa rencontre avec Elena va peut-être bouleverser sa vie…"
13742,/rYdoMFMBbG7tzurtHrYNc1zcqQz.jpg,"La veille de Noël, Bart, Ladj, Thai, Yasmine et Eve quittent une soirée qui a mal tournée. Eve, très allumeuse, les invite chez elle. Mais lorsque la jeunesse des villes se retrouve dans les griffes de Joseph, l’étrange gardien de sa maison de campagne, la rencontre bascule dans le conte sanglant…"
8736,/kqI4z9Hzw2GqwzLpYYGO29xqb7K.jpg,"JC et Stef sont des amis d'enfance inséparables. JC est « le » dikkenek belge, un donneur de leçon à cinq balles, un moralisateur, un tombeur de minettes, bref une grande gueule intégrale, coiffé comme un peigne. Stef est tout le contraire. Il cherche le grand amour, mais vu qu'il ne bouge pas de son lit, il va avoir du mal à trouver. JC lui explique donc la méthode : faire un sans-faute du point A jusqu'au point G. Entre ces deux points, JC et Stef vont croiser : Claudy, le directeur des abattoirs d'Anderlecht et photographe amateur (de chair fraîche), Greg, un bébé-manager vissé à son portable, Natacha, une nymphette désœuvrée, Fabienne, une pauvre petite fille de riches, Nadine, une institutrice qui préfère la schnouf aux tables de multiplication, ainsi que Laurence, une commissaire de police fâchée avec les conjugaisons, qui ponctue ses phrases à coups de gros calibre."
49887,/9iv7byM1iZHjQ0HXtn17snH1kYb.jpg,"Michel et Gérard sont deux ouvriers dans une usine qui ferme. Leurs recherches d'emplois s'avérant infructueuses, ils décident de passer le baccalauréat pour décrocher un travail. Cela ne va pas sans difficulté…"
44886,/t4tns4MOuad4EPSk5d2Ks9sWqbi.jpg,"Rédactrice de romans-photos pour la revue Toi et Moi, Ariane a tendance à y transposer sa vie amoureuse et celle de sa sœur Lena, en les embellissant. Pourtant, leur vie n'est pas un roman : Ariane s'accroche à Farid qui n'a que faire d'elle tandis que Lena s'ennuie auprès de François, son compagnon. Et si Ariane s'abandonnait à l'amour de Pablo, le bel ouvrier espagnol qui travaille dans son immeuble ? Et si Lena laissait battre son cœur pour Mark, le violoniste prodige qu'elle vient de rencontrer ? Entre la réalité et le roman-photo, les deux sœurs vont-elles enfin trouver le grand amour ?"
36727,/999uK3aTMKhdc7gA3L9xdIlObs5.jpg,Un mari radin décide d’être enfin généreux avec sa femme en lui offrant une maison de campagne. Mais il ne peut pas s’empêcher de faire des économies et choisit donc de faire confiance à un agent immobilier douteux et à des ouvriers foireux qui vont transformer sa surprise en cauchemar…
14408,/l4tjX8rNknQTMmTGxnhjReUxsiZ.jpg,"Gilles Gabriel, chanteur des 80's en plein come-back, est tué dans un accident de voiture causé par Jean-Christian Ranu, comptable à la COGIP. Mais Gilles Gabriel n'est pas totalement mort : son esprit bien vivant a atterri dans le corps de Ranu, qui ne comprend pas qui est cette personne qui parle dans sa tête. Gilles, lui, n'a aucun contrôle des mouvements de son hôte. Gilles et Ranu vont vite se rendre à l'évidence : ils n'ont rien en commun, sauf ce corps qu'ils vont devoir partager. C'était déjà compliqué chacun de son côté... alors maintenant, à deux dans la même personne..."
2395,/qCy6c8UVEoUeA0cEn6Dkufd3mI9.jpg,"Astérix et Obélix, dans de nouvelles aventures où ils devront remporter les Jeux olympiques, permettre au jeune Gaulois, Alafolix, d’épouser la Princesse Irina et lutter contre le terrible Brutus, prêt à tous les stratagèmes, pour lui aussi gagner les Jeux olympiques et se débarrasser de son père : Jules César."
15152,/vxcqpokAB2bn2PzG3g4kFsL5h7V.jpg,"Égypte, 1955, le Caire est un véritable nid d’espions. Tout le monde se méfie de tout le monde, tout le monde complote contre tout le monde : Anglais, Français, Soviétiques, la famille du Roi déchu Farouk qui veut retrouver son trône, les Aigles de Khéops, secte religieuse qui veut prendre le pouvoir. Le Président de la République Française, Monsieur René Coty, envoie son arme maîtresse mettre de l’ordre dans cette pétaudière au bord du chaos : Hubert Bonisseur de la Bath, dit OSS 117."
13044,/3BVEKW1ye0XJONS3hb4bbgTA2XP.jpg,"La vie est bien ingrate pour François Berthier : un chien hurle toute la nuit et l'empêche de dormir, la machine à café lui explose au visage, il pleut, le chef de bureau à la banque l'humilie et le menace de renvoi. Et puis, du jour au lendemain, tout ce qui était violent ou pénible pour François se transforme comme par miracle. Que se passe-t-il ? Pourquoi le monde devient-il si brusquement doux et enchanteur ? C'est l'énigme que va essayer de résoudre François. Mais il ne suffit pas que les choses se passent bien, encore faut-il les accepter..."
21773,/ibW8RznVKi3eVFBtBlw940dTwVx.jpg,"Paul n'a pas de but précis dans la vie, et Mathilde, qui subvient aux besoins de leur ménage, désespère qu'il s'en trouve un. Si ça continue comme ça, elle risque de le planter là. Alors Paul se dit qu'il va inventer un truc, ça lui fera un but, et il se met en tête de trouver une idée qui lui apportera gloire, argent et beauté sans trop se fatiguer et qui redonnera à Mathilde le goût de l'aimer. Et c'est ainsi qu'il invente la ""poignette"", idée simple mais géniale..."
18607,/5FYt6wuObn6eK9CZWnMq4m2fkEJ.jpg,"Isa, Alice, Léa et Nina, liées par leurs familles séfarades autant que par leur amitié, partagent leurs vies entre les histoires de coeur, un institut de beauté sous contrôle fiscal, des enfants à élever, une nounou marocaine sans papier à pacser, des régimes à répétition, des fêtes familiales et religieuses à honorer, mais avant d'être belles, leur plus gros challenge reste d'être elles-mêmes."
11227,/n9YW4zuXI0YOsIzNBKOZqTXrrfZ.jpg,Un jeune homme qui ne s'aime pas va apprendre à s'aimer au contact d'une jeune femme qu'il rencontre à Paris...
55424,/fudWCmjB3aeafAFYeKV0MAZTMu9.jpg,"Yves-Marie et Jacqueline ont 9 ans. Un soir, en regardant les étoiles, il lui demande de l'épouser plus tard. Elle lui répond qu'elle ne sera sa femme que le jour où il ira dans l'espace. Vingt-cinq ans plus tard, Yves-Marie, devenu cosmonaute, sonne à la porte de Jacqueline, bien décidé à lui faire tenir sa promesse. Mais la jeune femme est sur le point d'épouser un autre homme. Yves-Marie ne désespère pas et lui propose de faire un essai de vie commune pendant 24 heures et de prendre ensuite sa décision. Le futur mari de Jacqueline, impatient de s'offrir un week-end à la chasse au canard, accepte. La jeune femme est donc obligée d'accueillir Yves-Marie…"
254205,/zeWUmVNLNspcX07ShKxfHRDXLoj.jpg,
58309,/jovgrhUy2baPX1k7lJboCbfnKwN.jpg,"Jahwad a trente ans, Bac moins huit et quatre redoublements à son actif. Il est recherché par la police et sa famille ne le supporte plus. Un jour, une occasion inespérée lui est offerte, celle de retourner au collège. Après tout, c'est bien le collège : il y a de l'ambiance, on y apprend des tas de mots, les filles sont jolies, les camarades sont sympathiques et les policiers absents. Tout irait pour le mieux s'il n'était ce léger détail : Jahwad a pris la place du prof..."
13713,/2ItX0Pueg1a4tWAJx0jigYkYkHa.jpg,"Fabrice, cadre moyen, est un fan absolu de Johnny Hallyday, peut-être même le plus grand… Mais un jour, il se réveille dans une réalité différente, un monde parallèle où Johnny n'existe pas. Perdu, orphelin, il se met alors à la recherche de Jean-Philippe Smet, pour trouver ce qu'il est devenu dans cette autre dimension, et lorsqu'il le retrouve enfin, c'est pour découvrir un patron de bowling, un type comme les autres qui n'est jamais devenu une star. Fabrice n'a plus qu'un seul but : ressusciter son idole, réveiller le « Johnny » qui sommeille en Jean-Philippe. Mais Jean-Philippe peut-il devenir en quelques mois ce que Johnny Hallyday a mis des années à construire ? Les deux compères ont 40 ans de « Johnny » à rattraper !  À travers l'aventure de ce pari impossible, une amitié extraordinaire va naître entre les deux hommes…"
61077,/www3gbNorP4wnqSEHjsQJEr5I20.jpg,Un sourd-muet et deux drogués à la kétamine ratent l'enlèvement du chien d'une milliardaire plantureuse. Elle en profite pour les forcer à réaliser ses dernières volontés.
19100,/507mUw7mtYpmjwJncOggw9gBZcG.jpg,"Vincent Rousseau dirige pour la première fois une colonie de vacances et se retrouve plongé pendant trois semaines dans l'univers des colos avec petites histoires et gros soucis à la clef ! Vincent se retrouve alors confronté à la vie mouvementée du camp, de ses animateurs plus ou moins professionnels et des ados pas toujours évidents à gérer…"
19955,/gIGigsvqqdNjcBcjDoatjO1ychU.jpg,"La vie est facile pour Luis, 43 ans, célibataire heureux, épanoui dans son métier, aimé, choyé, couvé par sa mère et ses cinq sœurs. Cela aurait pu durer toute une vie, mais voilà… Lassées de le materner, celles-ci décident qu'il est temps pour lui de se marier. Le plus vite possible ! Cerné par sa famille qui ne pense plus qu'à ça, il élabore un plan : trouver la femme parfaite qui va se faire passer pour sa fiancée et qui va lâchement l'abandonner le jour du mariage. Après ça, plus personne n'osera même prononcer le mot mariage devant lui. Mais comment trouver cette perle rare ? Luis ne voit qu'une solution : la louer ! Et justement, Emma, la sœur de son meilleur ami et collègue, vient d'arriver à Paris et cherche du travail. Ça y est, le plan est en route. Au bout, la liberté pour Luis. Les plans, c'est bien sur le papier. Mais dans la vie, ça peut s'emballer…"
6691,/57WjWlcDYjCNQO2If8JLHdO9m4T.jpg,"Jean, serveur timide d'un grand hôtel, passe pour un milliardaire aux yeux d'Irène, une aventurière intéressée. Quand elle découvre qui il est réellement, elle le fuit aussitôt. Mais Jean, amoureux, se lance à sa poursuite et la retrouve sur la Côte d'Azur. Rapidement ruiné, il finit par adopter le mode de vie de celle qu'il aime et s'installe comme homme de compagnie dans un magnifique palace. Ce nouveau statut le rapproche d'Irène qui accepte enfin sa présence. Elle lui donne alors des conseils et sans s'en rendre compte, s'attache de plus en plus à lui…"
19619,/rp7uPClQantbuSmVXSiSp1ltV2a.jpg,"Alexandra, trente ans, s'apprête à passer les vacances d'été en famille. Au moment de prendre la route, elle apprend que sa mère a aussi invité son ex, accompagné d'une ""fiancée"" jeune et ravissante. Dans un café, elle croise un acteur au chômage et l'engage sur le champ pour tenir le rôle de son fiancé. Comme ça, elle pourra affronter son ex, en toute sérénité. Mais la famille, c'est comme la mer : agitée..."
4171,/dwpuTxb9JkBhPBqZs13iTpTjOAw.jpg,"Odette Toulemonde n'a objectivement rien pour être heureuse mais l'est. Balthazar Balsan a tout pour être heureux mais ne l'est pas. Odette, la quarantaine maladroite, entre un fils coiffeur savoureux, une fille engluée dans sa puberté, travaille le jour au rayon cosmétiques d'un grand magasin et coud le soir des plumes sur des costumes de revues parisiennes. Elle rêve de remercier Balthazar Balsan, son auteur préféré, à qui – pense-t-elle - elle doit son optimisme. L'écrivain parisien, riche et séducteur, va débarquer dans sa vie de façon inattendue. Récit de la rencontre comique et fantasque de deux naufragés atypiques que tout sépare…"
30132,/iUy6skp3yVoDcgqf5FbfadIagZB.jpg,"Daniel Piron a le blues. Son couple est monotone, ses idéaux se sont envolés, même son travail de journaliste est une farce. La seule idée qui le galvanise encore est de retrouver et de filmer Tony Sacchi, héros révolutionnaire de sa jeunesse.A travers cette aventure, Daniel voudrait réhabiliter le jeune homme ardent et engagé qu'il était. Mais, hélas pour lui, Sacchi est devenu un gigolo cynique. Au bout d'une épopée tragi-comique, Daniel Piron finira-t-il par comprendre qu'il faut assumer ses désillusions pour se retrouver ?"
76272,/34g7fxDSWHnerIccwUjU7EYsUzw.jpg,"Alex, comptable, et Béatrice, chauffeur de taxi, forment un couple sans histoires. Mais un soir, Alex se mêle au travail de la police lors d'un contrôle d'identité. Un engrenage implacable et absurde se met alors en marche : il se retrouve au poste, au chômage, et en clinique psychiatrique. Sauf que les fous, ici, ne sont pas ceux qu'on croit..."
2065,/jYyuV50tnSvXNkEAaSvyezI84lx.jpg,"Lucas, un riche industriel de 43 ans, célibataire, sort tout juste d'un terrible chagrin d'amour. Il rencontre alors Elsa, une jolie céramiste réputée de 38 ans à qui il a commandé une fresque pour décorer le hall de son entreprise. Irrésistiblement attiré par la jeune femme, Lucas va tenter de la conquérir.Mais s'il est très habile en affaires, il n'est pas du tout sûr de lui en amour. Il va donc charger le détective privé de sa société, Roland Christin, de découvrir pour quelles raisons étranges cette jolie femme est encore célibataire, en mettant les méthodes d'investigation les plus modernes au service d'un sentiment ancestral : l'amour."
59954,/sKQhdfWf78Ov9cG1blQC8xQr5fB.jpg,"Francesca et Martin vivent, entre réalité et fiction, dans une joyeuse bohême. Et surtout au-dessus de leurs moyens. Ils occupent en effet un immense appartement à petit loyer qu'ils doivent aux bontés de la vieille loi de 1948. Ce grand appartement est le phalanstère de l'amitié. Leur ami, metteur en scène, le transforme en studio de cinéma. Tous leurs parents excentriques ou malmenés par le sort y trouvent refuge. La vie y est un vaudeville et une fête permanente, pimentée par les mésaventures érotiques de Martin, séducteur malgré lui, et par les liaisons d'Adrien, fasciné par les fromagères et les vendeuses de légumes. Ce grand appartement est le dernier paradis sur terre, plein de musique, de danses et de passion. Francesca doit le défendre contre la rapacité de la propriétaire qui veut récupérer l'appartement pour le vendre..."
27614,/4POmYYaHJSHUWGmDG3QPUv2crbP.jpg,"Beaux, jeunes et amoureux… Marc et Emma sont les nouveaux propriétaires d'une maison inhabitée depuis trente ans. Ils ignorent que la cave de la maison a abrité, il y a bien longtemps, une boîte de nuit gay. Le 29 avril 1979 à 2 heures du matin, suite à un incident électrique avec la machine à mousse, en pleine fête disco, la boîte a été dévastée. Parmi les danseurs, cinq corps n'ont jamais été retrouvés. Aujourd'hui, la maison est hantée par cinq fantômes fêtards, taquins et gays. Marc les voit. Emma ne les voit pas. Les ""visions"" de Marc vont précipiter le départ d'Emma. Marc se retrouve seul avec ses interrogations. Touchés par cet homme à la dérive, les fantômes vont l'aider à reconquérir Emma."
63717,/lPUaRMkrvxGrrmP6KHiE7rPyoQ4.jpg,"Vincent est ministre, homme puissant, pas trop laid, plutôt élégant, buveur, mangeur, bon vivant. Odile, sa maîtresse, une très belle fille, est intelligente, lucide, charmante. Ne liez pas votre destin à de trop belles filles mes amis : ça peut vous coûter cher. Dès que Vincent est chassé de son poste, elle le plaque. Théodière, le nouveau ministre, investit le somptueux bureau de Vincent. Il casse tout : il change les étagères, le tissu d'ameublement, le bureau, les fauteuils, jusqu'aux cendriers et aux téléphones. Pour longtemps, qui sait ? Il est optimiste. Par contre, l'ex-ministre Vincent commence à vivre… Et si, à la fin de notre histoire, Vincent croise Théodière, son rival et successeur en disgrâce à son tour, ce sera sans haine, ni joie perverse : « Tu as l'air fatigué… tiens, bois un coup ! »."
79956,/aKuGXFAbMQh69cBqAEaJITKVZ4T.jpg,"Vince se réveille dans une voiture au milieu du tournage d'un film. Le script du film en cours de tournage se mêlant plus ou moins au script de Nonfilm, il s'en retrouve naturellement acteur tout en n'y comprenant pas grand chose."
43617,/3JmXXkpiPXjCst15oV9uv31wfBQ.jpg,"Francis menait une confortable vie de cadre supérieur, jusqu'à ce que la chief manager de sa maison mère américaine décide d'éjecter tout le monde. Pour ce quarantenaire, c'est un tel choc qu'il n'ose même pas l'avouer à sa jeune femme, Inès. Désemparé et seul, Francis échoue chez une voyante qui, à défaut de lui apporter des réponses, va lui donner une idée... Après avoir tenté en vain de se retrouver une situation, poussé par l'obligation de maintenir le train de vie familial, Francis se décide à devenir voyante. Bien que Ludovic, son ami d'enfance, tente de l'en dissuader, il se documente et invente le personnage de Madame Irma. Chaque jour, dans sa caravane, déguisé des pieds à la tête, il écoute et conseille toutes sortes de gens. Les affaires marchent bien mais au-delà de cela, Francis redécouvre ce qu'il avait perdu depuis longtemps : le goût de vivre et des autres."
64383,/msGbYpNKJ948X1edtE7ndL27xSS.jpg,"Clara est juive, Ismaël est arabe. Ils forment un couple heureux et épanoui. Lorsque Clara tombe enceinte, c'est le plus beau jour de leur vie. Tout va bien..."
51851,/our6U7TsUTXbVWdSNHfupV6Lzlg.jpg,"Fraîchement installé à Paris, David, un musicien, timide et maladroit, tombe fou amoureux de sa jeune élève, Julia. Il tente tout pour la séduire.Sa colocataire, Anne, l'encourage, le conseille, et le console... passionnément !"
5881,/lK2iBFjEN1CDvgj9NoD0V2KJ4yO.jpg,"""Quelle bonne idée, ces retrouvailles""... se réjouissent d'avance les organisateurs des BATAR, à Londres, sans se douter une seconde qu'ils ne vont pas du tout avoir droit au grand moment d'émotion et de mondanité qu'ils avaient prévu.Car ces fameuses retrouvailles sont celles d'Alice d'Abanville, célébrissime actrice du théâtre londonien, et de Louis Ruinard, réalisateur français, qui connut son heure de gloire dans les années 70, avec cinq films cultes dont Alice fut l'inoubliable héroïne.Alice, Louis... Deux personnalités hors du commun. LE couple choc et glamour des années 70. Le Créateur et son Egérie.Sauf que le fameux couple mythique ne s'est pas revu depuis trente ans. Pire, même : ils ont tout fait pour ne pas se revoir, après une séparation aussi brutale qu'incompréhensible. C'est dire si ces retrouvailles arrangées et officielles, ne sont pas du tout de leur goût."
4516,/i4AWBOA737OrkAMHS0s6kFFyauz.jpg,Un marchand d'art fait un pari : il a dix jours pour trouver un meilleur ami. Il se lance alors dans un casting fou pour finalement jeter son dévolu sur un chauffeur de taxi volubile et chaleureux. Il va le séduire pour gagner son pari. Mais peut-on tricher avec l'amitié ?
42802,/liNUP5DCJz2g7YwzsrPAZtQ5GAj.jpg,"Cinquante ans, trois de chômage, des indemnités en chute libre... Gérard est au bout du rouleau, quand s'offre à lui un poste en Indonésie. Pour se concilier les faveurs de son nouvel employeur, Gérard l'invite à dîner à la maison. Erreur fatale ! Affolée à l'idée de ne pas être à la hauteur, sa femme Colette supplie Alexandre, leur voisin de leur venir en aide. Gourou de la communication, Alexandre relève le défi et relooke le couple en vingt-quatre heures. Appartement, décoration, style de vie, menu du dîner, tenues vestimentaires, culture générale... Tout y passe !!! Rebondissements, coups de théâtre, bévue et imprévus... Tout s'en mêle jusqu'à ce que, les nerfs à vif, au comble de l'angoisse, notre couple ouvre enfin sa porte à l'invité."
34655,/bSXxySTlVabt5PA7ete6P4dwMuD.jpg,"New York, 1855. Les Dalton sont convoqués au tribunal pour un énième procès. Mais les quatre affreux s’évadent et pillent en règle toutes les banques de la ville. Au terme d’une folle poursuite dans la « grande pomme », Joe Dalton a juste le temps de planquer le magot dans le chariot d’une caravane d’immigrants avant d’être arrêté par Lucky Luke. Les membres de la caravane, des pionniers victimes d’un arnaqueur sans scrupules, n’ont que 80 jours pour rejoindre la Californie et récupérer leurs terres. Une véritable course contre la montre s’engage… Notre cow‐boy solitaire accepte d’aider les courageux immigrants à braver les pièges de l’Ouest sauvage, tout en reconduisant au pénitencier les Dalton, qui eux, ne pensent qu’à récupérer leur pognon !"
21494,/aniCegBSRivp6SOx6kktYbme7IE.jpg,"En 1644, Molière n'a encore que 22 ans. Criblé de dettes, poursuivi par les huissiers, il s'entête à monter sur scène des tragédies dans lesquelles il est indéniablement mauvais, puis un jour, après avoir été emprisonné par des créanciers impatients, il disparaît… Deux années capitales faites de rencontres, d'apprentissages, d'aventures, qui forgeront le destin… du grand Molière."
2335,/w24fH10gcaX1pf2VkViBzNgHVt5.jpg,"Après cinq ans d'absence, nous retrouvons Daniel et Émilien pour de nouvelles aventures sur la Canebière. Les autorités donnent à transférer, au commissariat de Marseille, un braqueur de banque belge recherché par Interpol."
14791,/fQwYEMqoNf1IfeE5NRJ5WGn4Izr.jpg,"Dans un monde parallèle, au village de Bégamini, une tribu opprimée fait des incantations au ciel afin qu'un sauveur vienne les libérer du joug de Zotan, le tyran cannibale. A Paris, dans le monde normal... Rémy Bassano est un petit restaurateur d'œuvres d'art timide, discret et sans histoires. Il est marié à Lucile avec qui il a deux enfants. Un jour, Rémy retrouve son atelier inondé, il perd alors son travail et sa femme Lucile lui annonce brutalement qu'elle le quitte pour un autre. Il court chercher du réconfort chez ses parents et alors qu'il est en train de servir le café à ses nombreux frères et sœurs, il est aspiré dans le sol, traverse le temps et se retrouve à Bégamini. Là, dans leur étrange village, les Bégaminiens l'accueillent comme le libérateur qu'ils espèrent depuis toujours. A partir de ce moment là, Rémy se trouve embarqué dans une aventure haletante..."
64838,/hvarq69Cw4BxXvL7WeGYNcbWQ7P.jpg,"Un matin, Diane découvre que l'homme qu'elle aime, Hermann, l'éditeur bien connu, va publier un livre de Worms, l'écrivain bien connu dont elle a autrefois partagé la vie, - et que ce livre parle d'elle... Un autre matin, Hermann rencontre son ancienne amie Anne, qu'il a jadis quittée pour Diane... Worms, qui se trouve là, surprend et photographie sur son portable la rencontre... dont il envoie l'image à Diane... Crise... La même nuit, Anne débarque chez Hermann, tandis que Diane rend visite à Antoine, l'ancien médecin de Anne devenu le mari de celle-ci... Le vaudeville va se muer alors en drame, puis en tragédie..."
13045,/AbFKuolhEAVcLOgx4iPXlpf4aZn.jpg,"Jean Pierre Ménard las de voir sa femme lui refuser le « devoir conjugal », décide, sous les conseils avisés de son chauffeur, de lui couper les vivres en instaurant une nouvelle règle entre eux : « Pas de cul, pas de fric ! »…"
4519,/sdS90gtGxnDqlLXe7e0wH4OUBLg.jpg,"Ayant acquis une honnête réputation de peintre parisien, un quinquagénaire fait retour aux sources et revient dans le centre de la France profonde prendre possession de la maison de sa jeunesse. Autour de la bâtisse s'étend un assez grand terrain qu'il n'aura ni le goût, ni le talent d'entretenir. Aussi fait-il appel à candidature, par voie d'annonce locale. Le premier candidat (qui sera le bon) est un ancien complice de la communale, perdu de vue et ainsi miraculeusement retrouvé. Il sera le jardinier. Le côtoyant au long des jours, le peintre découvre par touches impressionnistes un homme qui d'abord l'intrigue puis l'émerveille par la franchise et la simplicité de son regard sur le monde..."
14659,/4PocZzP1SjU5OcqOp9QUzii0Mhb.jpg,"Mathias et Antoine, pères divorcés ayant la garde de leur enfant, décident de faire toit commun dans le quartier français de Londres. La vie s'organise, désordonnée, joyeuse, avec les enfants, mais aussi Sophie, la jolie fleuriste secrètement amoureuse d'Antoine, Yvonne, la patronne fantasque du ""bistrot français"" qui couve son petit monde d'un regard maternel, et Mac Enzie, le chef d'agence d'Antoine, obstinément amoureux d'Yvonne en dépit de leur grande différence d'age... Entre Antoine, qui a appris à verrouiller ses émotions pour ne plus avoir à souffrir de personne, et Mathias, qui se laisse très vite submerger par les siennes, le quotidien n'est pas une sinécure. Et quand Mathias rencontre Audrey, une ravissante journaliste de passage à Londres, ce bel arrangement de pères célibataires vole en éclats. Ce ne sont plus deux amis qui cohabitent, c'est un couple qui se déchire. Qui triche. Qui se réconcilie. Mais Audrey n'est pas une femme à qui l'on ment."
8281,/4SAADo3TZ7quY7GSrmoYdEIxeBN.jpg,"1 film, 4 histoires: un braqueur sans arme qui braque une femme armée, deux kidnappeurs amateurs qui enlèvent une adolescente suicidaire, deux chanteurs qui se disputent un tube, cinq septuagénaires qui se retrouvent pour un dernier braquage..."
63991,/z32GPaN3jbofQcyw8kOe2U2TZnv.jpg,"Un mois de vacances entre amis : difficile de supporter les gosses de ses ami(e)s, surtout quand les méthodes d'éducation diffèrent, que les gamins vont cristalliser les différences de caractères et de styles de vie des adultes, et que certains s'avèrent in-sup-por-tables !"
24278,/rdJmX20TDJMT2pKletXlJOqoo4B.jpg,"Qu'est-ce qu'un ami ? Est-ce que j'en ai un ? Est-ce que j'en suis un (ou une) ?C'est quoi cette relation étrange qu'on appelle l'amitié ?Cette histoire d'amour où l'on ne couche jamais ensemble.Comment je peux faire du bien à mes amis ?Est-ce que j'ai le droit d'intervenir dans leur vie sous couvert de l'amitié ?Et jusqu'à quel point et pourquoi ?Et au fond, quel est ce sentiment étrange qui m'habite quand un ami a besoin de moi ? Un bonheur ou un besoin ?"
15833,/xflDHg0oikGyITEch3lCfvjEwkJ.jpg,"Dans la famille Bellinsky : il y a Salomon le père, 80 ans, débordant de vie. Il se bat pour ne pas être enterré trop vite, entre des cours de claquettes sous le haut patronage de Fred Astaire et la recherche d'une compagne... La mère, Geneviève, ne rêve que d'une chose : poursuivre tranquillement son infantilisation auprès de son aide ménager, protecteur et ange gardien, Mr Mootoousamy. (Et) Sarah, la fille qui vit avec François, a bien du mal à trouver sa place entre son père qu'elle idolâtre mais qui l'agace, et sa mère qu'elle ne comprend plus. Elle apprend qu'elle est enceinte et doit prendre la responsabilité de construire une famille..."
15200,/hwHdKs9cOfW8R9zMnuwmBjn2Zqf.jpg,"Trois familles d'aujourd'hui, très différentes, sont confrontées à un seul et même problème : leurs enfants ont pris le dessus...Et puis un jour, tout bascule ! Une goutte d'eau qui fait déborder le vase, une bêtise de plus, un mensonge de trop et voilà que les adultes décident d'unir leurs forces pour rendre à ces petits diables en culottes courtes la monnaie de leur désobéissance...Entre les enfants rois et les parents rebelles, désormais, tous les coups sont permis !"
58943,/lkv0vO6c5Qlf3TT8xkuiSfE9UCp.jpg,"Une sortie d'autoroute manquée et voilà Darry Marzouki, prestidigitateur au chômage, croisant la route d'Irène Montier Duval, une belle bourgeoise, le sac Hermès rempli de billets de banque. Par amour, elle a servi d'intermédiaire dans une vente d'armes entre un ministre français et la Corée. L'affaire s'est ébruitée. Le ministre veut lui faire porter le chapeau. En fuite, elle propose à Darry de le payer pour qu'il la conduise à Genève dans sa belle BMW. Le hic, c'est que la BMW n'est pas à Darry. Il l'a volée sur un coup de tête à son beau-frère, petite frappe un tantinet irritable, qui promet de l'étriper s'il ne la rend pas. Ne pouvant accepter la proposition d'Irène, Darry s'invente une identité d'altermondialiste se rendant à Locarno pour un sommet. Irène, qui rêve de changer d'air, se prend au jeu."
8827,/d67iCuJxENCeJ6GZU5typgaNAkb.jpg,"Octave est le maître du monde : il exerce la profession de rédacteur publicitaire. Il décide aujourd'hui ce que vous allez vouloir demain. Pour lui, ""l'homme est un produit comme les autres"". Octave travaille pour la plus grosse agence de pub du monde : Ross & Witchcraft, surnommée ""La Ross"". Il est couvert d'argent, de filles et de cocaïne. Pourtant, il doute. Deux événements vont bouleverser le cours de la vie d'Octave. Son histoire d'amour avec Sophie, la plus belle employée de l'agence, et une réunion chez Madone pour vendre un film de pub à ce géant du produit laitier. Le doué Octave déjante alors et décide de se rebeller contre le système qui l'a créé, en sabotant sa plus grande campagne. De Paris, où négocient les patrons d'agences, à Miami, où l'on tourne un spot sous antidépresseurs, de Saint-Germain-des-Prés à une île perdue d'Amérique Centrale, Octave parviendra-t-il à échapper à sa prison dorée ?"
13734,/xjQxIBkQNKUewJqVSwkv6kCb4Je.jpg,"Alex, Antoine, Jeff et Manu, quatre amis, quatre ans plus tard. Leurs rapports avec les femmes, leur amitié, leurs secrets partagés, leurs sentiments de culpabilité, leur volonté de changer, de s'améliorer..."
49387,/mrgEjqlV6OxsOJaJsjMCrcxZhkx.jpg,"À quatre, ça va être compliqué...  Thomas et Carole, Lionel et Lisa : deux couples officiels, un troisième qui nourrit en secret une relation passionnée... quant au quatrième couple, formé par défaut, que va-t-il faire? Se venger? Non, détrompez vous.... Ils sont bien plus malins et amoureux que cela..."
49084,/IugtyTSEBusqT9F8nIcc3tD6hN.jpg,"En 2016, la mode et les critères de beauté ont beaucoup changé. Une nouvelle tendance fait des ravages chez les jeunes : le lifting du visage. Georges, un jeune diplômé récemment lifté, profite des vacances d'été pour s'intégrer aux « Chivers », une bande de caïds liftés à l'extrême. Blaise, un loser rejeté et ex-ami d'enfance de Georges, aimerait lui aussi faire parti de la bande…"
49389,/9QulqvSdfpWH5gFCx5eeltjQsr3.jpg,"Si sa vie ressemblait un peu plus à une comédie romantique, Thomas se ferait un peu moins larguer. Il sortirait avec une fille formidable, avec Meg Ryan par exemple. Ils s'aimeraient pour toujours et jamais il ne la retrouverait au lit avec un autre type. Du coup, il n'aurait pas besoin de retourner vivre chez ses parents à 35 ans."
10541,/m8fU4Vvq7f9IDPyD9i7reYKD6jT.jpg,"En déplacement pour un soir à Nantes, Émilie rencontre Gabriel. Séduits l'un par l'autre, mais ayant déjà chacun une vie, ils savent qu'ils ne se reverront sans doute jamais. Il aimerait l'embrasser. Elle aussi, mais une histoire l'en empêche : celle d'une femme mariée et de son meilleur ami surpris par les effets d'un baiser. Un baiser qui aurait dû être sans conséquences..."
77459,/iTb2Io2UaZCYVwzxwTYBVveN44l.jpg,"Dans le Paris inondé de 1910, un monstre sème la panique. Traqué sans relâche par le redoutable préfet Maynott, il demeure introuvable… Et si la meilleure cachette était sous les feux de « L’Oiseau Rare », un cabaret où chante Lucille, la star de Montmartre au caractère bien trempé ?"
36108,/oqsHDWIh26sJXz9Ua3lPQhUx3lK.jpg,"Film anniversaire réalisé à l'occasion des 60 ans du Festival de Cannes. 34 cinéastes, issus de 25 pays, ont réalisé chacun un court métrage de 3 minutes autour du thème de la salle de cinéma."
8892,/1dNGVTsmDM84wPAmHgZioVDrwX.jpg,"À l'origine, Abel et Junon eurent deux enfants, Joseph et Elizabeth. Atteint d'une maladie génétique rare, le petit Joseph devait recevoir une greffe de moelle osseuse. Elizabeth n'était pas compatible, ses parents conçurent alors un troisième enfant dans l'espoir de sauver Joseph. Mais Henri qui allait bientôt naître, lui non plus, ne pouvait rien pour son frère – et Joseph mourut à l'âge de sept ans. Après la naissance d'un petit dernier, Ivan, la famille Vuillard se remet doucement de la mort du premier-né…"
601297,/60aFZEEUxp3FjqZZPHFoFLY49OL.jpg,"Pierre est le PDG du groupe Pastié qui réunit les plus grandes marques internationales d’alcool mais aussi de grands crus classés. Comme tous les cinq ans, il doit renouveler chez le notaire le contrat qui le lie à son cousin Adrien. Un cousin qu’il ne supporte pas parce que ce dernier malgré lui enchaîne les maladresses et les gaffes qui risquent une fois de plus de mettre la société en péril ! Mais cette fois-ci les choses vont mal tourner... Sur le ton de la comédie les deux cousins aux tempéraments extraordinairement opposés vont se retrouver embarqués dans une aventure rocambolesque jusque dans les luxueux vignobles du Bordelais où, face à l’adversité, ils vont finir par se réconcilier."
13652,/4Lwmsz1qQ0fNBLf5KBBrlzsozee.jpg,"Un arnaqueur évite les agressifs. Et encore plus les agressifs armés. Solal a oublié cette règle. Résultat, il est mort, assassiné par un mauvais perdant. L'affaire aurait dû en rester là. Mais Solal a un frère : Cash. Et Cash a décidé de le venger. À sa manière. En élaborant une arnaque de haut vol. Toutefois, l'adversaire est sur ses gardes. Et Cash et ses amis se sont peut-être attaqués à plus fort qu'eux... Dans ce genre d'opération, les alliances se font et se défont, les complices sont parfois des traîtres et les traîtres des complices. À la fin, une seule chose compte : qui est le pigeon ?"
710742,/i5W2wp8dhl6r5OnlWxPAYpHF9jZ.jpg,"Condamné par la médecine, Pierre-Henri engage des comédiens pour jouer sa famille disparue pendant une semaine et l’aider à se réconcilier avec les siens. Entre réalité et fiction, cette relecture d’un passé familial mouvementé est un règlement de compte où on ne sait bientôt plus faire la part entre le vrai et le faux. Les comédiens étant tous au moins aussi névrosés que lui, voici Pierre-Henri bientôt débordé par les transferts des uns et des autres…"
595867,/g00pbH3oa0yWuqaCLHk8r45frxr.jpg,"Après 20 ans de mariage, Maria décide de quitter le domicile conjugal. Une nuit, elle part s’installer dans la chambre 212 de l’hôtel d’en face. De là, Maria a une vue plongeante sur son appartement, son mari, son mariage. Elle se demande si elle a pris la bonne décision. Bien des personnages de sa vie ont une idée sur la question, et ils comptent le lui faire savoir."
605015,/gw8lM0lbLnTKI4R2zWF2Ify3si4.jpg,"Abou, 13 ans, fait la fierté de son père. Contrairement à ses 3 frères, il est « 1er de sa classe ». Enfin, c’est ce qu’il fait croire. En vérité, Abou est surtout le roi du mensonge et du bulletin truqué!  Quand arrive la première réunion parents-profs, il va monter le plus gros mytho de sa vie : recruter des faux profs parmi ses connaissances du quartier pour faire face à son vrai père, pendant que ses vrais profs rencontreront son faux père. Ca devrait être facile… en théorie !"
676623,/uyZG3WYk3oUqbRYunL92N8MFzZT.jpg,"Tout sourit à Audrey et Jérôme. Ils ont trois merveilleux enfants et leurs métiers les passionnent. Le temps d’un week-end, ils partent chacun de leur côté... Avec leurs amants respectifs. Sauf qu’ils ont la même idée : aller dans leur maison de campagne. Quand ils se retrouvent nez à nez, c'est l'explosion. Arrivent alors les parents d’Audrey, puis leurs enfants et enfin sa sœur. Le quatuor n’a pas d’autre choix que jouer la comédie pour sauver les apparences. Mais très vite le vernis et les nerfs craquent..."
536506,/ikSREZ1P83KU9XZToLqZ6dbfaGe.jpg,"Henri est en pleine crise de la cinquantaine. Les responsables de ses échecs, de son manque de libido et de son mal de dos ? Sa femme et ses quatre enfants, évidemment !  A l’heure où il fait le bilan critique de sa vie, de toutes les femmes qu’il n’aura plus, des voitures qu’il ne conduira pas, un énorme chien mal élevé et obsédé, décide de s’installer dans la maison, pour son plus grand bonheur mais au grand dam du reste de la famille et surtout de Cécile, sa femme dont l’amour indéfectible commence à se fissurer."
979149,/nurzCuBfHW8yH3VhpzHXXsc38YT.jpg,"Propriétaire d’une galerie d’art à Paris, Arthur Forestier représente Renzo Nervi, un peintre figuratif en pleine crise existentielle. Les deux hommes sont amis depuis toujours et, même si tout les oppose, l’amour de l’art les réunit. En panne de création depuis plusieurs années, Renzo sombre peu à peu dans une radicalité qui l'isole. Pour le sauver, Arthur élabore un plan audacieux qui finira par les dépasser tout en les faisant revenir tous les deux sur le devant de la scène artistique..."
570258,/21HCuYOd3qm6KYMZxQGEXa0xNNP.jpg,"Jérem s'installe chez sa mémé pour y composer un disque de rap. Il y fait la rencontre de So, mystérieuse enquêtrice pour le compte de la start-up Digital Cool, qui le persuade de prendre à l'essai Yves, un réfrigérateur intelligent, censé lui simplifier la vie. Petit à petit, le frigo va gagner l'amitié de Jérem, jusqu'à faire de lui une star en devenant son ghost writer."
651881,/e6m9bwuwj6zluvkZgzP5gFSnRyB.jpg,"Lorsque Suze Trappet apprend à 43 ans qu'elle est sérieusement malade, elle décide de partir à la recherche de l'enfant qu'elle a été forcée d'abandonner quand elle avait 15 ans. Sa quête administrative va lui faire croiser JB, quinquagénaire en plein burn out, et M. Blin, archiviste aveugle d'un enthousiasme impressionnant.  À eux trois, ils se lancent dans une quête aussi spectaculaire qu'improbable."
592798,/hcjJmAITjMjNxZWfXfgAOWrYIwM.jpg,"Pierre Perdrix vit des jours agités depuis l'irruption dans son existence de l'insaisissable Juliette Webb. Comme une tornade, elle va semer le désir et le désordre dans son univers et celui de sa famille, obligeant chacun à redéfinir ses frontières, et à se mettre enfin à vivre."
605735,/xEbSztKAAwIljX8A537HeZDKXUS.jpg,"Antoine, DRH d'une grande enseigne de bricolage, est en passe de devenir le numéro 1 de sa boîte. C'est le moment que choisit sa femme, Isabelle, pour faire une pause et prendre l'air quelques jours pour s'occuper d'elle. Antoine se retrouve alors seul à devoir gérer la maison et leur quatre enfants. Il est vite dépassé par les événements !"
598049,/qOdhwM1K9tiQk9rZgfxbNV5LrlV.jpg,"Léa, Marc, Karine et Francis sont deux couples d’amis de longue date. Le mari macho, la copine un peu grande gueule, chacun occupe sa place dans le groupe. Mais, l’harmonie vole en éclat le jour où Léa, la plus discrète d’entre eux, leur apprend qu’elle écrit un roman, qui devient un best‐seller. Loin de se réjouir, petites jalousies et grandes vacheries commencent à fuser. Humain, trop humain ! C’est face au succès que l’on reconnaît ses vrais amis… Le bonheur des uns ferait‐il donc le malheur des autres ?"
641501,/nM5i9pp24ADppiQ2EQYQXpoDXyl.jpg,"Paris 2020. Dans une société où les surhommes sont banalisés et parfaitement intégrés, une mystérieuse substance procurant des super-pouvoirs à ceux qui n’en ont pas se répand. Face aux incidents qui se multiplient, les lieutenants Moreau et Schaltzmann sont chargés de l’enquête. Avec l’aide de Monté Carlo et Callista, deux anciens justiciers, ils feront tout pour démanteler le trafic. Mais le passé de Moreau ressurgit, et l’enquête se complique..."
14720,/sjTGM0O0MSlq4QRWke4INJiA1QQ.jpg,"Une réalisatrice veut faire un documentaire sur les actrices, toutes les actrices : les populaires, les inconnues, les intellos, les comiques, les oubliées... Filmant tout, tout, tout, avec ou sans leur accord, la réalisatrice va se prendre au jeu et se laisser dévorer par ces femmes aussi fragiles que manipulatrices..."
720272,/e3FOSv0Ngg7rsYpy1FUeIVKryYf.jpg,"Jeune aventurier candide, Eliott de Bellabre part dans la jungle amazonienne à la recherche d’une mystérieuse tribu indienne. Il espère trouver le paradis sur terre. Il va déchanter. D'autant que son pire ennemi se lance à sa poursuite : sa mère, la terrifiante Chantal de Bellabre, accompagnée par le lieutenant-colonel Raspaillès, le plus mauvais militaire de l'histoire de France."
606236,/mSuC5WOKovS75XJvvo1iSqZMdCB.jpg,"Un matin, les Morel se réveillent avec un gros problème. Ils découvrent que l'esprit de chacun est coincé dans le corps d’un autre membre de la famille ! Chacha, 6 ans, est dans le corps de Papa, Papa dans le corps de son ado de fils, le fils dans le corps de la grande sœur, la grande sœur dans le corps de la mère, et la mère dans le corps de Chacha…. Vous n’avez pas suivi ? Eux non plus. Et ce n’est que le début."
671041,/dneHtelc4qqqOJzzaGzpixjA88W.jpg,"Marguerite et Margot ont toutes les deux douze ans, avec chacune sa famille, ses copains, ses problèmes... Et son époque. Car l’une vit en 1942 et l’autre en 2018. Mais c’est sans compter sur une mystérieuse malle magique qui les transporte chacune dans l’époque de l’autre. Margot et Marguerite ont un autre point commun : leur père n’est plus là, disparu en pleine 2ème Guerre Mondiale ou n’habitant plus à la maison. À 70 ans d’écart, elles se lancent dans une grande aventure pour retrouver leurs présents, explorant l’Histoire, mais aussi la mémoire de leurs familles."
638965,/8YtLJ9xcEHDpE1vsB5fy6PINERZ.jpg,"Jean-Gab et Manu, deux amis simples d'esprit, trouvent une mouche géante coincée dans le coffre d'une voiture et se mettent en tête de la dresser pour gagner de l'argent avec."
783570,/kXncN0io58NdvgOoxB6n42Uh7oP.jpg,"Pierre, la quarantaine, a toujours vécu loin des désordres du monde, entre ses abeilles et ses hibiscus. Lorsque ses parents disparaissent, c’est tout son univers qui bascule : il découvre qu’il a été adopté et doit apprendre à survivre dans une société moderne qu'il n’a jamais connue. Déterminé à élucider le mystère de ses origines, il croise la route d’Anna qui, touchée par la bienveillance de cet homme pas comme les autres, accepte de l’aider. Mais à mesure qu’il progresse dans son enquête, Pierre se décolore comme par enchantement."
787868,/89JKGiDKxIaW3Hieficws0eiBLr.jpg,"Rater le train, c'est moche. Alors le voir partir avec vos enfants et ceux de vos amis dont vous avez la charge, c’est une autre histoire… Celle de la folle course-poursuite de Benjamin, papa poule un peu dépassé et Antoine, grand-père fantasque, qui doivent trouver une solution avant qu’on apprenne… qu’ils ont perdu les gosses ! Rattraper le train est leur seule chance de se rattraper..."
714869,/jN0xIYBgkfSWIMqhJlQMyPY29ti.jpg,"Ce sont bientôt les 40 ans de mariage de Claude et Marie Verneuil. Pour cette occasion, leurs 4 filles décident d’organiser une grande fête surprise dans la maison familiale de Chinon et d’y inviter les parents de chacun des gendres, pour quelques jours. Claude et Marie vont devoir accueillir sous leur toit les parents de Rachid, David, Chao et Charles : ce séjour « familial » s'annonce mouvementé."
583268,/uoyEkQAuhjGywOWGyDQvwFYk2yM.jpg,"Rémy et Mélanie ont trente ans et vivent dans le même quartier à Paris. Elle multiplie les rendez-vous ratés sur les réseaux sociaux pendant qu'il peine à faire une rencontre. Tous les deux victimes de cette solitude des grandes villes, à l’époque hyper connectée où l’on pense pourtant que se rencontrer devrait être plus simple… Deux individus, deux parcours. Sans le savoir, ils empruntent deux routes qui les mèneront dans une même direction… celle d’une histoire d'amour ?"
679989,/hYzYdsZJyBp3Rd6aLaTo5bp47iq.jpg,"JP, un acteur raté de 40 ans, décide d’organiser la première grosse marche de contestation noire en France, mais ses rencontres, souvent burlesques, avec des personnalités influentes de la communauté et le soutien intéressé qu’il reçoit de Fary, le font osciller entre envie d’être sur le devant de la scène et véritable engagement militant..."
575291,/rSGGW4yKPBQg4kK3ic0aJmzdomP.jpg,Tenir son foyer et se plier au devoir conjugal sans moufter: c’est ce qu’enseigne avec ardeur Paulette Van Der Beck dans son école ménagère. Ses certitudes vacillent quand elle se retrouve veuve et ruinée. Est‐ce le retour de son premier amour ou le vent de liberté de mai 68? Et si la bonne épouse devenait une femme libre?
608954,/gteEY7gyrEH44DSaMYLlegkuzYV.jpg,"Samir vit dans une cité populaire, en banlieue d’une grande ville de province. Entre l'ennui et les petits coups foireux pour tuer le temps avec les potes, son père le forme à la plomberie. Quand celui-ci décède brutalement, Samir n’a plus d’autre choix que de reprendre l’entreprise familiale pour subvenir aux besoins de sa mère et de ses deux soeurs. Le destin va pourtant en décider autrement… A la médiathèque municipale, un matin où il accompagne sa plus jeune soeur, il a une révélation : la photo d’un surfeur américain issu de quartiers qui ressemblent au sien bouleverse sa vision, et élargit son horizon en un éclair. Son avenir est là, sous ses yeux. Dès lors, il n'aura de cesse de tout mettre en oeuvre pour réaliser son rêve, à commencer par la base : apprendre à nager..."
928204,/cps5cYT3tXBQw1UqdOwPJvklN1p.jpg,"Jean, Patrick, Joanna, Romane et Guillaume se connaissent maintenant depuis plus de 30 ans. Leurs mariages et leurs enfants n'ont pas réussi à les éloigner et, le temps d'un week-end, la bande décide de se rendre en Champagne pour l'enterrement de vie de garçon de Patrick. Cependant, lorsque la future épouse arrive à l'improviste elle ne semble pas faire l'unanimité, et ces 30 ans d'amitié risquent de tourner au vinaigre."
589985,/xmQA26N3pxuwv4PQi455N9QgPlx.jpg,"Vali et Mina sont deux sœurs que tout oppose, éloignées par les épreuves de la vie. L’une est chanteuse, rêveuse et émotive. L’autre est thérapeute, distante et rationnelle. Leur père aimant finit par trouver l’occasion rêvée pour les rassembler le temps d’un week-end et tenter de les réconcilier : Vali a décroché une audition à Paris et c’est Mina qui va devoir l’y emmener malgré son mépris pour la passion de sa sœur.  C’est une histoire de retrouvailles, une histoire d’amour entre deux sœurs, l’histoire d’une famille qui s’aime mais qui ne sait plus se le dire."
615684,/h0S1GRPerza5lH9vb8EPtA3iOj3.jpg,"Jean-Louis réalise en rentrant chez lui que son cœur s'est arrêté. Plus un seul battement dans sa poitrine, aucun pouls, rien. Pourtant, il est conscient, il parle, se déplace. Est-il encore vivant ? Est-il déjà mort ? Ni son ami vétérinaire Michel, ni sa femme Valérie ne trouvent d'explication à cet étrange phénomène. Alors que Jean-Louis panique, Valérie se tourne vers Margaux, sa coach de vie, un peu gourou, pas tout à fait marabout, mais très connectée aux forces occultes. Et elle a une solution qui va mettre Jean-Louis face au tabou ultime..."
738231,/rD0IPhj6429enPbXWpRBZ2K8537.jpg,"Vincent, trentenaire sans enfant, infiltre une tribu aux codes et au langage mystérieux : les parents d’élèves. Se retrouver aux réunions parents-prof, aux sorties d’école et à la kermesse de fin d’année relève d’un sacré exploit ! Mais voilà, Vincent a une très bonne raison d’être là et finit même par se sentir bien dans cette communauté un peu spéciale…"
8265,/dfht1lGq2ALbrRkMj35dUrj5kHG.jpg,"Philippe Abrams est directeur de la poste de Salon‐de‐Provence. Il est marié à Julie, dont le caractère dépressif lui rend la vie impossible. Pour lui faire plaisir, Philippe fraude afin d’obtenir une mutation sur la Côte d’Azur. Mais il est démasqué : il sera muté à Bergues, petite ville du Nord. Pour les Abrams, sudistes pleins de préjugés, le Nord c’est l’horreur, une région glacée, peuplée d’êtres rustres, éructant un langage incompréhensible, le « cheutimi ». Philippe ira seul. À sa grande surprise, il découvre un endroit charmant, une équipe chaleureuse, des gens accueillants, et se fait un ami : Antoine, le facteur et le carillonneur du village, à la mère possessive et aux amours contrariées. Quand Philippe revient à Salon, Julie refuse de croire qu’il se plait dans le Nord. Elle pense même qu’il lui ment pour la ménager. Pour la satisfaire et se simplifier la vie, Philippe lui fait croire qu’en effet, il vit un enfer à Bergues."
15436,/51PU12gR5vmYKaJ6syPwJ57h1LK.jpg,"Agathe Villanova, féministe nouvellement engagée en politique, revient pour dix jours dans la maison de son enfance, dans le sud de la France, aider sa soeur Florence à ranger les affaires de leur mère, décédée il y a un an.Agathe n'aime pas cette région, elle en est partie dès qu'elle a pu. Mais les impératifs de la parité l'ont parachutée ici à l'occasion des prochaines échéances électorales.Dans cette maison vivent Florence, son mari, et ses enfants. Mais aussi Mimouna, femme de ménage que les Villanova ont ramenée avec eux d'Algérie, au moment de l'indépendance.Le fils de Mimouna, Karim, et son ami Michel Ronsard entreprennent de tourner un documentaire sur Agathe Villanova, dans le cadre d'une collection sur ""les femmes qui ont réussi"".On est au mois d'Août. Il fait gris, il pleut. C'est pas normal. Mais rien ne va se passer normalement."
605733,/wKFM72gbhBlLmxWF3KJCPWH7GfP.jpg,"Nouvelle rentrée des classes pour l'élève Ducobu, Léonie Gratin et l'instituteur Latouche. Mais cette année, un rival de taille pour Ducobu débarque à l’école : TGV, le roi de la triche 2.0. Alors que la situation financière de Saint-Potache devient désastreuse, les deux cancres vont devoir unir leurs créativités pour remporter un concours de chant et sauver leur école."
15619,/k9n9sCQYgZfXFtJfuWnT1MBASqE.jpg,"Un père sans histoire, une femme dévouée, une fille studieuse... Une famille en apparence bien tranquille voit sa vie bouleversée par la découverte d'un sac de sport rempli de billets.Bientôt l'image se fissure, le jeu des faux-semblants commence..."
624060,/plhaeDj3IR1VFno7LFxHR8Oa0tk.jpg,"Impatients d'afficher leur réussite devant d'anciennes brutes et de vieilles conquêtes du collège, deux amis transforment une soirée retrouvailles en nuit de folie..."
745611,/jFnT5TNGBSsD1GIfU8OhS9mXOgz.jpg,"À l’aube de la Révolution française, Pierre Manceron, cuisinier audacieux mais orgueilleux, est limogé par son maître le duc de Chamfort. La rencontre d’une femme étonnante, qui souhaite apprendre l’art culinaire à ses côtés, lui redonne confiance en lui et le pousse à s’émanciper de sa condition de domestique pour entreprendre sa propre révolution. Ensemble, ils vont inventer un lieu de plaisir et de partage ouvert à tous : le premier restaurant. Une idée qui leur vaudra clients… et ennemis."
613367,/eHwZrgiTDrnTmcsp0x223RwynoN.jpg,"La famille Morales est dans l'embarras: Franck et Karine partent travailler sur une croisière et confient leur fille Camille, qui doit passer son bac mais préfèrerait tout plaquer, à son grand-père, André, gendarme retraité et psychorigide à souhait. C'est sans compter l'arrivée de Teddy, l'autre grand-père, de retour du Mexique où il gérait des boîtes de nuit peu fréquentables. La cohabitation entre les papis va s'avérer compliquée... et Camille profite de leurs querelles pour vivre sa vie comme elle l'a décidé..."
13741,/rTHbpk0oMY3ayHxaqwkssGlUbzR.jpg,"Gervais, policier à Paris, maladroit et entêté, est la risée de son commissariat. Depuis des années, il file sans relâche, un esthète de la cambriole, drôle et narquois, Curtis qui, chaque fois, lui échappe et le ridiculise. Un beau matin, après une course poursuite manquée, Gervais se réveille dans une capitale vidée de tous ses habitants. Tous ? Pas tout à fait. Un second individu fonce dans les rues désertes au volant d'une Formule 1 : Curtis ! Voilà nos deux héros seuls au monde, peut-être l'occasion d'enterrer la hache de guerre et de profiter de la situation... Mais ce serait sans compter sur la droiture de Gervais et surtout sur son obstination. Pour lui, la place de Curtis est en prison et rien ne saurait le faire dévier de sa mission..."
16994,/8eIw3DRoLVr1AaZKd9ycXY0V1Lh.jpg,"Chaque été pour l'anniversaire de sa fille Jeanne, Albert l'emmène visiter un nouveau pays d'Europe. Pour ses dix sept ans, il choisit une petite île suédoise, convaincu d'y trouver le trésor perdu d'un Viking légendaire. Mais voilà que la maison louée pour leur séjour est déjà occupée par deux femmes : Annika, la propriétaire des lieux et Christine, une amie française. Les vacances soigneusement organisées par Albert vont alors prendre un tout autre tournant, ce qui est loin de déplaire à Jeanne..."
12170,/agBSWHfPcZyRH4Wh4LP60XL1sAp.jpg,"Juin 1990, Sud-Ouest. Dernier jour de classe avant le bac : une bande de terminale quitte joyeusement le lycée... Dans l’euphorie ambiante, Lucas vide son sac : sans mâcher ses mots, il dit à son vachard prof de philo ce qu’il pense de lui. Soulagement de courte durée puisque l’odieux monsieur Martineau fera passer les oraux de rattrapage... Lucas a intérêt à potasser ! Le soir même lors d’une fête, Lucas rencontre Clémence, en terminal également. Le coup de foudre semble réciproque, mais Lucas la laisse partir sans connaître son nom. Entre révisions animées et virées estivales avec les copains, Richard, Maxime, Alice et Sarah, il se lance à la recherche de sa belle inconnue. Pour Lucas ce n’est que le début des tracas, d’autant plus qu’il accepte des cours particuliers de philo chez monsieur Martineau… et que ce dernier s’avère être le père d’une bien jolie jeune fille…"
15435,/cMLZqxrZSF5hjzHfd4psBDp9iA9.jpg,"Ils filent le parfait amour... Enfin, presque : Emmanuel veut un enfant et pas Philippe...Pourtant, Emmanuel décide un jour de franchir le pas, au prix de perdre Philippe... Mais comment avoir un enfant quand on est homo ?"
660327,/lMO0n5CAMRftZGebjTCXmufuJiZ.jpg,"Le couple, l’amour et la vie de famille sont de bien belles aventures que vivent José et Lucie. Jusqu’au jour où l’ennui s’installe. Lucie consulte alors un psy pour sauver leur couple. De son côté, José vient me voir, moi, Jean-Claude, leur voisin. Ensemble, nous lançons une nouvelle thérapie. Trinquer, danser et jouer au meurtrier tous les jeudis: la nouvelle recette du bonheur!"
783556,/9IiTNWohanK62otUDGoCvgx2mI7.jpg,"Sept hommes, de 17 à 70 ans, que tout oppose, sinon d’être au bord de la crise de nerfs, se retrouvent embarqués dans une thérapie de groupe en pleine nature sauvage. Ce stage mystérieux, « exclusivement réservé aux hommes », est censé faire des miracles. Première surprise à leur arrivée : le coach est une femme ! Imprévisible et déroutante, elle va tout faire pour les aider à aller mieux. Avec ou sans leur consentement…"
32338,/6D0f4lP0905zEWCQbzESMLmT3Q3.jpg,"Chloé, 26 ans, vit seule à Paris, entre une voisine envahissante, une collègue mesquine, un loueur de DVD un peu donneur de leçons... Une vie qui n'est pas à la hauteur de ses espérances...Jack, la trentaine, Américain largué par sa copine, gagne un séjour à Paris.Chloé va alors, par un heureux hasard, récupérer la valise de Jack, celle que lui a légué son père et à laquelle il tient plus que tout. Et tomber amoureuse de son contenu...Chloé aime Jack, même si elle ne l'a jamais vu, même si elle ne sait rien de lui. Elle se persuade qu'il est l'homme de sa vie, qu'ils sont faits l'un pour l'autre, et elle va tout faire pour le retrouver..."
647745,/gSFybRqGV8zYnc5axSRcIMIp40p.jpg,"Découvrant que son mari la trompe, Louise décide de penser enfin à elle et part décompresser en Corse le temps d’un week-end. Elle passe une folle nuit avec un bel inconnu... Une seule puisque, au petit matin, il ne se réveille pas. Andréa, la mère de celui-ci,  débarque sur les lieux et prend immédiatement Louise pour la belle-fille dont elle a toujours rêvé! Prise au piège, Louise va devoir jouer le rôle de la belle-fille idéale pour quelques jours. Problème: sa nouvelle belle-mère ne veut plus la lâcher..."
785210,/t9IZxbAtECL36QqdBTPZPnZcTy0.jpg,"Au cœur d'une ville portuaire où des êtres isolés, habitués à la violence, voient soudain leurs vies bouleversées par le théâtre, la poésie et l'art. Et leurs quotidiens, transformés par l'amour…"
655369,/22hzlozbPeEYZb56BVSZIPrnitH.jpg,"Sophie a 28 ans. Elle aimerait être dessinatrice, mais ce serait tellement plus facile si elle avait fait une école d’art. Elle aimerait aussi trouver l'amour, mais ce serait tellement plus facile s'il vous sautait aux yeux. Elle multiplie les expériences amoureuses et professionnelles. Prendre des coups, beaucoup, en donner, un peu : c’est ça, l’apprentissage. Dans sa tête tourne en boucle Daniel Johnston, qui chante que « l'amour véritable finit bien par vous tomber dessus » ; mais Sophie se demande s'il dit vrai."
660955,/vIgbRvb4Q8Id1cbZuWJPWLmIpgg.jpg,"Paul Château-Têtard, vieux garçon de 45 ans et pur produit du 16e arrondissement de Paris, prend le métro pour la première fois de sa vie et tombe amoureux d’une jeune guichetière, Ava.  Leur mariage n’est pas du goût de « maman », Adélaïde Château-Têtard, qu’on appelle aussi la Reine-Mère. Pourtant cette dernière s’en accommode : un héritier serait le bienvenu. Mais le bébé tarde à venir...  Une guerre sans pitié s’engage entre les deux femmes, la Reine-mère étant persuadée qu’Ava trompe son fils. Il doit bien y avoir un amant quelque part…"
669664,/3qklGXEiFWUiX2SZgHrTBW8iKte.jpg,"Des mois qu’Antoinette attend l’été et la promesse d’une semaine en amoureux avec son amant, Vladimir. Alors quand celui-ci annule leurs vacances pour partir marcher dans les Cévennes avec sa femme et sa fille, Antoinette ne réfléchit pas longtemps: elle part sur ses traces! Mais à son arrivée, point de Vladimir, mais seulement Patrick, un âne récalcitrant qui va l'accompagner dans son singulier périple…"
613349,/q4QpTm5PuCj5yshS7tc08Uu5Hql.jpg,"C'est le soir de Noël. Les Parisiens les plus chanceux se préparent à déballer leurs cadeaux en famille. D'autres regardent la télévision seuls chez eux. D'autres encore, comme Serge, travaillent. Serge est le seul SOS-Médecin de garde ce soir-là. Ses collègues se sont tous défilés. De toute façon il n'a plus son mot à dire car il a pris trop de libertés avec l'exercice de la médecine, et la radiation lui pend au nez. Les visites s'enchaînent et Serge essaye de suivre le rythme, de mauvaise grâce, quand tombe l'adresse de sa prochaine consultation. C'est celle de Rose, une relation de famille, qui l'appelle à l'aide. Il arrive sur les lieux en même temps qu'un livreur Uber Eats, Malek, lui aussi de service ce soir-là..."
665753,/sTarqCoBieP0twPAsl1aD4Vv4lH.jpg,"Paris, un soir au mois d'août. Un garçon rencontre une fille. Ils ont le même âge, mais n'appartiennent pas au même monde. Félix travaille, Alma part en vacances le lendemain. Qu'à cela ne tienne. Félix décide de rejoindre Alma à l'autre bout de la France. Par surprise. Il embarque son ami Chérif, parce qu'à deux c'est plus drôle. Et comme ils n'ont pas de voiture, ils font le voyage avec Édouard. Évidemment, rien ne se passe comme prévu. Peut-il en être autrement quand on prend ses rêves pour la réalité ?"
661229,/dp8KZWUpfKCee2uqp7GEYzjGm6F.jpg,"Jérémie, la trentaine, peine à faire décoller sa carrière de comédien. Sa vie sentimentale est mise à mal par ses crises de jalousie à répétition et son couple bat de l’aile. Il décide alors de quitter Paris et de se rendre sur sa terre d’origine, le Limousin, où il va tenter de se réparer auprès de sa mère."
716920,/q1t2rzWx3CzlXcsXMZRo6VK3Q2E.jpg,"Ève Vernet a été la plus grande créatrice de roses. Aujourd'hui, elle est au bord de la faillite, sur le point d'être rachetée par un concurrent puissant. Véra, sa fidèle secrétaire, croit trouver une solution en engageant trois employés en insertion sans aucune compétence horticole... Alors que quasiment tout les sépare, ils se lancent ensemble dans une aventure des plus singulières pour sauver la petite exploitation."
613377,/okepE7ytt7bWyFdD77Et273sAtt.jpg,"Rayane est un jeune flic, trouillard et maladroit, sans cesse moqué par les autres policiers. Le jour où son médecin lui apprend, à tort, qu’il n’a plus que trente jours à vivre, il comprend vite qu'il s'agit de sa dernière chance de devenir un héros, à la fois au sein de son commissariat et surtout pour impressionner sa collègue Stéphanie. L’éternel craintif se transforme alors en véritable tête brûlée, qui prendra tous les risques afin de coincer un gros caïd de la drogue…"
613339,/fHUWOpOK0OKXKveIoTbCrPqgwyM.jpg,"Sol, célèbre interprète de Tango argentin, vit à Buenos‐Aires depuis de nombreuses années. Derrière son tempérament excessif et son sourire incandescent, la Diva cache une blessure dont elle ne s’est jamais réellement remise : la perte de son fils unique, Raphaël, avec qui elle avait rompu tout lien. Sol revient à Paris dans l’espoir de rencontrer enfin Jo, son petit‐fils de 7 ans, né de l’union de Raphaël et d’Eva, sa belle‐fille, qu’elle ne connaît pas. Mais devant eux, Sol prend peur et prétend être là pour louer le studio situé sur leur palier. Dès lors, elle va tout faire pour apprivoiser ses nouveaux voisins…"
13672,/g65MZXhaDrLVPo0uwxhgG6R0so6.jpg,"Entre ses problèmes fiscaux, la bataille juridique qui l'oppose à sa femme pour l'obtention de la garde de sa fille, les périodes de vache maigre du cinéma d'action qui voient même Steven Seagal lui souffler un rôle, Jean-Claude Van Damme est venu chercher dans son pays d'enfance le calme et le repos qu'il ne trouve plus aux États-Unis..."
851303,/1w9WQexYgNUWzklEDHFZEyK2xNX.jpg,"Camille et Georges dansent tout le temps sur leur chanson préférée Mr Bojangles. Chez eux, il n'y a de place que pour le plaisir, la fantaisie et les amis. Jusqu'au jour où la mère va trop loin, contraignant Georges et leur fils Gary à tout faire pour éviter l'inéluctable coûte que coûte."
21145,/l8aZdUlkvcNiqrthjwnCFlp7AZr.jpg,"Quelque part en Picardie, le patron d'une entreprise de cintres vide son usine dans la nuit pour la délocaliser. Le lendemain, les ouvrières se réunissent et mettent le peu d'argent de leurs indemnités dans un projet commun : faire buter le patron par un professionnel."
17630,/snCBBlbvDzGqC4cdOlRCK7yXWmM.jpg,"Mélanie est une fille trop gentille. Sa mère, son patron, ses copines, sa voisine et même le chien de sa voisine le savent… et en profitent. Un jour, suite à une ultime humiliation, Mélanie décide de changer. Désormais elle va se venger de tout ceux qui lui ont pourri la vie. Sauf que la méchanceté, ça ne s'apprend pas en deux jours, surtout quand on a été une gentille fille toute sa vie…"
15465,/6cIiU63VTP0dOTrKvqwDuhPpzET.jpg,"Gabriel, jeune musicien au chômage, est recruté dans une entreprise américaine de pompes funèbres en tant que directeur commercial. Devant effectuer un stage pratique d'un mois dans l'une des agences de la société, il est accueilli par le directeur de celle-ci, Gervais Bron, qui officie dans le métier depuis 20 ans. Face à l'insensibilité de Bron vis-à-vis des familles des défunts, les relations entre les deux hommes vont être quelque peu tendues, d'autant que Bron convoitait le poste obtenu par Gabriel. De plus, ce dernier va avoir beaucoup de mal à avouer son nouveau poste à sa famille, ainsi qu'à Claire, sa nouvelle petite-amie, qui n'est autre que la petite-fille de Monsieur Froissard, un client dont l'épouse est décédée récemment."
15342,/dME9XEWWmsts3SON5bZpcmBt1SO.jpg,"Bertrand, avocat d'assises. Brillant. Médiatique. Volubile. Cultivé. Cérébral. Compliqué. Pas très très courageux. Aime les femmes, surtout pour leur parler. Fraîchement arrivé à Monaco pour y assurer la défense d'une meurtrière septuagénaire. Christophe, agent de sécurité chargé de la protection de Bertrand. Franc. Direct. Taciturne. Sportif. Études interrompues en cinquième. Aime les femmes sauf pour leur parler. Admire chez les autres la culture et la maîtrise du langage qui lui font défaut. Audrey, présentatrice météo sur une chaîne câblée à Monaco. Ambitieuse. Culottée. Sexy. Incontrôlable. N'a pas du tout l'intention de réciter le bulletin météo pendant longtemps. Comprend assez mal le sens de certains mots, notamment ""limites"", ""tabous"", et ""scrupules"". Il aurait mieux valu que ces trois-là ne se rencontrent pas..."
27936,/aRSEs2Wkb8b0BpoKfu488vi0t9B.jpg,"Bazil n'a pas beaucoup de chance avec les armes. La première l'a rendu orphelin, la deuxième peut le faire mourir subitement à tout instant. A sa sortie de l'hôpital, Bazil se retrouve à la rue. Par chance, ce doux rêveur, à l'inspiration débordante, est recueilli par une bande de truculents chiffonniers aux aspirations et aux talents aussi divers qu'inattendus, vivant dans une véritable caverne d'Ali-Baba : Remington, Calculette, Fracasse, Placard, la Môme Caoutchouc, Petit Pierre et Tambouille. Un jour, en passant devant deux bâtiments imposants, Bazil reconnaît le sigle des deux fabricants d'armes qui ont causé ses malheurs. Aidé par sa bande d'hurluberlus, il décide de se venger. Seuls contre tous, petits malins contre grands industriels cyniques, nos chiffonniers rejouent, avec une imagination et une fantaisie dignes de Bibi Fricotin et de Buster Keaton, le combat de David et Goliath..."
719747,/63zLQ0djzdbmwzK2eymu6bWLbNX.jpg,"L’histoire commence par un banal accident de voiture sur une route montagneuse des Carpates. La voiture d'Antoine de Maximy, le présentateur de la série ""J'irai dormir chez vous"" a été emportée par une rivière. Son corps n’a pas été retrouvé. Les bagages, le matériel et les cassettes du globe-squatteur sont rapatriés à Paris. Agnès, la monteuse de la série, décide de terminer ce dernier épisode. Après avoir visionné les images elle s’attaque au montage du film. Mais des détails attirent l'attention d'Agnès. Petit à petit le doute s'insinue. L’histoire n’est peut-être pas aussi simple…"
665828,/afOW9clWoB4iWMtMG7XZWQpgS7o.jpg,"En 2045, l’intelligence artificielle est partout. À tel point que l’humanité compte sur elle pour assouvir ses moindres besoins et ses moindres désirs - même les plus inavouables… Dans un quartier résidentiel tranquille, quatre robots domestiques décident soudain de retenir leurs maîtres en otages dans leur propre maison. Enfermés ensemble, une famille pas tout à fait recomposée, une voisine envahissante et son robot sexuel entreprenant sont donc obligés de se supporter dans une ambiance de plus en plus hystérique ! Car, à l’extérieur, les Yonyx, dernière génération d’androïdes, tentent de prendre le pouvoir. Tandis que la menace se rapproche, les humains se trompent, se jalousent, et se déchirent sous les yeux ahuris de leurs robots d’intérieur. Et si, au fond, c’étaient les robots qui avaient une âme… ou pas !"
774600,/mJy20VCNMXq4DVlLzuowjqdeY3.jpg,"Fabrice, acteur de comédie, réalise qu’il n’a pas sa carte de fidélité alors qu’il fait ses courses. Malgré la menace d’un vigile, il parvient à s’enfuir. Commence alors une cavale sans merci, pour celui qui devient rapidement l'ennemi public numéro 1. Alors que les médias s’emparent de l’affaire et que le pays est en émoi, le fugitif, partagé entre remords et questions existentielles, trouve un point de chute inattendu, quelque part en Lozère."
17607,/rd2EO3ZKVLAJBtjdJnJ9iShi8Jo.jpg,"D'un côté, Naterris, très très grande multinationale d'agro-chimie, 9 milliards d'euros de chiffre d'affaires. De l'autre, Zaccharias, Mélanie, Denis et Kevin, ostréiculteur, aide-comptable, restaurateur, ouvrier... Des gens normaux, quoi.Au milieu, un étang pollué par Naterris, dont nos gens normaux sont riverains. Après deux ans d'une âpre procédure, Naterris est condamnée à leur verser une indemnité ridicule, à eux qui ont tout perdu. A l'inverse des autres plaignants prêts à accepter ce maigre pourboire, ces quatre-là décident de faire appel pour que justice leur soit "" vraiment "" rendue. Mais pour faire appel, ils n'ont que trente jours et doivent impérativement découvrir un élément nouveau au siège de Naterris, dont l'imposant gratte-ciel domine le parvis de la Défense.Mélanie, Zaccharias, Kevin et Denis décident donc de monter à Paris. Leur mission n'est pas impossible mais s'annonce... très, très difficile !"
44866,/cLBJjOMQ42oz04lwtBOilEjjAsL.jpg,"Lucie arrive à son bureau et découvre, accrochée sous une fenêtre de l'immeuble d'en face, une banderole noire avec écrit : « Homme seul ». Est-ce un gag, un cri du cœur, un appel au secours ? Lucie et ses deux collègues s'interrogent et décident de mener leur enquête... À midi, elles pique-niquent à côté, au Square des Francine. Là, les amoureux graves, les solitaires enjoués, joueurs de tous âges, tournent autour du joyeux jet d'eau. La ronde continue en face, au magasin Brico-Dream où, sous les conseils plus ou moins compétents d'une équipe de vendeurs en sur-effectif, les clients calculent, échafaudent, tendus, angoissés, ayant peur de repartir avec des étagères trop courtes, des vis trop longues... À la fin du jour, aurons-nous croisé l’Homme seul parmi la multitude de ces personnages affairés ?"
783558,/Aviebr72gvK9I73m68Go3K4hq1r.jpg,"Thomas passe ses nuits en boites et ses journées au lit, jusqu’au jour où son père, le docteur Reinhard, lassé de ses frasques, décide de lui couper les vivres et lui impose de s’occuper d’un de ses jeunes patients. Marcus a douze ans et vit seul avec sa maman. Il souffre depuis sa naissance d’une maladie grave qui rythme ses journées, entre le centre d’accueil médicalisé où il est scolarisé et des séjours répétés à l’hôpital. Cette rencontre va bouleverser le quotidien de l’un et de l’autre, et tout simplement changer leur vie."
778761,/55ddOoOOj8USZVOr70cIrsKGRNB.jpg,"Jan est un artiste provocateur avec ses œuvres d’art, ses conquêtes féminines et ses tentatives de changer le monde. Sa fille unique lui reproche d’avoir été un père absent, toujours embarqué dans de folles aventures. Aujourd’hui, elle veut se suicider, et lui s’efforce de la retenir. Comment ? En lui racontant des histoires comme dans les contes des mille et une nuits... Aussi longtemps qu’il retiendra son attention, elle ne sautera pas."
15588,/sNL1aPGCMFmcnNDFWVUKehO3Vjr.jpg,"Douze ans après Le Caire, OSS 117 est de retour pour une nouvelle mission à l’autre bout du monde. Lancé sur les traces d’un microfilm compromettant pour l’État français, le plus célèbre de nos agents va devoir faire équipe avec la plus séduisante des lieutenants‐colonels du Mossad pour capturer un nazi maître chanteur. Des plages ensoleillées de Rio aux luxuriantes forêts amazoniennes, des plus profondes grottes secrètes au sommet du Christ du Corcovado, c’est une nouvelle aventure qui commence. Quel que soit le danger, quel que soit l’enjeu, on peut toujours compter sur Hubert Bonisseur de la Bath pour s’en sortir…"
14419,/kUkp5nteY7o3kXfg2kAJq3Bvber.jpg,"Septembre 1980. Coluche triomphe tous les soirs au Gymnase. «Comique préféré des Français», il est au sommet de sa gloire; télés, radios et journaux se l'arrachent, et sa maison est l'endroit où se croise tout ce que le pays compte de vedettes... Toujours prêt à pousser le bouchon un peu plus loin, il décide, pour rire, de poser sa candidature à la Présidence de la République. Très vite, la France se bidonne, l'acclame, le soutient. Les sondages s'affolent, sa cote monte en flèche. Et si finalement un clown se faisait élire Président? Lui-même commence à y croire..."
658905,/4gqlDp98EgfKJC37tfZDNyAlFys.jpg,"Anne Walberg est une célébrité dans le monde du parfum. Elle crée des fragrances et vend son incroyable talent à des sociétés en tout genre. Elle vit en diva, égoïste, au tempérament bien trempé. Guillaume est son nouveau chauffeur et le seul qui n’a pas peur de lui tenir tête. Sans doute la raison pour laquelle elle ne le renvoie pas."
8901,/2WXWVf94h6TlnInTWsPTCgycLPr.jpg,"Djamila aimerait prendre la pilule parce que maintenant avec son copain c'est devenu sérieux. La mère de Zoé lui donne des préservatifs mais elle la traite de pute. Nedjma cache ses pilules au dehors, car sa mère fouille dans son sac. Hélène se trouve trop féconde. Clémence a peur. Adeline aurait aimé le garder, Margot aussi. Maria Angela aimerait savoir de qui elle est enceinte. Ana Maria a choisi l'amour et la liberté. Anne, Denise, Marta, Yasmine, Milena sont les conseillères qui reçoivent, écoutent, chacune se demande comment la liberté sexuelle est possible. Dans les bureaux de Dieu on rit, on pleure, on est débordées. On y danse, on y fume sur le balcon, on y vient, incognito, dire son histoire ordinaire ou hallucinante."
366594,/sUOZRkqrL0Ivh2STNYjzVwiydUx.jpg,"Artiste récurrent chez Patrick Sébastien dans le Plus Grand Cabaret du Monde, découvrez le spectacle de ce ventriloque unique en son genre « Jeff Panacloc perd le contrôle ! ». Accompagné de son fidèle acolyte, Jeff arrivera‐t‐il à expliquer à Jean‐Marc, un singe narcissico‐mégalo qu’il n’est finalement qu’une peluche avec un bras dans le c… La presse est unanime, le spectacle est bluffant !"
14688,/3RqUBnERl9PrdRpLcL3cy67XFYn.jpg,"Un dîner, c'est la dictature de l'apparence : on se fait beau, on rit, on raconte, on frime, on partage souvenirs et projets. Les angoisses sont cachées sous l'humour et les chagrins étouffés par les éclats de rire. Et pour quelques heures, on y croit ! C'est ça le principal...Si on a le bon code et que l'on respecte les autres, cordialité, hypocrisie, bonne humeur, on risque de passer une bonne soirée... Mais les masques tombent dès le chemin du retour."
35436,/kXT55egw9uyAWXqIE2mStDrqNZ5.jpg,"Un braqueur de banques, le Vilain, revient après 20 ans d'absence se cacher chez sa mère Maniette. Elle est naïve et bigote, c'est la planque parfaite. Mais celle-ci découvre à cette occasion la vraie nature de son fils et décide de le remettre dans le ""droit chemin"". S'ensuit un duel aussi burlesque qu'impitoyable entre mère et fils."
20626,/idoQFaSz4yASIU8cVABqBZ0ubs7.jpg,"R2I, célèbre radio d'info, envoie en Irak son meilleur duo de reporters : Frank, journaliste, et Poussin, ingénieur du son. Très vite, c'est par millions que les auditeurs suivent leurs récits très documentés, reflétant ""à chaud"" l'intensité des combats et la difficile survie de la population. Le jour où Frank et Poussin sont victimes d'une prise d'otages, un mouvement de solidarité d'une rare ampleur s'organise pour obtenir leur libération : autour du slogan ""un euro pour nos otages"", la France se mobilise en masse. Mais le gros souci pour Frank et Poussin, nos deux envoyés très spéciaux, ce n'est pas vraiment la prise d'otages : leur vrai problème, c'est plutôt qu'ils n'ont jamais mis les pieds en Irak, et que les récits haletants qui ont fait leur notoriété, c'est depuis Barbes qu'ils les enregistrent..."
21861,/mA5TBNiSK1JeLIqGgqYSfTcTHIq.jpg,"LOL ? Ça veut dire Laughing Out Loud - mort de rire - en langage internet ou par SMS. C'est aussi comme ça que les amis de Lola l'appellent. Pourtant, le jour de sa rentrée, Lola n'a pas le cœur à rire. Arthur, son copain, la provoque en lui disant qu'il l'a trompée pendant l'été. Et sa bande de potes a le don pour tout compliquer. Tout comme sa mère, Anne, avec qui le dialogue est devenu impossible, et pas seulement parce qu'elle ignore ce que LOL signifie. Que ses parents aient divorcé est une chose. Qu'Anne traite son ado comme une enfant en lui mentant sur l'essentiel, par exemple sur le fait qu'elle revoit son ex en cachette ou qu'elle se fait draguer par un flic, en est une autre. De son côté, Anne se demande ce qui a bien pu arriver à sa douce petite fille. De la fusion à la confusion, les relations mères-filles bouillonnent d'amour et de LOL."
712345,/3VaKy6arNhZWq6byFq8UmYmncQC.jpg,"Dans les années 50, la jeune Alice quitte la Suisse pour le Liban, contrée ensoleillée et exubérante. Là-bas, elle a un coup de foudre pour Joseph, un astrophysicien malicieux qui rêve d'envoyer le premier libanais dans l'espace.  Alice trouve vite sa place dans la famille de ce dernier. Mais après quelques années de dolce vita, la guerre civile s'immisce dans leur paradis..."
15437,/w1RfhaiRN9TjEaQ5wAoHQm0YuPr.jpg,"Bélisaire et Prudence Beresford se reposent dans leur petit château qui domine le lac du Bourget. Bélisaire est heureux, mais Prudence s'ennuie. Elle rêve d'une bonne fée qui les propulseraient dans des aventures truffées de mystères... Cette bonne fée lui apparaît sous les traits de sa tante belge Babette, qui assiste à un crime horrible de la fenêtre d'un train. Malgré le scepticisme de Bélisaire, Prudence part à la recherche du cadavre. Elle se fait engager comme cuisinière dans un inquiétant château, où est réunie une bien curieuse famille, composée d'un vieillard irascible et de ses quatre enfants, et où d'authentiques sarcophages recèlent de bien étranges surprises."
665388,/66tSxn5ZS6YBUgYN1TUb4KN7V8m.jpg,"Tony, la cinquantaine, chauffeur d’autobus scolaire renfermé sur lui-même, vit seul après avoir abandonné femme et enfant vingt ans plus tôt. Bousculé par un malaise cardiaque, il trouve le courage nécessaire pour affronter son passé et s’inscrire incognito dans le cours de danse dirigé par sa fille, qu’il n’a jamais connue, dans le but de la (re)conquérir et de donner un sens à sa vie."
665387,/3Otv7PEeyHllIeUO2AV7Yf22KRs.jpg,"Alexandre, chômeur déclassé, a deux mois pour prouver à sa femme qu'il peut s'occuper de ses deux jeunes enfants et être autonome financièrement. Problème: The Box, la start-up très friendly qui veut l'embaucher à l'essai a pour dogme : « Pas d'enfant ! », et Séverine, sa future supérieure, est une « tueuse » au caractère éruptif. Pour obtenir ce poste, Alexandre doit donc mentir... La rencontre avec Arcimboldo, « entrepreneur de lui-même » et roi des petits boulots sur applis, aidera-t-elle cet homme vaillant et déboussolé à surmonter tous ces défis ?"
280391,/lInt3XAVl4BWstRtlinVPBWGXjX.jpg,"L’histoire trépidante d’Édouard, fils aîné du roi des simiens, qui, considéré à sa naissance comme trop malingre, est rejeté par sa tribu. Il grandit loin d’eux, auprès de son ami Ian, et, incroyablement ingénieux, il découvre le feu, la chasse, l’habitat moderne, l’amour et même… l’espoir. Généreux, il veut tout partager, révolutionne l’ordre établi, et mène son peuple avec éclat et humour vers la véritable humanité… celle où on ne mange pas son père."
712152,/3I0a0V6ahuXOQPG5ztnbgGL8vEf.jpg,"Un acteur en galère accepte pour boucler ses fins de mois d'animer un atelier théâtre en prison. Surpris par les talents de comédien des détenus, il se met en tête de monter avec eux une pièce sur la scène d’un vrai théâtre. Commence alors une formidable aventure humaine."
657195,/2ji6LgFftw4639IitNTYUTZWia4.jpg,"Tralala, la quarantaine, chanteur dans les rues de Paris, croise un soir une jeune femme qui lui adresse un seul message avant de disparaitre : ""Surtout ne soyez pas vous-même"". Tralala a t-il rêvé ? Il quitte la capitale et finit par retrouver à Lourdes celle dont il est déjà amoureux. Elle ne se souvient plus de lui. Mais une émouvante sexagénaire croit reconnaître en Tralala son propre fils, Pat, disparu vingt ans avant aux États-Unis. Tralala décide d’endosser le ""rôle"". Il va se découvrir une nouvelle famille et trouver le génie qu’il n’a jamais eu."
61664,/stHFQWn65VjiKK5XDkDQ9Kz9OFv.jpg,"Célimène a trente-cinq ans. Elle est écrivain mais n'écrit plus. Pas d'inspiration. Classique... Célimène préfère se faire appeler Nathalie. Normal... Son fils de sept ans, Adam, l'oblige à garder les pieds sur terre. Tout juste... Son appartement est en travaux, Célimène, en attendant, vit chez sa mère. Difficile... Anaïs a dix-sept ans. Elle est fraîche, neuve, elle a l'arrogance de sa jeunesse. Tout un programme... Elle poursuit Célimène, dérobe son courrier, l'attend partout. Inquiétant... Anaïs veut convaincre Célimène d'écrire sur elle. Elle se propose comme sujet. Ben voyons... Mais rien ne les réunit, rien ne les oppose non plus, l'entêtement de l'une vient se frotter à la fermeté de l'autre, et pourtant..."
53520,/dCPKah47IPa82XkeEF5vW23ezTX.jpg,"Un réalisateur Taïwanais est invité à tourner l'histoire de Salomé au Musée du Louvres. Malgré sa réputation, il tient absolument à confier le rôle du roi Hérode à Jean-Pierre Léaud. Pour donner à ce film au budget modeste une chance au box office, la production s'est résolue à confier le rôle de Salomé à une star de renommée internationale. Mais dès le début du tournage, les problèmes s'accumulent..."
711321,/ePyiJKlXgxroMvVRXsZ0rRFLkzF.jpg,"Arthur, 15 ans, a un coup de foudre pour Ouassima, qui ne le regarde même pas… Alors que lui n’a jamais pécho, elle sort avec Matt, le beau gosse du collège. Pour s’approcher d’elle, Arthur rassemble une bande de losers célibataires et lui propose de leur donner des cours de péchotage, à 10 euros la leçon. Dans les vestiaires de la piscine, débute alors un long apprentissage intime et collectif sur « les filles et l’amour : mode d’emploi."
38846,/3oPsIafpLOWSblIpEFajty6yefn.jpg,"Junie, seize ans, change de lycée en cours d'année suite à la mort de sa mère. Elle intègre une nouvelle classe dont fait partie son cousin Matthias. Il devient son ambassadeur auprès de sa bande d'amis. Junie est vite courtisée par les garçons du groupe, elle consent à devenir la fiancée du plus calme d'entre eux, Otto. Mais bientôt, elle sera confrontée au grand amour, celui de Nemours, son professeur d'italien. La passion qui naît entre eux sera vouée à l'échec. Ne voulant pas céder à ses sentiments, Junie s'obstine à refuser le bonheur, car il n'est à ses yeux qu'une illusion."
31203,/hANHPZ4CdCdGSWlE1QPWHJyiSsd.jpg,"Nicolas mène une existence paisible. Il a des parents qui l'aiment, une bande de chouettes copains avec lesquels il s'amuse bien, et il n'a pas du tout envie que cela change… Mais un jour, Nicolas surprend une conversation entre ses parents qui lui laisse penser que sa mère est enceinte. Il panique alors et imagine le pire : bientôt un petit frère sera là, qui prendra tellement de place que ses parents ne s'occuperont plus de lui, et qu'ils finiront même par l'abandonner dans la forêt comme le Petit Poucet…"
62871,/wLLx74H0789Vvf4u5TTJEkdIh2p.jpg,"Thomas, la cinquantaine, père de famille, arrive par hasard dans la ville de son enfance. Pris d'un malaise, il se réveille quarante ans plus tôt, dans son corps d'adolescent. Projeté dans le passé, il va non seulement revivre son premier amour, mais aussi chercher à comprendre les raisons du mystérieux départ de son père. Mais peut-on modifier son passé ?"
829165,/w6EAjkucZq2NbmsiCNHm8mMaPyZ.jpg,"Jérôme est un menteur compulsif. Sa famille et ses amis ne supportent plus ses mensonges quotidiens. Ils font tout pour qu’il change d’attitude. N’écoutant pas ce qu’on lui reproche, Jérôme s’enfonce de plus en plus dans le mensonge jusqu’au jour où une malédiction divine le frappe : tous ses mensonges prennent vie. Commence alors pour un lui un véritable cauchemar."
894958,/dCSkwJ6a6c2KpnPFpB25Vu7iaz4.jpg,"Noël chez les Barand, c'est sacré ! Surtout pour Vincent, le père, qui se fait une joie de voir toute sa famille réunie. Quand ses enfants annulent leur venue au dernier moment, il ne conçoit pas l'idée de passer les fêtes en tête à tête avec sa femme. Il décide donc de se rendre dans une maison de retraite afin de convier une pensionnaire esseulée à venir fêter Noël chez eux. Débarquent alors Monique et sa meilleure amie Jeanne qui vont très vite prendre leurs aises et semer un joyeux bazar...Pour tous les quatre, ce 24 décembre promet d'être aussi explosif qu'inattendu !"
15709,/sl0HSc0Jd6CGkHM0unDSJn3lSHy.jpg,"Alors que la routine s'installe dans le couple d'Hugo et Ariane après dix ans de mariage, ils décident d'échanger leur vie. Ariane se retrouve ainsi à la tête d'une société de location de matériel de chantier alors qu'Hugo devient vendeur de bijoux à domicile."
729720,/sNfEiOU2QOACkdcUBKRzhFcIYTN.jpg,"Richard Brumère dit « La brume » une véritable légende des services secrets, disparu depuis des années, est de retour en France. L’immunité qu'il avait négociée il y a vingt-cinq ans pour son fils caché, Archibald, est étrangement levée. Pour le sauver d'une opération mafieuse dont il est innocent mais qui pourrait lui coûter la vie, La Brume va devoir réactiver ses contacts un peu vieillissants, faire équipe avec une bande de jeunes plus ou moins téméraires, affronter un bureaucrate zélé, gérer les rapports père-fils nouveau pour lui, mais surtout trouver le courage de révéler à Archibald qu’il est son père."
734480,/4M1oU6HNrexnqXtiOZAxPSu6uv7.jpg,"Aurore, la plus déjantée des mamies fait une chute spectaculaire lors d’une danse endiablée. Elle perd la mémoire et se retrouve en convalescence dans une maison de repos. Des bribes de souvenirs lui remontent parfois, évoquant un mystérieux Gégé, qu'elle aurait pu connaître dans sa jeunesse. Ses sept petits enfants décident alors de faire évader leur mamie et partent à travers la France à la recherche de celui qu’ils croient être leur Papy."
613335,/fJf7AntefueauTVN3m5HYpmhpvp.jpg,"Après avoir démissionné de son poste de président de la république, Jeff et sa famille sont heureux de retrouver leur village de Bouzolles. À l’approche des fêtes de fin d’année, Cathy demande un unique cadeau : renouer les liens avec sa sœur Maguy, et son mari Jean-Yves avec qui Jeff est fâché depuis 10 ans… La réconciliation aurait pu se dérouler sans problème, sauf que lors d’un déjeuner, Jeff et Jean-Yves, vont une nouvelle fois trouver un sujet de discorde : NOËL. Cette querelle familiale qui n’aurait jamais dû sortir de Bouzolles va se transformer en bras de fer entre Jeff et un géant de la distribution sur Internet."
736500,/lLrCA0MaLFZS518fkaeMUavJOGG.jpg,"Issu d’un orphelinat, Milann Rousseau ne fait rien de sa vie. Hébergé par son avocat et ami d’enfance, ce dernier le pousse sans cesse à se bouger. Après avoir causé des dégâts matériels qui ont manqué de tuer une vieille dame dans un supermarché, Milann est condamné à une peine de deux mois de travail d’intérêt général. Engagé comme manutentionnaire dans la maison de retraite Les Mimosas, c’est un véritable cauchemar pour Milann qui ne supporte pas les personnes âgées. Malgré ses maladresses et son manque de motivation, Milann va s’attacher peu à peu aux pensionnaires. Il sympathise notamment avec Lino, un ancien boxeur, qui va lui apprendre à se défendre et à prendre sa vie en main…"
730769,/ne54bsaNECEP1nriosctoGWI3WN.jpg,"Vincent et Sophie sont bouchers. Leur commerce, tout comme leur couple, est en crise. Mais tout va basculer le jour où Vincent tue accidentellement un végan militant qui a saccagé leur boucherie... Pour se débarrasser du corps, il en fait un jambon que sa femme va vendre par mégarde. Jamais jambon n'avait connu tel succès ! L'idée de recommencer pourrait bien les titiller..."
748094,/7yNpKeP35aJoHoa9WsMqLtgB7bX.jpg,Deux frères s'entraident pour lutter contre leurs démons respectifs : l'amour et la folie.
671043,/sb3hYPMDHjyUBID95jqMRoFMbl2.jpg,"Paresseux, capricieux, fêtards, les trois enfants de l'homme d'affaires Francis Bartek ne font rien de leur vie, à part dépenser l'argent que leur père a durement gagné. Lassé par leur comportement, celui-ci leur fait croire qu'ils sont totalement ruinés, les forçant ainsi à faire l'impensable : travailler !"
17417,/eGZyAHnGgGTUfABgAd0ZQYH1TKD.jpg,"Après sept années passées en prison, Mario Diccara est libre. N'ayant pas complètement réglé ses affaires avec le milieu, il demande à la seule personne de confiance qu'il connaisse, son frère Patrick, de lui trouver une planque pour se mettre au vert quelque temps. Patrick, curé de son état, lui suggère de rejoindre le Père Etienne dans son petit village de l'Ardèche. Mario endosse donc la robe pour faire le voyage. Mais à l'arrivée, les ennuis commencent : le Père Etienne est décédé et les villageois prennent Mario pour le nouveau curé..."
14406,/tHwHyMVbZ86j4F1N2L1eaaAMzwr.jpg,"Nous sommes dans un coin de France reculé… très reculé.  Christian Bodin, 50 ans, va se marier avec Claudine, la cantinière de l'école du village.  Il vit sous la coupe de sa mère Maria, 82 ans, vieille campagnarde intraitable et irascible. Une équipe de journalistes venue filmer les dix jours précédant le mariage se retrouve plongée dans les « entrailles » de la vie à la campagne."
64643,/tFIt2Yis53RuPiiTtyGzSM1yHsC.jpg,"Un village quelque part en Algérie. Orgueilleux et fanfaron, Mounir aspire à être reconnu à sa juste valeur. Son talon d'Achille : tout le monde se moque de sa soeur, Rym, qui s'endort à tout bout de champ. Un soir, alors qu'il rentre soûl de la ville, Mounir annonce sur la place du village qu'un riche homme d'affaires étranger a demandé la main de sa soeur.  Du jour au lendemain, il devient l'objet de toutes les convoitises. Aveuglé par son mensonge, Mounir va sans le vouloir changer le destin des siens..."
838916,/1AZelt9VgdFFDxXu8JZYESptNYN.jpg,"Alors que Gérard Lanvin s’apprête à tourner l’un des films les plus importants de sa carrière dans le sud de la France, son chemin croise celui de Momo Zapareto… pour son plus grand regret. Car Momo est fan, très fan, trop fan ! Pour Gérard, le cauchemar ne fait que commencer…"
765822,/avX92SvohrHV24fcNRBqOtoKZOq.jpg,"Angèle, jeune femme ivoirienne d’une trentaine d’années, s’en est toujours sortie grâce à sa tchatche et à son culot. Pour échapper à une bande de dangereux malfrats, elle décide de se faire engager comme nounou dans un quartier chic parisien, par Hélène maman célibataire du petit Arthur, 8 ans. En découvrant les conditions de travail des autres nounous, Angèle se met en tête de les défendre grâce à un jeune avocat qui ne tarde pas à tomber sous son charme."
781453,/nJM1BPqwlaPwF7ZiNNYpKxwF1og.jpg,"Anaïs a trente ans et pas assez d’argent. Elle a un amoureux qu’elle n’est plus sûre d’aimer. Elle rencontre Daniel, à qui tout de suite elle plaît. Mais Daniel vit avec Emilie… qui plaît aussi à Anaïs. C’est l’histoire d’une jeune femme qui s'agite. Et c’est aussi l’histoire d’un grand désir."
18896,/cbcgQKiGmaUFUr0ijn9pZJO8wd2.jpg,"Hervé et Camel, adolescents de 14 ans scolarisés dans le même collège, ne pensent qu'à une chose : les filles. C'est leur unique sujet de conversation. Malheureusement, les deux amis, desservis par un physique ingrat, multiplient les échecs. Alors ils se contentent de se masturber devant de vieux catalogues. Mais un jour, tout change pour Hervé, qui vit seul avec une mère intrusive et déprimée. En effet, il réalise qu'Aurore, la plus jolie fille de la classe, a le béguin pour lui. Encouragé par Camel, Hervé tente de se rapprocher d'elle. Il compte profiter d'une fête, organisée par la grande soeur d'Aurore, pour arriver à ses fins…"
26152,/zKLakpEBDrcU3NoNuU0U5OBY8Vw.jpg,"Lorsque Julien Foucault, maître d'hôtel de la très vénérable banque d'affaires Berthin-Schwartz, apprend son licenciement, il y voit l'occasion de réaliser son rêve de toujours : ouvrir un restaurant avec son meilleur ami Étienne. Pourtant, après 17 ans de bons et loyaux services, la banque lui refuse tout appui financier. Julien décide alors de tirer profit des informations confidentielles dont usent ses employeurs, mais ces derniers le prennent en flagrant délit d'initié et décident de lui jouer un tour machiavélique."
735697,/9fmikGwdV1OgJloxQPWTdCFR9sv.jpg,Alain et Marie s'installent dans le pavillon de banlieue de leurs rêves. Mais l'agent immobilier les a prévenus : ce qui se trouve au sous-sol risque bien de changer leur vie…
747681,/hkxowXdiYTPFw8LyDv46VfFzHh9.jpg,"Alex et Noémie, la trentaine, voudraient avoir un enfant. Mais leurs plans sont chamboulés quand Suzanne, la mère d’Alex, se met à faire de sacrées conneries. C’est parce qu’elle a contracté une “démence sémantique“, maladie neurodégénérative qui affecte son comportement. Elle dépense sans compter, rend des visites nocturnes à ses voisins pour manger des tartines, se fabrique un faux permis de conduire avec de la colle et des ciseaux. Suzanne la maman devient Suzanne l’enfant ingérable. Drôle d’école de la parentalité pour Noémie et Alex !"
655912,/xWF7xRSz8bjGGh5zevuBNHXvENT.jpg,"Ary Abittan revient sur scène gonflé à bloc, pour vous présenter son nouveau spectacle ""My story"".  Comme le titre le laisse entendre, Ary Abittan va revenir sur les différentes parties de sa vie et égrener avec le public, son enfance, son mariage, son divorce, son célibat, sa famille recomposée et ses enfants. Ary Abittan, nous propose une toute autre facette de ce que nous connaissons de lui, il se livre comme jamais auparavant dans ce spectacle entre fou rire, folie et émotion."
885266,/e4Qsy4ABeKmG1sLkrIJzPlOVa8b.jpg,"Persuadée qu’une rupture briserait le cœur de sa petite fille, Zohra n’arrive pas à quitter son mari Omar malgré les violences qu’elle subit. C’est alors qu’elle rencontre un maître de Kung-Fu qui va lui apprendre à se défendre et à rendre désormais coup pour coup !"
770554,/2GWX5cmVrvj1LsbbopJ379O4ppL.jpg,"Chantal et Christian vivent une retraite paisible en banlieue parisienne. Depuis que leurs enfants, Sandrine et Stéphane, ont quitté le nid, ceux-ci ne donnent plus beaucoup de nouvelles. Les occasions de se réunir en famille se font de plus en plus rares… Quand les rejetons annoncent qu’ils ne viendront pas fêter Noël, c'en est trop pour Chantal et Christian! Ils décident alors de leur faire croire qu'ils ont gagné à la loterie et sont devenus multimillionnaires. Une tentative désespérée pour tenter de les faire revenir et un mensonge qui pourrait leur coûter cher…"
833404,/bco9P1bzXuMZhz34ZeUKfmOM7fn.jpg,"Au même moment en France, un couple de retraités surendettés tente de remporter un concours de rock, un ministre est soupçonné de fraude fiscale, une jeune adolescente rencontre un détraqué sexuel. Une longue nuit va commencer. Les chiens sont lâchés."
756935,/vaPca0SEXYI5xlquABAEuUT9EBc.jpg,"Dans un village de La Réunion, Nelson, 10 ans, rêve de devenir un grand chanteur et ainsi rendre fière sa mère qui l’élève seule. Après avoir postulé à l’émission télévisée Star Kids avec l’aide de ses amis Mia et Zizou, ils décident de trouver un coach pour préparer son concours. Par chance, Pierre Leroy, chanteur célèbre à la carrière en berne, est en tournée sur l’île. Mais le courant passe difficilement entre Pierre, solitaire et désenchanté, et Nelson fier et obstiné. Leur seul point commun, l’amour du chant. Sera-t-il assez fort pour les rapprocher ? Assez fort pour que Nelson renoue avec sa mère et que Pierre retrouve l’envie de ses débuts ?"
757341,/vBMlMuGMQw5Q6XdpEyo0ThJ9r7Z.jpg,"Charly Fleury a choisi de vivre et de travailler dans un monde futile et stérile : la Mode. Elle est rédactrice en chef d’un magazine de mode, entourée de personnes névrosées, superficielles. Ce choix professionnel pour fuir la boucherie familiale dans laquelle elle a grandie. Mais son père est fatigué, cardiaque, il vient lui proposer une association qu'elle refuse. Et il décède d'une nouvelle attaque. Elle hérite de l'établissement, du personnel et de la clientèle. Fêtes de fin d'années obligent, Charly accepte de gérer le commerce mais passé la période, elle vend ! Martial Toussaint, second de la boucherie, ancien commis du défunt, très attaché à la boucherie ne l'entend pas ainsi. Et si ensemble ils parvenaient à conjuguer leurs compétences pour rendre l'activité florissante ? Pourc cela, il va falloir cohabiter..."
865498,/sNIHZpKv3RKTgP5m7Vdfxk8XtFT.jpg,"Pour l'anniversaire de son fils Alexandre, l'homme le plus riche de France privatise un grand magasin qui lui appartient. Contre toute attente, l'enfant décide alors de choisir Sami, le gardien de nuit, comme nouveau jouet..."
845099,/tqTZcQyDPK99PanEo0xE9f2xaz0.jpg,"Suite à un casse qui a mal tourné, Antoine blessé à la jambe, débarque de force chez Elias pour se trouver une planque. Rien ne destinait le braqueur de banque un rien anarchiste, à croiser la route de ce prof d’histoire à la vie réglée comme un métronome. S’engage alors un étrange rapport de force entre les deux hommes où se mêlent emprise et complicité. Mais c’était sans compter sur Lucie, l'enquêtrice chargée de l’affaire du casse."
740460,/nfeLQ1aLVIKxxjypaa8DXSFoueW.jpg,"Daniel, un chanteur raté, va perdre son logement et son poste au SAV d'un magasin d'électroménager. Lorsqu'il découvre que Stéphane, un collègue naïf et prétentieux, connaît le montant de tous les appareils en rayon, il décide de se servir de lui pour participer au jeu TV ""Le Prix à tout Prix"", remporter 100 000 € et se retrouver enfin sous le feu des projecteurs. Alors oui tout les oppose, non ça ne sera pas de tout repos, mais Daniel et Stéphane sont pleins de ressources."
26691,/XLNEeGnPhazwU0GuEuJMShGUvS.jpg,"Sami Benboudaoud, 14 ans, vit heureux avec ses potes dans sa cité de Châlon. Hélas, le destin l'arrache un jour à son paradis, et le propulse dans l'enfer de... Neuilly-sur-Seine ! Là, il est confié à sa tante Djamila, qu'il rencontre pour la première fois, et à son mari, Stanislas de Chazelle, héritier d'une vieille famille française extrêmement rigide sur les bonnes manières."
768127,/bfZ4M8FyHcOCaOMYrlWUC2PBi3Z.jpg,"Face à leurs fantasmes, six couples tentent d'explorer les faces cachées de leur vie intime. Six questionnements sur l'accès au plaisir. Du jeu de rôle à l'abstinence, en passant par l'exhibition, six histoires séparées avec au centre le même questionnement sur le désir aujourd'hui. Le sien mais aussi celui de l'autre."
15713,/iYwiHAshgJbE6gzqjKYNoX0BnOO.jpg,"Jean-Gabriel est un sympathique père de famille. Mais Suzy, son épouse, s'agace de le voir se satisfaire d'un quotidien médiocre. Vivant de boulots à la petite semaine, Jean-Gabriel est incapable d'imaginer le moindre projet d'avenir. Tout juste parvient-il à planifier ses après-midi au bar du coin. Un soir, il jure un peu vite que, cette année, toute la famille ira en vacances au ski. Fous de joie, les enfants sautent au cou de leur père. Mais Suzy n'est pas dupe. Pourtant, elle avertit Jean-Gabriel : s'il n'honore pas sa promesse, elle le quitte. Sans le sou, Jean-Gabriel va devoir faire preuve d'imagination pour offrir à sa famille des vacances de rêve. Les choses se compliquent lorsqu'il réalise qu'il lui faudra également emmener sa mère avec eux..."
771077,/9lbVcQfSfcMewo03UM7knSvN31T.jpg,"Élise, 26 ans est une grande danseuse classique. Elle se blesse pendant un spectacle et apprend qu’elle ne pourra plus danser. Dès lors sa vie va être bouleversée, Élise va devoir apprendre à se réparer… Entre Paris et la Bretagne, au gré des rencontres et des expériences, des déceptions et des espoirs, Élise va se rapprocher d’une compagnie de danse contemporaine. Cette nouvelle façon de danser va lui permettre de retrouver un nouvel élan et aussi une nouvelle façon de vivre."
43616,/k8nYrjiEx8oGTX498bW19PdhNkR.jpg,"Armand Lacourtade, 43 ans, vendeur de matériel agricole, ne supporte plus sa vie d'homosexuel célibataire. Quand il rencontre Curly, une adolescente qui n'a pas froid aux yeux, il vire de bord. Pourchassés par tous, ils bravent tous les dangers pour vivre cet amour interdit. Ils finissent par créer un drôle de couple. Mais est-ce vraiment de ça dont Armand avait rêvé ?"
757999,/nWJ5QmXg7feIC8hNvBA11KbIU5p.jpg,"Lausanne. Louis est directeur d’une société de pompes funèbres. Célibataire endurci, à 58 ans il se consacre entièrement à son métier et ne peut se résoudre à prendre sa retraite. Igor a 40 ans, un esprit vif dans un corps handicapé : il est infirme moteur cérébral. Igor livre des légumes bios sur son tricycle pour payer son loyer et passe le reste de son temps dans les livres, à l’écart du monde, avec ses compagnons de route, Socrate, Nietzsche et Spinoza. Par un hasard qui n’appartient qu’à la vie les chemins de Louis et d’Igor se croisent. Sur un coup de tête Louis décide d’emmener Igor avec lui. Ils partent tous deux en corbillard conduire la dépouille d’une vieille dame, Madeleine, au pied des Cévennes. A travers ce périple égrainé de rencontres, Louis et Igor vont s’épauler pour conquérir pas à pas un art de vivre, une liberté quant au regard de l’autre, nous délivrant ainsi une leçon ultime : aimer la vie telle qu'elle se donne et se départir de soi."
75491,/9Soz10yLjrZqH9EueWQ7B37RKXQ.jpg,"Le rabbin Sfar vit avec sa fille Zlabya et un chat espiègle. Un beau jour, le chat se met parler pour ne dire que des mensonges ! Le rabbin décide alors d'éloigner le chat de Zlabya, mais celui-ci, fou amoureux de sa petite maîtresse, est prêt à tout pour rester auprès d'elle… C'est le début de l'aventure !"
741124,/rlHMQK4cyvzqsOUZCSJEAQkd8qm.jpg,"Nicolas, un ancien président de la République, supporte mal l’arrêt de sa vie politique. Les circonstances lui permettent d’espérer un retour sur le devant de la scène. Mais il lui faut un allié. Nicolas va donc partir en Corrèze, pour convaincre François, un autre ancien président (qui, lui, coule une retraite heureuse à la campagne) de faire équipe avec lui. François se pique au jeu, tandis que Nicolas découvre que le bonheur n’est peut-être pas là où il croyait… Et leurs compagnes respectives, elles, ne vont pas tarder à se mettre de la partie."
745608,/svalr5nSkViOcQk8sE7qgf0PSqg.jpg,"Vincent Peltier, paisible employé aux « Eaux et forêts » à Limoges, est incité à démissionner à cause d’une révision des effectifs, ce qu’il souhaite le moins du monde. Une inspectrice trop zélée décide de le muter dans les pires endroits au monde pour le pousser à renoncer. Elle l’envoie donc au Groënland pour protéger les chercheurs d’une base scientifique des attaques d'ours. On vous laisse imaginer la suite…"
49510,/eX5LiuBoacGj8L9e7qm7SoiPu80.jpg,"Dans les années 60, les aventures d'une vieille fille écossaise revêche, contrainte de jouer les agents secrets pour le compte de l'Amirauté britannique."
40188,/blJfnl0RiIzd98jVO7GSZVKKgbJ.jpg,"Jean-Pierre, récemment retraité, est hypocondriaque... Anne, sa femme, le trompe avec un ancien collègue de bureau... Sa fille Cathie, divorcée et mère d'un petit garçon de cinq ans, vit avec Philippe, un ""brave"" garçon, que Mathieu, le frère homo de Cathie, appelle "" Bac moins six ""... Quand JP découvre une petite tâche sur sa peau au niveau de sa hanche droite, que Cathie lui annonce qu'elle épouse ""Bac moins six"", que Mathieu se fait larguer parce qu'il hésite à inviter son amant au mariage de sa sœur, et que JP apprend fortuitement que sa femme le trompe, l'équilibre familial implose. Disputes, règlements de comptes, insultes... JP, Anne, Cathie, Mathieu et Philippe ne s'épargnent rien et traversent, ensemble, une petite zone de turbulence..."
746333,/4nuElmKU1F53qGq0MskGgyRH8Q2.jpg,"Cédric, un apprenti comédien en galère, qui décroche enfin son premier rôle dans un film de super-héros. Un soir, alors qu’il emprunte la voiture de tournage, il est victime d’un accident qui lui fait perdre la mémoire. À son réveil, vêtu de son costume de justicier et au milieu des accessoires du film, il est persuadé d’être devenu le personnage du film avec une mission périlleuse à accomplir. Mais n’est pas héros et encore moins super-héros qui veut… Et encore moins Cédric !"
1030462,/q8vJzeS3gIvnvRPbhL9OBsfGm8n.jpg,"Quand on s’aime mais qu’on ne se supporte plus, qu’est-ce qu’on fait ? Marie et Simon sont profondément amoureux, malgré les disputes constantes dans leur vie de couple. Pour ne pas se séparer, ils se lancent dans une aventure un peu folle : établir une liste de règles qu’ils devront suivre coûte que coûte. Ils l’appellent la charte Universelle des droits du couple."
785985,/6NHyuF440HprqRfYrecdMQH6iQb.jpg,"Dix ans après avoir fait équipe, Ousmane et François, deux flics que tout oppose, reforment à contrecœur leur tandem de choc. Pas franchement ravis de se retrouver, ils mettent le cap sur une petite ville des Alpes pour enquêter sur un meurtre particulièrement sordide. Mais, alors qu'ils pensent avoir élucidé l’affaire, Ousmane et François découvrent une réalité bien plus terrifiante ! De surprises en rebondissements, leur escapade loin du périph les pousserait même à s’apprécier…"
785516,/siRIgKDX920Nqu1jWDGMNxykqwN.jpg,"Les rues de Paris sont vides et silencieuses. Alors que certains ont préféré fuir la capitale, sept familles sont restées confinées dans un immeuble du 11ème au 8 rue de l’humanité avec entre autres ; une patronne de bistrot qui cherche le moyen de rester ouvert. Un scientifique ambitieux qui veut trouver le vaccin et ne plus jamais s’occuper d’analyses d’urines. Un hypocondriaque en panique mais heureux d’avoir enfin raison, sa femme avocate qui se bat pour concilier vie professionnelle et vie de famille, un coach sportif en ligne qui grossit au fil des semaines, sa fiancée enceinte qui fait le buzz en devenant chanteuse anti Covid, un riche self-made-man désespéré de ne pas avoir le niveau scolaire de son fils de 8 ans… et deux enfants de 8 et 10 ans qui, grâce au confinement, vont tomber amoureux."
842239,/evJeMXMGzghSOhaUCwPkBV61lB0.jpg,"Abel et Marianne découvrent que leur fils Joseph, 13 ans, a vendu en douce leurs objets les plus précieux. Ils comprennent rapidement que Joseph n’est pas le seul, ils sont des centaines d’enfants à travers le monde associés pour financer un mystérieux projet. Ils se sont donnés pour mission de sauver la planète."
1001472,/8gPBC7YeYLf0THz2eDdBWPGjObc.jpg,"Amina, Djeneba et Zineb, trois adolescentes inséparables, postent sur les réseaux sociaux une vidéo mettant en cause l’agresseur de l’une d’entre elles. Elles devront choisir entre sauver leur amitié ou céder face aux pressions."
17418,/dpFkYWQYCJBQM5bV8RBg2ITv6lt.jpg,"Romaine a 30 ans. Justin, son copain, décide de l'emmener à Noël dans le grand nord québécois pour y mener une nouvelle vie. Mais au dessus de l'Atlantique, Romaine apprend que l'avion va s'écraser et ne veut pas mourir sans avoir avoué à Justin une vérité qu'elle lui a toujours cachée. Cependant rien ne va se passer comme prévu..."
783573,/7uyeiUG935yI0WHJd9Sl3yCefba.jpg,"Brindille, Casquette et La Flèche vivent comme ils peuvent, au jour le jour, dans le bois de Vincennes. Mais leur situation précaire devrait changer du tout au tout le jour où ils gagnent au Loto. Encore faut-il pouvoir encaisser l’argent, car sans domicile, pas de carte d’identité à jour et sans compte bancaire, pas de paiement !"
51866,/jNTtJdJgCgGweNEL6hHLcqBco1N.jpg,"Alors que s'annonce la fin du monde, Robinson Laborde se remet peu à peu de l'échec d'une aventure sentimentale pour laquelle il s'était décidé à quitter sa femme.Malgré l'imminence du désastre, et peut-être pour mieux y faire face, il s'élance dans une véritable odyssée amoureuse qui l'entraîne sur les routes de France et d'Espagne."
886563,/8yTuq5QAb7tgfBheoMAoyNiXsgJ.jpg,"Dentiste à Paris, Romain (Didier Bourdon) vient de perdre son père qu’il n’a pas vu depuis des années. À sa grande surprise, ce dernier lui a laissé un terrain en héritage, ainsi qu’une dernière volonté : y faire construire la maison où il aurait aimé finir ses jours. Seul problème : ce terrain se situe en Corse."
41179,/tZfyRBGT3ws3QtAcXCXirY4CFXI.jpg,"Bérengère et Vincent se marient dans le respect des traditions bourgeoises. Selon la coutume, familles et amis se réunissent à la campagne par une belle journée de printemps. Journée joyeuse pour certains, douloureuse pour d'autres, en tous les cas déterminante et inoubliable pour tous. Mais comme les liens du sang ne sont pas toujours ceux du cœur, cette journée va vite devenir ""L'heure de vérité"", toute génération confondue..."
844043,/xNYYiZUu3OCFBY7f2ELiGAqDFC.jpg,"Quiévrechain, ville industrielle du nord de la France. Après la fermeture de leur usine, Franck, passionné de variété française décide d’entraîner ses anciens collègues, Sophie (dont il est secrètement amoureux), José (qui chante comme une casserole), et Jean-Claude (ancien cadre un peu trop fier) dans un projet un peu fou : monter une entreprise de livraisons de chansons à domicile, SI ON CHANTAIT ! Départs en retraite, anniversaires ; à force de débrouille, ils commencent à avoir de plus en plus de demandes. Mais entre chansons, tensions et problèmes de livraisons, les fausses notes vont être dures à éviter !"
833428,/aJ1GqLcd0nyuTSbMgKXbdK4JYev.jpg,"Après une nuit arrosée, Jonas décide sur un coup de tête de rendre visite à son ancienne petite amie, Léa, dont il est toujours amoureux. Malgré leur relation encore passionnelle, Léa le rejette. Éperdu, Jonas se rend au café d’en face pour lui écrire une longue lettre, bousculant ainsi sa journée de travail, et suscitant la curiosité du patron du café. La journée ne fait que commencer..."
19268,/2mR6ItN0WEGnpPmM3xFcgHkTypQ.jpg,"Famille : Groupe de personnes réunies par des liens de parenté et un fort sentiment de solidarité morale et matérielle. Quand Alain a épousé Nathalie, il ne savait pas qu'il épouserait aussi sa famille. Ce samedi, comme toutes les semaines, ils sont invités à dîner chez son beau-frère, Jean-Pierre à Créteil. Mais ce soir, plus que d'habitude, Alain est à bloc, il bout comme une cocotte prête à exploser. Il en a marre, marre de se planter à chaque fois sur le chemin pour aller à Créteil, marre de se taper les petits conseils de vie de Jean-Pierre et de sa femme Catherine qui élève ses enfants comme des chevaux, marre d'attendre de dîner l'estomac vide en regardant les spectacles soporifiques de leur fille Gaëlle, marre de regarder pour la énième fois la vidéo de leur mariage, marre aussi de son autre belle-sœur Roxane, qui, affolée par son horloge biologique, a jeté son dévolu sur Bruno, jeune interne en médecine qui se demande un peu comment il a atterri à ce dîner."
827168,/uad2QFENfs7d3ausRsAia1xunrB.jpg,"À 19 ans, passionnée de street art, Naëlle est contrainte de suivre avec d’autres jeunes un chantier de réinsertion, sa dernière chance pour éviter d’être séparée de ses proches. Touchée par la jeune fille, Hélène, la responsable du chantier, lui présente un jour la Maison des Compagnons de Nantes, un monde de traditions qui prône l’excellence artisanale et la transmission entre générations. Aux côtés de Paul, Compagnon vitrailliste qui accepte de la prendre en formation dans son atelier, Naëlle découvre un univers aux codes bien différents du sien... qui, malgré les difficultés, pourrait donner un nouveau sens à sa vie."
52613,/tBsRtiMNxI96nw3KYWSN935kQtu.jpg,"La loi de Murphy est un principe empirique énonçant que « si quelque chose peut mal tourner, alors cette chose finira infailliblement par mal tourner ». Après 4 ans de prison, Elias effectue sa réinsertion dans un hôpital en tant que brancardier. Dans 5 heures, sa conditionnelle arrivera à terme. Mais voilà, c'est sans compter sur La loi de Murphy et sa jolie brochette d'emmerdements maximums. Car des diamants volés pourraient jouer les prolongations. Leur propriétaire, fraîchement délesté, est admis aux urgences. Rudy, l'ex codétenu d'Elias qui en sait long sur ces diamants, lui aussi. Les frères Ortega, des caïds frappadingues, veulent lui faire la peau. L'hôpital devient leur QG. Les flics débarquent à leur tour et flairent du louche. Rien ne va plus pour Elias. Il essaie de sauver tout ce qui peut l'être contre vents et marées : sa peau, son ami, son boulot..."
903289,/gCFx4GzzO4Osbx87Kj5Thwm0tui.jpg,"Le soir de Noël, on veut que tout soit parfait et souvent tout nous échappe... C’est le moment où chacun est ramené à sa réalité, qu’elle soit belle ou compliquée. Dans cet immeuble d’une rue parisienne, Noël sera un peu particulier cette année... Ici, cohabitent des gens qui se connaissent à peine, qui se chuchotent des tous petits « bonjour » en sortant leurs poubelles ou en allant travailler. Quand les destins de ces voisins survoltés, déprimés ou émerveillés par la magie de noël, se croisent et font des étincelles…"
45061,/lKlmgBSJQjxCTUP4DFq8GebC6gw.jpg,"Lucas, Manu, Philippe, Jacob et Mario s'aiment depuis l'enfance. Ils ont du talent et de l'espoir. Ils rêvent de musique et de gloire.Leur groupe de rock, Lust, connaît un succès grandissant, mais les aspirations de chacun rendent incertain leur avenir commun.L'arrivée de Laura dans leur vie va bousculer un peu plus ce fragile équilibre."
960057,/yGoQuaW00JhM3PxLxEjghi3SiR5.jpg,"Maria est femme de ménage. Mariée depuis 25 ans, réservée, timide et maladroite, elle ne quitte jamais son carnet à fleurs dans lequel elle écrit des poèmes en secret. Lorsqu’elle est affectée à l'École des Beaux-Arts, elle rencontre Hubert, le gardien fantasque de l'école, et découvre un lieu fascinant où règnent la liberté, la créativité et l'audace... Dans ce monde si nouveau, Maria, qui a toujours été dévouée et discrète, va-t-elle enfin se laisser envahir par la vie ?"
845140,/irfSwljgfHiDdqFodgA8Unmu6gP.jpg,"Cathy, 40 ans, serveuse à Antibes, a toujours voulu être cheffe de son propre restaurant. Lorsqu’elle se fait renvoyer pour la énième fois à cause de sa grande gueule, elle se retrouve contrainte d’accepter un poste de cantinière dans un foyer accueillant des mineurs sans papiers…"
40194,/xhse79Bx2nkapzzIrPrPanrY0rU.jpg,"Sam est coursier. Il sillonne Paris, souvent au mépris des règles élémentaires du code de la route. Alors qu'il doit impérativement assister à un mariage pour tenter de sauver son couple avec Nadia, il n'a pas d'autre choix que d'accepter une course urgente pour son boss... Course qui va faire de cette journée, le pire cauchemar de sa vie."
537197,/xs2NV4Dq5tGqOBEu9ixd9VgrIPe.jpg,"Dans ce one-man-show, le satiriste ose tout. Alban Ivanov donne vie à de nombreux personnages parfois infréquentables : Chico, un forain édenté, Vener, un rappeur enragé, Thibault, un mime poético-trash, une conseillère d'orientation particulièrement empathique... L'artiste parle également de son enfance, entre scolarité difficile et famille éclatée, de sa paternité et de sa vie de couple. Et Alban Ivanov n'hésite pas à dire tout le bien qu'il pense de Paris..."
960275,/673fTbMBa9Ro77Xs1NB7Puiicda.jpg,"Chez les Dumar, on est chefs d’orchestre de père en fils : François achève une longue et brillante carrière internationale tandis que Denis vient de remporter une énième Victoire de la Musique Classique. Quand François apprend qu’il a été choisi pour diriger la Scala, son rêve ultime, son graal, il n’en croit pas ses oreilles. D’abord comblé pour son père, Denis déchante vite lorsqu’il découvre qu’en réalité c’est lui qui a été choisi pour aller à Milan."
809733,/54sdlz8guOTzvmiYCiImnDssRbX.jpg,"Antoine semble n’écouter rien ni personne : ses élèves (qui lui réclament plus d’attention), ses collègues (qui n’aiment pas son manque de concentration), ses amours (qui lui reprochent son manque d’empathie)... Et pour cause : Antoine est encore jeune mais a perdu beaucoup d’audition. Sa nouvelle voisine Claire, venue s’installer temporairement chez sa sœur avec sa fille après la perte de son mari, rêve de calme et tranquillité. Pas d’un voisin aussi bruyant qu’Antoine, avec sa musique à fond et son réveil qui sonne sans fin. Et pourtant, Claire et Antoine sont faits pour s’entendre !"
35025,/mqnpiF48drc55uf0BJuhH14RiOD.jpg,"Le jour où les flics sont venus me chercher dans ma banque, pour m'apprendre que j'avais un frère jumeau, qui plus est un mac, et que j'avais 30 secondes pour répondre à leur deal : 20 ans de taule ou un mois dans la peau de mon frère, j'ai mis 15 secondes pour endosser son costard de mac."
48034,/qoHIdk4jZTwNjRz23ql3TO8yH9b.jpg,"À la suite d'un événement bouleversant, une bande de copains décide, malgré tout, de partir en vacances au bord de la mer comme chaque année. Leur amitié, leurs certitudes, leur culpabilité, leurs amours en seront ébranlées. Ils vont enfin devoir lever les « petits mouchoirs » qu'ils ont posés sur leurs secrets et leurs mensonges."
886953,/epKakliobTsoCDMqGSKGpy3RGbx.jpg,"Parce qu’il a oublié sa carte d’identité, Elias ne peut passer les épreuves du concours d’entrée à Sciences Po. À la recherche d’un job en attendant de pouvoir se présenter à nouveau, il devient éducateur dans une Maison d’Enfants à Caractère Social. Confronté à un milieu dont il ignore le fonctionnement, Elias ne sait pas encore à quel point cette expérience va changer sa vie."
960543,/31dkjJJty4gVA2t5LKi2WBd9x15.jpg,"À soixante ans passés, deux amis en proie à des difficultés financières vont tirer profit de leur image dans le milieu de la mode et de la publicité. L’un est encore beau, l’autre ne l’a jamais été. Mais au-delà du jeu des apparences, qu’est-ce vraiment que d’avoir l’âge de la retraite aujourd’hui ?"
928202,/s8zh9DbnkfGm2IaTZaciyKQd1iM.jpg,"Divorcé du genre bourru, Jacques tient seul une petite cave à vins, au bord de la faillite. Hortense, engagée dans l'associatif et déterminée à ne pas finir vieille fille, entre un jour dans sa boutique et décide de s'inscrire à un atelier dégustation."
41273,/gHKhipw4s1tp3wENcTyT2UUacu8.jpg,"Producteur de télévision parisien à succès, Joachim avait tout plaqué - enfants, amis, ennemis, amours et remords - pour repartir à zéro en Amérique à l’aube de ses quarante ans. Il revient avec une tournée de strip-teaseuses «New Burlesque» à qui il a fait fantasmer la France… Paris !De port en port, l’humour des numéros et les rondeurs des filles enthousiasment les hommes comme les femmes. Et malgré les hôtels impersonnels, leurs musiques d’ascenseurs et le manque d’argent, les showgirls inventent un monde extravagant de fantaisie, de chaleur et de fêtes. Mais leur rêve d’achever la tournée en apothéose à Paris vole en éclats : la trahison d’un vieil «ami» fait perdre à Joachim la salle qui leur était promise. Un bref aller et retour dans la capitale s’impose, qui rouvre violemment les plaies du passé..."
764393,/6XX6OAT9SfYhZTei3QHl6NyHuTc.jpg,"Alex, alias DJ Wethu, est une star du monde de la nuit. Au bord du burn-out, il enchaîne les concerts aux quatre coins de la planète... Jusqu’au jour où, en plein festival au Maroc, Alex fait une mauvaise une chute et tombe de scène. Immobilisé sur place le temps de sa convalescence, il est placé sous la vigilance d’Abdel qui rêve de devenir aide-soignant. Le problème, c’est qu’il ne l’est pas tout à fait ! Une rencontre pour le moins inattendue..."
39413,/gIjiBsSbRExtZgfkCdor0HITKRh.jpg,"Germain, 45 ans, quasi analphabète, vit sa petite vie tranquille entre ses potes de bistrot, sa copine Annette, le parc où il va compter les pigeons et le jardin potager qu'il a planté derrière sa caravane, elle-même installée au fond du jardin de sa mère, avec laquelle les rapports sont très conflictuels. Il n'a pas connu son père, sa mère s'est retrouvée enceinte de lui sans l'avoir voulu, et le lui a bien fait sentir depuis qu'il est petit, à l'école primaire son instituteur l'a vite pris en grippe, il n'a jamais été cultivé, il est resté « en friche ». Un jour, au parc, il fait la connaissance de Marguerite, une très vieille dame, ancienne chercheuse en agronomie, qui a voyagé dans le monde entier et qui a passé sa vie à lire. Elle vit seule, à présent, en maison de retraite. Et elle aussi, elle compte les pigeons. Entre Germain et Marguerite va naître une vraie tendresse, une histoire d'amour « petit-filial », et un véritable échange..."
893372,/bmS09aAOFfUZ7QdzchHbBRITqac.jpg,"Madeleine, 92 ans, appelle un taxi pour rejoindre la maison de retraite où elle doit vivre désormais. Elle demande à Charles, un chauffeur un peu désabusé, de passer par les lieux qui ont compté dans sa vie, pour les revoir une dernière fois. Peu à peu, au détour des rues de Paris, surgit un passé hors du commun qui bouleverse Charles. Il y a des voyages en taxi qui peuvent changer une vie…"
947569,/4GcHmPzHGC1d4gTsUxdjr5RBjFU.jpg,"Alex, chanteuse dont la carrière peine à décoller, accepte un drôle de job : faire chanter des comptines à une chorale de retraités. Elle découvre un groupe de séniors ingérables qui ne rêve que d’une chose, chanter du rock ! La mission d’Alex va s’avérer plus compliquée que prévu avec la plus improbable des chorales…"
964917,/xNmqLUaQ7tdRdhzDy5oXi2KXj5I.jpg,"Lucie a 15 ans et une imagination débordante. Elle vit seule avec William, son père, qui, sous ses abords d’adolescent attardé, lutte contre la sclérose en plaques. Entre le collège, un petit boulot et la charge du quotidien, Lucie gère tant bien que mal, et s’échappe dans l’écriture d’un roman autobiographique fantasque, qui navigue entre rêve et réalité… L’annonce de la visite d’une assistante sociale va bousculer cet équilibre précaire. Lucie et son père vont devoir redoubler d’inventivité pour donner l’illusion d’une vie normale."
41211,/wNOFeAtXYD59NcBW09hfPEQwNJr.jpg,"Votre fille sort avec un sale type ? Votre sœur s’est enlisée dans une relation passionnelle destructrice ? Aujourd’hui, il existe une solution radicale, elle s’appelle Alex. Son métier : briseur de couples professionnel. Sa méthode : la séduction. Sa mission : transformer n’importe quel petit ami en ex. Mais Alex a une éthique, il ne s’attaque qu’aux couples dont la femme est malheureuse. Alors pourquoi accepter de briser un couple épanoui de riches trentenaires qui se marie dans une semaine ?"
37832,/gDEZHjfUqJI7PcpFKiMStw8PQvi.jpg,"Serge Pilardosse vient d'avoir 60 ans. Il travaille depuis l'âge de 16 ans, jamais au chômage, jamais malade. Mais l'heure de la retraite a sonné, et c'est la désillusion : il lui manque des points, certains employeurs ayant oublié de le déclarer ! Poussé par Catherine, sa femme, il enfourche sa vieille moto des années 70, une "" Mammut "" qui lui vaut son surnom, et part à la recherche de ses bulletins de salaires. Durant son périple, il retrouve son passé et sa quête de documents administratifs devient bientôt accessoire..."
45535,/36bGGHNevGu8R7uq0dFxSdbSlqb.jpg,"Fatal... c'est Fatal Bazooka, un rappeur bling-bling et hardcore. Fatal est désormais une énorme star. Des millions de fans, des dizaines de tubes, 4 Music Awards de la Musique du meilleur artiste de l'année, une ligne de vêtements, un magazine et prochainement l'ouverture de son propre parc d'attraction : Fataland. Il est le N°1 incontesté. En apparence tout va bien... mais en réalité, Fatal ne sait plus où il va, parce qu'il ne sait plus d'où il vient : depuis ses débuts, il fait croire qu'il a grandi dans le ghetto... alors qu'en fait, il est né dans un petit village de Savoie, en plein coeur des Alpes. Mais on ne peut pas être un ""gansta"" quand on est un fils de bergers de Savoie, alors Fatal a préféré cacher ses origines et oublier son passé..."
56704,/t7kYi93fz1aR4TTIZfxtO0bDbLJ.jpg,"Maximilien Chêne est probablement le meilleur coach de Paris et les plus grandes entreprises font appel à ses services. Mais c'est également un joueur invétéré, qui vient de contracter une énorme dette auprès d'un casino. Alors que sa femme, de guerre lasse, le quitte, Maximilien doit absolument trouver une mission bien rémunérée pour éviter la ruine. Celle-ci lui est finalement proposée par une société qui lui demande de coacher, à son insu, un de ses directeurs, Patrick Marmignon. Engagé comme stagiaire, Maximilien doit aider Patrick à négocier un important contrat avec des clients chinois..."
964898,/htSAdE5h2owQTcu8yMQO6V4qYwI.jpg,"Juliette est aux abois : l’école dans laquelle elle enseignait a brûlé et sa classe unique va devoir être dispatchée aux quatre coins du département… Son unique recours : faire classe aux Coquelicots, l’EPHAD local, seul endroit qui puisse les accueillir le temps des travaux. Si l’idée froisse d’abord Antoine, son directeur surmené, force est de constater que dès les premiers jours, les résultats sont là. Pour les enfants comme pour les pensionnaires âgés, rien ne sera désormais plus comme avant."
892508,/n59B3omT4VnKGeOkBLAGe7wfGXH.jpg,"David, jeune paysan du Cantal, vient d’avoir une idée : pour sauver son exploitation de la faillite, il va monter un cabaret à la ferme. Le spectacle sera sur scène et dans l’assiette, avec les bons produits du terroir. Il en est sûr, ça ne peut que marcher ! Ses proches, sa mère et surtout son grand-père, sont plus sceptiques."
794842,/kOHOCS40WqCqpfPcdL0SosDErn1.jpg,"Une mère célibataire et un homme marié deviennent amants. Engagés à ne se voir que pour le plaisir et à n’éprouver aucun sentiment amoureux, ils sont de plus en plus surpris par leur complicité…"
53988,/26hDTOIgCcwwvGRnEJ4mr5IveuG.jpg,"Adèle une jeune trentenaire se fait quitter par Mathieu, l'amour de sa vie. Anéantie, suffoquée, Adèle ne veut plus qu'une chose : mourir. Rachel, une cousine éloignée, la prend en charge. Elle décide d'aider Adèle en essayant de lui trouver du travail, de lui redonner goût à la vie et de la conseiller sentimentalement. Son principal conseil : coucher avec d'autres hommes afin de désacraliser cette histoire... À son corps et cœur défendant, Adèle part au combat."
846238,/5fk1bNip5m4hkFniiReuz1odSba.jpg,"Lisa décide de se donner une nouvelle chance en amour en quittant Paris pour Los Angeles. Ses enfants ont déserté le nid familial et sa mère célèbre, qui a été très absente durant sa vie, vient juste de mourir : Lisa a donc besoin d’un nouveau départ !"
925096,/vNIrRI13sxEndVhf9MgKak2WZdb.jpg,"Tout le monde a toujours aimé Jeanne. Aujourd’hui, elle se déteste. Surendettée, elle doit se rendre à Lisbonne et mettre en vente l’appartement de sa mère disparue un an auparavant. À l’aéroport elle tombe sur Jean, un ancien camarade de lycée fantasque et quelque peu envahissant."
848958,/8v9usg0XAmUpR8PGeYgK9XlFlaL.jpg,"Fin des années 80, Stella, Étienne, Adèle et toute la troupe ont vingt ans. Ils passent le concours d’entrée de la célèbre école créée par Patrice Chéreau et Pierre Romans au théâtre des Amandiers de Nanterre. Lancés à pleine vitesse dans la vie, la passion, le jeu, l’amour, ensemble ils vont vivre le tournant de leur vie mais aussi leurs premières grandes tragédies."
892535,/yKAJgM7oWE787HwKYSejg3Q6ocL.jpg,"lls pensaient enfin passer une retraite tranquille… 3 ans ont passé. Marilou et Philippe décident de faire découvrir à leurs petits-enfants leur nouvelle maison de vacances au Portugal. Mais une fois sur place, ils découvrent horrifiés que la maison est encore en chantier ! Ce n’est que le début des galères pour les grands-parents car bientôt… ils perdent les gamins. Il ne leur reste plus que deux jours pour les retrouver, avant que leurs parents ne les rejoignent."
874294,/1rpDCiHqnDmFy74gSVGG4lLZSic.jpg,"Maria Bodin, vieille fermière roublarde et autoritaire de 87 ans, doit faire face à une nouvelle épreuve : son grand nigaud de fils, Christian 50 ans, a perdu le goût de la vie. Suivant l’avis du psychiatre, qui conseille le dépaysement, la mère Bodin se résigne donc à casser sa tirelire pour payer des vacances à son fils… en Thaïlande ! Quand la mère et le fils Bodin s’envolent, pour la première fois, à plus de dix mille kilomètres de leur terroir natal, le choc est énorme : hôtel club, touristes, plages de sable blanc et autres massages exotiques, ils n'ont clairement pas le mode d'emploi… pas simple de dépayser des paysans ! Les Bodin's s'embarquent alors dans un road-movie rocambolesque à travers tout le pays, avec pour seuls bagages leur audace, leur cœur et leur bon sens paysan."
73532,/2gL9ucSGYZkjVqWFPF7J2rw6ssG.jpg,"Marcel Marx, ex-écrivain et bohème renommé, s’est exilé volontairement dans la ville portuaire du Havre où son métier honorable mais non rémunérateur de cireur de chaussures lui donne le sentiment d’être plus proche du peuple en le servant. Il a fait le deuil de son ambition littéraire et mène une vie satisfaisante dans le triangle constitué par le bistrot du coin, son travail et sa femme Arletty, quand le destin met brusquement sur son chemin un enfant immigré originaire d’Afrique noire. Quand au même moment, Arletty tombe gravement malade et doit s’aliter, Marcel doit à nouveau combattre le mur froid de l’indifférence humaine avec pour seules armes, son optimisme inné et la solidarité têtue des habitants de son quartier. Il affronte la mécanique aveugle d’un état de droit occidental, représenté par l’étau de la police qui se resserre de plus en plus sur le jeune garçon réfugié. Il est temps pour Marcel de cirer ses chaussures et de montrer les dents."
676705,/abPQVYyNfVuGoFUfGVhlNecu0QG.jpg,"Pil, une petite orpheline, vit dans les rues de la cité de Roc-en-Brume. Avec ses trois fouines apprivoisées, elle survit en allant chiper de la nourriture dans le château du sinistre régent Tristain, qui usurpe le trône. Un beau jour, pour échapper aux gardes qui la poursuivent, Pil se déguise en enfilant une robe de princesse. La voilà alors embarquée malgré elle dans une quête folle et délirante pour sauver Roland, l’héritier du trône victime d’un enchantement et transformé en… chapoul (moitié chat, moitié poule). Une aventure qui va bouleverser tout le royaume et apprendre à Pil que la noblesse peut se trouver en chacun de nous."
956877,/1dqL4mDuueNWg8pNFWE5MBxIX0t.jpg,Eloïse se retrouve assise seule sur un banc parisien. Qui est-elle ? Rien ne lui revient. La jeune femme commence une enquête cocasse sur sa vie. Et si cette amnésie lui permettait de trouver l’amour et de réinventer sa vie ?
960570,/77jCwaADS141DVKmlmGILumHXeY.jpg,"Comme son père avant lui, Cédric travaille dans une entreprise de mécanique de précision en Haute-Savoie. L'usine doit être de nouveau cédée à un fonds d’investissement. Epuisés d’avoir à dépendre de spéculateurs cyniques, Cédric et ses amis d'enfance tentent l'impossible : racheter l’usine en se faisant passer pour des financiers !"
50845,/wZlT1fgluXwph8XklzQF10RDGyp.jpg,"Quitté par sa femme, Charles Faulque, écrivain à succès en panne d'inspiration, vit reclus dans une villa des Cévennes où il cultive amour de la boisson, cynisme amusé, sous la surveillance de sa bonne, Louisa. Un jour, son Cancer en personne vient lui annoncer sa mort prochaine. Mais l'écrivain n'a pas l'intention de se laisser faire... Qui aura la peau de l'autre ?"
58497,/xixemp1yLsFgxVj4mu797j2z1gh.jpg,"Un couple d'avocats défend le divorce du 21ème siècle : aimable et à l'amiable, avec garde alternée et famille recomposée, loin des atroces scènes de ménage de la génération précédente. Mais le jour où leur couple vole en éclat, il faut passer de la théorie à la pratique : fini les beaux discours, place à la guerre..."
46675,/pAWHEtViStu1y0OCfMSGxsy0I6W.jpg,"Un week-end au vert avec vos meilleurs amis. Ceux qui vous aiment vraiment. Ceux en qui vous avez une confiance absolue. Ceux qui vous comprennent et vous disent toujours la vérité. Et surtout, ceux qui vous pourrissent sans savoir qu’ils ont appuyé sur la touche rappel de leur téléphone."
861589,/pkIb116xypm5hOxWkm3OczEKH8x.jpg,"Paris, été 2020. Une troupe répète une pièce d’après Marcel Proust. Quand on lui annonce soudain que le spectacle est annulé, elle choisit de continuer à jouer malgré tout, pour la beauté, la douceur et le plaisir de rester ensemble."
885243,/6EkvBWs9ToBlkGa3w38gYgipkk2.jpg,"Pour sauver l’EHPAD local qui tombe en ruines, cinq religieuses un peu fofolles sont prêtes à tout. Y compris à participer à une course cycliste, afin d’en remporter le prix. Seul bémol : elles sont nulles à vélo. Et pour ne rien arranger, elles ne sont pas les seules sur le coup."
52077,/jpRl46I0GTynTeXurmY8YiONatC.jpg,"1er janvier 1993 : passage à l’Europe. Deux douaniers, l’un Belge, l’autre Français, apprennent la disparition prochaine de leur petit poste de douane fixe situé dans la commune de Courquain France et Koorkin Belgique. Francophobe de père en fils et douanier belge trop zélé, Ruben Vandervoorde se voit contraint et forcé d’inaugurer la première brigade volante mixte franco‐belge. Son partenaire français sera Mathias Ducatel, voisin de douane et ennemi de toujours, qui surprend tout le monde en acceptant de devenir le co‐équipier de Vandervoorde et sillonner avec lui les routes de campagnes frontalières à bord d’une 4L d’interception des douanes internationales."
51072,/nDctTkrew9sviZlDu38a8OZ0mcN.jpg,"Un beau matin de printemps, Émilie reçoit une lettre d’amour, belle, inspirée mais anonyme. Elle la jette d’abord à la poubelle, avant d’y voir le moyen de sauver sa mère, isolée et triste depuis le départ de son mari. Sans trop réfléchir, elle la lui adresse aussitôt. Mais Émilie ne sait pas encore que c’est Jean, son employé timide, qui en est l’auteur. Elle n’imagine surtout pas que son geste les projettera dans une suite de quiproquos et de malentendus qui vont vite tous les dépasser…"
860469,/8igygfJ2hCKptWpG4kdyjezcnp0.jpg,"L’histoire de deux frères que tout oppose. Antoine, marié, deux enfants, conducteur de bateaux, et Christian, célibataire, chômeur et bagarreur incorrigible. Mais quand Antoine le mari idéal se retrouve mêlé à une sale histoire, c’est Christian le mal aimé qui, même si on ne lui a rien demandé, débarque à Cherbourg pour voler à son secours. Les Cadors comme ils aimaient se surnommer dans leur enfance vont se redécouvrir au travers de cette histoire. Christian qui n’a rien à perdre, va alors défendre au péril de sa vie cette famille qu’il a toujours rêvé d’avoir sans jamais avoir eu le courage de la fonder."
803694,/9LPK8q3EDlk0PEvAQnhUtb6BAJb.jpg,"Rachel a 40 ans, pas d'enfant. Elle aime sa vie : ses élèves du lycée, ses amis, ses ex, ses cours de guitare. En tombant amoureuse d’Ali, elle s’attache à Leila, sa fille de 4 ans. Elle la borde, la soigne, et l’aime comme la sienne.  Mais aimer les enfants des autres, c’est un risque à prendre…"
872709,/o35QcAxtz2gWoT73FpEvsmGWUbQ.jpg,"Après un combat acharné contre une tortue démoniaque, cinq justiciers qu’on appelle les ""TABAC FORCE"", reçoivent l’ordre de partir en retraite pour renforcer la cohésion de leur groupe qui est en train de se dégrader. Le séjour se déroule à merveille jusqu’à ce que Lézardin, empereur du Mal, décide d’anéantir la planète Terre…"
28417,/epIP1brIFem0JdPEt8CkooiSBTv.jpg,"'Pour être un baron, dans la vie, il faut être le moins actif possible. Le baron le plus ambitieux, c'est moi Hassan. Mon rêve c'est de faire rire. Mais 'blagueur', pour mon père, c'est pas un métier. Le deuxième problème c'est Malika, la star du quartier dont je suis amoureux depuis des années. Et Malika, c'est la soeur de mon pote Mounir. Lui, il voudrait qu'on reste des barons, à vie. Ce qui colle pas avec mon but. Parce que pour réussir, il faut quitter le quartier, mais on ne quitte pas le quartier, on s'en évade.'"
892494,/9Dv2IKD6ap7hlEgQhKPZnmG2Qxa.jpg,"La folle histoire de Louise qui se retrouve un beau matin, prise au piège dans sa propre voiture, terrassée par une attaque de panique dès qu’elle veut en sortir, et de Paul qui vole la voiture et du coup la kidnappe. Les voilà tous les deux embarqués dans un road-movie mouvementé !"
52043,/9Kn0ZmeDH34DRrXoC7P1rmfiZbW.jpg,"Petit-fils d’une légende de rugby, fils d’une légende, et lui-même légende de rugby, Jo Canavaro élève seul son fils de 13 ans, Tom, dans un petit village du Tarn. Au grand dam de Jo, Tom est aussi bon en maths que nul sur un terrain. Pour un Canavaro, la légende ne peut s’arrêter là, quitte à monter une équipe de rugby pour Tom contre la volonté de tout le village et celle de son fils lui-même…"
843733,/cyC4Iw654S1CSxZjk5TIff5kxsh.jpg,"Un café parisien, des copies égarées, la lettre d’amour d’une lycéenne à son professeur de maths : il n’en faut pas plus à Julie, promeneuse de chiens à ses heures perdues, pour se lancer dans une folle enquête. Elle a peu de temps pour éviter le pire, l’adolescente semble prête à tout. Par où commencer ? Retrouver le prof, et l’entraîner jusqu’à l’aube dans une course effrénée…"
957770,/fkqircM2kwdNyG4Gm911u1AtlpD.jpg,"Léopold, 19 ans, rate le concours d’entrée à médecine. Il décide d’entrer à l’école des sages-femmes en cachant la vérité à son entourage, dans le but de réintégrer médecine plus tard grâce à une passerelle. Alors qu’il s’engage sans convictions dans ce milieu exclusivement féminin, sa rencontre avec Nathalie, sage-femme d’expérience au caractère passionné, va changer son regard sur cet univers fascinant et bouleverser ses certitudes."
136294,/lj6QtDX96LI1DmjKsMeJrp575hr.jpg,"Michel rêve d’une rencontre parfaite, totalement due au hasard comme l’ont connu ses parents et ses grands-parents, alors que Vincent applique à la lettre l’adage qui dit que les hommes ont un sexe à la place du cerveau. Amis d’enfance aux visions diamétralement opposées sur les femmes ils découvriront les limites de leurs raisonnements respectifs au contact d’Angèle et de Nathalie."
51991,/tunfsCnh5eBRNOH2wm6UNmN6FBx.jpg,"Jean-René, patron d’une fabrique de chocolat, et Angélique, chocolatière de talent, sont deux grands émotifs. C’est leur passion commune pour le chocolat qui les rapproche. Ils tombent amoureux l’un de l’autre sans oser se l’avouer. Hélas, leur timidité maladive tend à les éloigner. Mais ils surmonteront leur manque de confiance en eux, au risque de dévoiler leurs sentiments."
925100,/8yra7rQtUF0V4ilQIDv2i5q8VHH.jpg,"Dans un Paris caniculaire, Tristan, directeur de campagne d’une candidate aux législatives, reçoit un courrier anonyme contenant un test de grossesse positif. Parce qu’il est peut-être atteint d’une maladie génétique mortelle et incurable, il devient obsédé par l’idée de retrouver la femme qui lui a envoyé ce test. Mais a-t-il affaire à une blague morbide, une vengeance froide, un appel à l’aide ou à une manœuvre politique ? Tristan décide de mener l’enquête, au péril de sa vie professionnelle et affective."
57311,/qx7f2KqIQHOGll5eb8aEU1Cx60I.jpg,"Chantal, Gabrielle et Nelly se rendent au mariage d'un ex à la Rochelle. Elles décident de faire le trajet ensemble. Au cours de cette virée pleine de péripéties, les trois femmes partageront coups de cœur, coups de gueule et coups de blues de la cinquantaine, tour à tour drôles, fragiles et émouvants."
883870,/i5IsStJDj8YAjVFl9nsGFBMCNnO.jpg,"Depuis son plus jeune âge, Alex ne rêve que d'une chose : réaliser des films. Mais à Rouen, son quotidien est bien loin du glamour hollywoodien. Surprotégée par sa mère Mathilde, elle espère intégrer une prestigieuse école de cinéma à New York. Malheureusement, tout ne se passe pas comme prévu et ses rêves sont brutalement brisés. Refusant d’accepter son sort, Alex décide de partir pour la grosse pomme avec l’aide de son excentrique tante Juliette pour un projet fou : donner son scénario à Julia Roberts. Elles sont Vite rejointes par Mathilde, et cette aventure new-yorkaise va marquer pour les trois femmes le début d’une nouvelle étape de leur vie et les rapprocher plus que jamais."
950053,/2FwYNHOhQrq5X3I2Z5IZibgTBVZ.jpg,"En pleine représentation, un comédien de la Comédie-Française est assassiné par empoisonnement. Martin, membre de la troupe témoin direct de cet assassinat, est bientôt soupçonné par la police et pourchassé par la mystérieuse organisation qui a commandité le meurtre. Aidé par une dessinatrice de bandes dessinées, Claire, il cherchera à élucider ce mystère au cours d'un voyage très mouvementé en Europe."
888003,/qOeHZfntBBJ8MdYZY7lHEXDIRVG.jpg,"Marc s'enfuit avec toute son équipe dans un petit village des Cévennes pour finir son film chez sa tante Denise. Sur place, sa créativité se manifeste par un million d'idées qui le plongent dans un drôle de chaos. Marc se lance alors dans l’écriture du Livre des Solutions, un guide de conseils pratiques qui pourrait bien être la solution à tous ses problèmes…"
473621,/8gvpdZKfj3NYeIoZfwl2ayP9ZME.jpg,"Un bio-doc sur Micheline Presle se transforme en une enquête passionnante sur la vérité longtemps cachée sur le cinéma européen. Ce thriller factice révèle le complot insoupçonné d'Hollywood contre l'industrie cinématographique européenne. De nombreux réalisateurs et stars apparaissent dans le film, ce qui en fait un morceau de choix pour tous les cinéphiles."
958635,/5Hk4dsEw19QaGiII6uHKiJQ3lCH.jpg,"Dune a 11 ans. Depuis toujours, chaque été, elle traverse la France avec ses parents pour passer les vacances dans leur vieille maison des Landes. Là-bas, Mathilde, 9 ans, l’attend de pied ferme. Une amitié sans failles. Mais cet été-là ne sera pas un été de plus. L’année dernière, Dune et ses parents ne sont pas venus. On ne lui a pas dit pourquoi mais elle sent que quelque chose a changé. Sa mère si distante, les disputes des parents, Mathilde qui tarde à grandir, l’odeur des pins entêtante, le sable qui n’est plus si doux, les films d’horreur ridicules, les amours des grands ados du coin, tout met Dune en alerte. Elle veut comprendre, savoir. Cet été-là Dune va grandir."
56424,/oaxTj7sPBaEC1m0BjCySphwg5Or.jpg,"Lucien Paumelle a toujours eu des convictions fortes. Médecin retraité, il reste un homme d'action, réputé pour son implication dans de nombreuses causes humanitaires. Son engagement le conduit jusqu'au mariage blanc avec une jeune femme moldave, Tatiana, pour lui éviter l'expulsion. Mais ses enfants, Babette et Arnaud, s'aperçoivent rapidement que le comportement de leur père n'a plus grand-chose à voir avec les principes qu'il a toujours prônés : malgré ses 80 ans, Lucien aurait-il succombé au charme de sa flamboyante épouse ? Tandis que Tatiana et sa fille prennent leurs marques chez les Paumelle, le chaos s'installe dans le quotidien de Babette et Arnaud. Bientôt, ce sont toutes les relations familiales qui sont à redéfinir..."
44961,/sb22SBuOeerUzrh1G1NQ7QJUryS.jpg,"Roger, 11 ans, mal aimé par sa mère, rudoyé par son père, atterrit, en 1947, dans une petite école d'un village d'Anjou comme pensionnaire, où sévit une institutrice revêche et au grand coeur, surnommée ""Mumu les petites pattes"".."
44269,/fzhdn6roB62p7AwkbisWxtysZSH.jpg,"Ely et Lila sont comme deux soeurs. Elles se connaissent depuis l'enfance, partagent tout et rêvent ensemble d'une autre vie. Elles vivent dans la même banlieue, à dix minutes de Paris.Aujourd'hui, Ely et Lila ne veulent plus être à dix minutes de leurs vies. De petites embrouilles en gros mensonges, elles vont tout faire pour essayer de pénétrer un monde qui n'est pas le leur où tout leur semble possible.Mais tout ce qui brille..."
51090,/rnLvlS0IAS4YJCGvivAy9llxXOM.jpg,"«Chère moi-même, aujourd'hui j'ai 7 ans et je t'écris cette lettre pour t'aider à te souvenir des promesses que je fais à l'âge de raison et aussi te rappeler ce que je veux devenir...» Ainsi commence la lettre que Margaret, femme d’affaires accomplie, reçoit le jour de ses 40 ans."
99770,/6evgdfGc3omSNf4hh0vOJXH1ygD.jpg,"50 avant Jésus Christ. César a soif de conquêtes. À la tête de ses glorieuses légions il décide d'envahir cette île située aux limites du monde connu, ce pays mystérieux appelé Britania, la Bretagne. La victoire est rapide et totale. Enfin… presque. Un petit village breton parvient à lui résister, mais ses forces faiblissent. Cordelia, la reine des Bretons, décide donc d’envoyer son plus fidèle officier, Jolitorax, chercher de l’aide en Gaule, auprès d’un autre petit village, connu pour son opiniâtre résistance aux Romains… Dans le village gaulois en question, Astérix et Obélix sont déjà bien occupés. Le chef leur a en effet confié son neveu Goudurix, une jeune tête à claques fraîchement débarquée de Lutèce, dont ils sont censés faire un homme. Et c'est loin d'être gagné…"
44155,/g3pUrmCzx0cNG79c5Ocmm2YiebT.jpg,"L'Italien Dino Fabrizzi est le vendeur numéro un de la concession Maserati de Nice. À 42 ans, il arrive à un tournant de sa vie, le poste de directeur lui est ouvertement proposé et sa compagne depuis un an, Hélène, a la ferme intention de l'épouser. Pour Dino, la vie est belle, sauf que cette vie parfaite s'est construite sur un mensonge. Dino s'appelle en fait Mourad Ben Saoud. Ni son patron, ni Hélène et encore moins ses parents ne sont au courant de cette fausse identité… Dans 10 jours débute le ramadan et Mourad qui passe outre tous les ans devra cette fois assumer la promesse faite à son père malade. Faire le ramadan à sa place… Pour Dino, l'Italien, cela ne va pas être simple."
958855,/1oKF4pZzQUuKSeRCPFeqfD6Ego.jpg,"Bellisha a 27 ans et mène une vie de petit retraité, il va au café, fait le marché, flâne dans la cité…  Il vit chez sa mère Giselle, qui sort très peu et à qui il fait croire qu'il est solidement intégré dans la vie active.  Le vent tourne quand Giselle s'aperçoit qu'ils sont les derniers juifs de leur cité. Elle se convainc qu'il faut qu'ils partent eux-aussi.  Bellisha n'en a pas très envie mais pour rassurer sa mère, il lui fait croire qu'il prépare leur départ."
846977,/qQzhvlbxGh2rAdo9qbnKn8t89el.jpg,"Dans un collège au pied du Mont Blanc, les élèves de SEGPA ne s’intéressent à rien. Pour les motiver et les faire rêver, Alain, leur professeur, organise une sortie surprenante et périlleuse dans les entrailles d’un glacier. Les adolescents découvrent alors un monde de glace d'une beauté à couper le souffle. Mais ils réalisent qu’avec le réchauffement climatique, si rien n’est fait, ce glacier comme beaucoup d’autres pourrait disparaitre. Contre l’avis de tous, mais entraînés par leur professeur, ils vont se lancer corps et âmes dans un projet fou : protéger le glacier et l’empêcher de fondre… Désormais plus rien ne pourra les arrêter, parce qu’il n’y a pas de planète B !"
446130,/nUPrgC4Ajr7pAYNBorvQ4XYVxnU.jpg,"À bientôt 50 ans, Simon est un violoniste émérite, mais au creux de sa carrière et de sa vie. Il atterrit dans la classe orchestre de 6ème d’un collège parisien, dirigée par le bienveillant Monsieur Farid. Ses méthodes d’enseignement rigides rendent ses débuts laborieux et ne facilitent pas ses rapports avec des élèves difficiles. Parmi eux il y a Arnold, un enfant à la timidité maladive, mais passionné et très doué pour le violon. Au contact du talent brut d'Arnold et de l'énergie joyeuse du reste de la classe, Simon revit et renoue avec les joies de la musique. Aura-t-il assez d’énergie pour surmonter les obstacles et tenir sa promesse d’emmener les enfants jouer à la Philharmonie ?"
491392,/iX9O6PRtMBGHXOLBGCOYEHMtYLe.jpg,"Amélie aurait pu naitre dans un château, avec un papa qui deviendrait Président de la République... Mais Claudine, la jeune épouse de Christian Bodin, accouche au milieu des champs. C'est le début de grands bouleversements à la ferme, parce que la Maria, 82 ans et toute sa dent, n'aime pas qu'on lui perturbe sa vie, comme ça. En plus, il faut échapper à un promoteur immobilier véreux et se tirer des pattes des gendarmes, avec la complicité de l'abbé Rouette."
85735,/oc9EFtET8YxlJxaB7PAKC4NnnM.jpg,"Marc Marronnier et Anne s'aiment, se marient, mais trois ans plus tard, après l'ennui et la jalousie, Anne demande le divorce. Marc est anéanti et s'enfonce dans les facilités offertes par son travail, critique littéraire le jour et chroniqueur mondain la nuit, avec son ami Jean-Georges, homme à femmes du milieu de la nuit, et Pierre et Kathy, ses amis libertins. Au réveil d'une tentative de suicide par pendaison après une prise d'alcool et de médicaments, Marc commence l'écriture de son roman autobiographique, L'amour dure trois ans, où il exprime toute sa rancœur envers ce grand sentiment, l'Amour. Cependant, son point de vue est ébranlé après sa rencontre avec Alice, la femme de son cousin Antoine. Marc et Alice se croisent lors de l'enterrement de la grand-mère de Marc et Antoine, et aussitôt, ils tombent sous le charme l'un de l'autre. Avec le temps et les rendez-vous, Marc et Alice finissent par devenir amants, puis Alice quitte son mari."
85449,/imrkhl8EIbz88pXQb07iLH0aJAR.jpg,"Juillet 1979, pendant les vacances d’été dans une maison en Bretagne. A l’occasion de l’anniversaire de la grand-mère, oncles, tantes, cousins et cousines sont réunis le temps d’un week-end animé..."
58043,/uff5OR7SAY8nbbdqVfC7hin8B74.jpg,"France, ouvrière, vit dans le nord de la France, à Dunkerque avec ses trois filles. Son ancienne usine a fermé et tous ses collègues se retrouvent comme elle au chômage. Elle décide de partir à Paris pour trouver un nouveau travail. Elle va trouver un stage pour devenir femme de ménage. Assez rapidement, elle se fait engager chez un homme qui vit dans un univers radicalement différent du sien. Cet homme, Steve est un trader qui a réussi, il travaille entre la City de Londres et le quartier de la Défense à Paris. Les deux individus vont se côtoyer. Cette ouvrière va découvrir les gens qui vivent dans le luxe. Elle va finir par découvrir que cet homme, fort séduisant et sympathique, est en partie responsable de la faillite de son ancienne entreprise."
50848,/e0QQs3oUe06ob4J9jFhxDCCQILb.jpg,"Bahia Benmahmoud, jeune femme extravertie, se fait une haute idée de l'engagement politique puisqu'elle n'hésite pas à coucher avec ses ennemis pour les convertir à sa cause - ce qui peut faire beaucoup de monde vu qu'en gros, tous les gens de droite sont concernés. En règle générale, elle obtient de bons résultats. Jusqu'au jour où elle rencontre Arthur Martin, comme celui des cuisines, quadragénaire discret, adepte du risque zéro. Elle se dit qu'avec un nom pareil, il est forcément un peu facho. Mais les noms sont fourbes et les apparences trompeuses..."
920640,/6kYy6wxCJaiYmiNU2UZSIV8Zixp.jpg,"À la veille d’un vote pour entériner la construction d’un parc de loisirs à la place d’une forêt primaire, un maire de droite décomplexée essaye de corrompre son confrère écologiste. Mais ils se font piéger par un groupe de jeunes activistes féministes qui réussit à les coller ensemble. Une folle nuit commence alors pour les deux hommes, unis contre leur gré."
52474,/ar5gQG8VMj3hLNka03oJRFJm9L0.jpg,"À la mort de leur mère qu'ils n'ont pas connue, trois demi-frères de 8, 15 et 17 ans ayant grandi dans des milieux différents, se rencontrent pour la première fois. Ils passeront les grandes vacances ensemble chez la Nonna, leur grand-mère, entre secrets et lapins, polenta et coups tordus, aventures et premières fois..."
118293,/q7q70eh9mM3fNSP3s51yBAKYQd3.jpg,"Imaginez une ville où les gens n’ont plus goût à rien, au point que la boutique la plus florissante est celle où on vend poisons et cordes pour se pendre. Mais la patronne vient d’accoucher d’un enfant qui est la joie de vivre incarnée. Au magasin des suicides, le ver est dans le fruit…"
78206,/fj7DKP9Bpzxf2lOAWOyLWR0khff.jpg,"Dans le Téhéran des années 50, Nasser Ali Khan, célèbre musicien, se meurt depuis que son violon est brisé. Depuis son lit, il se repasse le film de sa vie, discute avec Azraël, l'Ange de la Mort, imagine l'avenir de ses enfants..., revit la magnifique histoire d'amour qui a nourri son génie, sa musique."
53010,/19D673Z1ZlRUWsbqaHBtbzeaBI6.jpg,"Julien a un sérieux problème. Depuis son plus jeune âge, il porte la poisse à toutes les femmes qui s'éprennent de lui. Joanna va vite l'apprendre à ses dépens le jour où elle le croise. Une carrière en plein décollage, une vie amoureuse qui semblait enfin prendre un bon tournant, tout cela risque de bien changer..."
57417,/a214ZtIB6p9kobuQ2T2Wt6Bz5zU.jpg,"David Pelame a la quarantaine. Il est marié à Christine depuis assez longtemps pour avoir oublié qu’ils s’aimaient autrefois. Il a deux enfants avec qui la communication se fait de plus en plus rare. Professionnellement, David n’est jamais devenu le grand avocat associé d’un cabinet de renom qu’il rêvait d’être mais plutôt un simple gratte-papier qui excelle dans les tâches les plus rébarbatives. Bref, la vie de David ne fait pas rêver. Si on avait un conseil à lui donner ?… Ce serait qu’il se ressaisisse. C’est ce qu’il va faire, en découvrant, le soir de Noël, une valise pleine de cocaïne et un téléphone croulant sous les appels de clients. David pense alors avoir trouvé le moyen de relancer sa vie. Si on avait un second conseil à donner à David ? … Ce serait qu’il y réfléchisse à deux fois."
255319,/rps9eetPxDWwucq8oQ5uOus6rPk.jpg,"Tante Hilda, amoureuse de la nature, conserve dans son musée végétal des milliers de plantes du monde entier. Beaucoup sont en voie de disparition. Parallèlement, une nouvelle céréale, Attilem, mise au point par des industriels, se cultive avec si peu d’eau, sans engrais, et produit des rendements si prodigieux, qu’elle apparaît comme la solution miracle pour enrayer la faim dans le monde et prendre le relais du pétrole dont les réserves s’épuisent. Mais la catastrophe n’est pas loin…"
75302,/zDysFA6geTCqqRYQQKxepZfya2s.jpg,"Marie Deschamps, une jeune Québécoise de vingt ans, suspend ses études collégiales pour aller apprendre l'anglais à dans l'Ouest Canadien. Son voyage la mènera jusqu'à Whistler, en Colombie-Britannique, où elle rencontrera d'autres jeunes âmes un peu perdues, comme elle. Quelque part dans l'Ouest, ces gens et son aventure donneront un sens à sa vie."
52264,/xmn8h7OAuMvpbfnvt61XOYPYErU.jpg,"Dino est un chat qui partage sa vie entre deux maisons. Le jour, il vit avec Zoé, la fillette d’une commissaire de police. La nuit, il escalade les toits de Paris en compagnie de Nico, un cambrioleur d’une grande habileté. Jeanne, la commissaire de police, est sur les dents. Elle doit à la fois arrêter l’auteur de nombreux vols de bijoux, et s’occuper de la surveillance du Colosse de Nairobi, une statue géante convoitée par Costa, le criminel responsable de la mort de son mari policier. Depuis ce drame, la fillette ne dit plus un mot. Les événements vont se précipiter la nuit où Zoé surprend Costa et sa bande. Une poursuite s’engage, qui durera jusqu’au matin, et qui verra tous les personnages se croiser, s’entraider ou se combattre, jusque sur les toits de Notre‐Dame…"
86391,/5trJayhXhgRks9fdbwltmO8mirP.jpg,"Annie, Jean, Claude, Albert et Jeanne sont liés par une solide amitié depuis plus de 40 ans. Alors quand la mémoire flanche, quand le cœur s’emballe et que le spectre de la maison de retraite pointe son nez, ils se rebellent et décident de vivre tous ensemble. Le projet paraît fou mais même si la promiscuité dérange et réveille de vieux souvenirs, une formidable aventure commence: celle de la communauté... à 75 ans !"
56418,/yqhYU6yLYqOopCT66rQDFUMc6Ck.jpg,"Dans un petit village d'un pays du Maghreb, Leila, une jeune femme d'une vingtaine d'année milite pour l'abandon de la corvée d'eau. Les hommes ne font rien, alors qu'elles, les femmes, assument la totalité des tâches. Leila propose de faire la grève de l'amour. Plus de câlins ni de sexe jusqu'à ce que les hommes construisent un conduit pour amener l'eau au village."
134781,/5tMGd7sV85iObFhXiemitVIKl52.jpg,"Gloria et Frances se sont rencontrées dans les années 80. Elles se sont aimées comme on s'aime à seize ans : drogue, sexe et rock&roll. Puis la vie les a séparées, et elles ont pris des chemins très différents. Vingt ans après, Frances revient chercher Gloria…"
51473,/pPebkeruXlcRaLKEudnJOuwAkdQ.jpg,"Victor est le patron d'un magazine automobile. Un jour, il va parler de son travail dans une prison. Il y rencontre un ancien braqueur, Bruno, fan de son magazine, qui lui demande de l'embaucher. Victor accepte. Une amitié naît entre les deux hommes…"
898994,/lh6FDEXheft7W6AjJnSpLncstye.jpg,"Après son licenciement, Antoine, ancien DRH d’une grande enseigne de bricolage, a choisi de rester à la maison pour s’occuper de ses 4 enfants. Un nouveau travail qu’il effectue la plupart du temps seul, car sa femme Isabelle est très occupée par sa nouvelle activité d’avocate. Dans la famille Mercier, les rôles ont donc clairement été inversés depuis 2 ans, et Antoine commence à de moins en moins tenir le coup face à l’énergie que lui demande sa petite famille. Voilà pourquoi les 10 jours de vacances au ski qui arrivent s’annoncent comme une aubaine pour le père au foyer qu’il est devenu. Hélas, une affaire inespérée pour le cabinet d’Isabelle tombe du ciel et pourrait enfin faire décoller sa carrière d’avocate. Elle n’a pas d’autre solution que de laisser Antoine partir 10 jours au ski seul avec les 4 enfants, et surtout : sans maman !"
92424,/cBDqfxQpRCMSRvmj4uPVhO8ykMI.jpg,"Au moment où l’on devient amoureux, à cet instant précis, il se produit en nous une musique particulière. Elle est pour chacun différente et peut survenir à des moments inattendus..."
928217,/xIRF6tXBhOGfbhNreRW7vtV1Wxk.jpg,"Des frères jumeaux nés sous X sont séparés à la naissance. Ils découvrent soudainement l’existence l’un de l’autre. Pour Grégoire et Anthony, la trentaine désormais, la surprise est d’autant plus grande que l’un est blanc, l’autre est noir ! Il y avait une chance sur un million pour que ce phénomène génétique rarissime survienne. Mais fruits de parcours de vie radicalement différents, aucun des deux n’a franchement l’impression d’avoir tiré le gros lot en rencontrant l’autre…"
893730,/qBJWTNFwa8vuyz9XvdDoJYJ0HuV.jpg,"Thierry passe ses journées à classer ses photos de famille, persuadé que le meilleur est derrière lui. Lorsque Claire, sa femme, lassée des ""c'était mieux avant"", lui annonce qu'elle le quitte, Thierry, dévasté, lui propose de refaire ""Grèce 98"", leurs meilleures vacances en famille. Officiellement, il veut passer une dernière semaine avec leurs enfants avant de leur annoncer leur séparation. Officieusement il espère reconquérir sa femme… Mais les enfants, désormais trentenaires, sont moins dociles qu'il y a 20 ans et la chasse aux souvenirs sur les routes de Grèce va vite fatiguer tout le monde. En tentant de rallumer la flamme de son couple, Thierry risque bien de mettre le feu à sa famille…"
741674,/sGFbehBmBzac1ZOIJDwb544qBPL.jpg,"Deux ans après la mort de Jean, le coach décide d’emmener un jeune de banlieue qu’il croit homo afin d'accompagner l'équipe aux Gay Games de Tokyo, un voyage pour rendre hommage à leur ami parti trop tôt. Mais après avoir raté leur correspondance pour le Japon, ils se retrouvent coincés en Russie, dans l’une des régions qui n’est pas la plus gay-friendly du monde. Le début d’une folle aventure aussi rocambolesque que périlleuse."
65233,/wkHmT4w2GcbPxbZs2rugBCiX6We.jpg,"Alors que les Français s'apprêtent à élire leur nouveau Président, Nicolas Sarkozy, sûr de sa victoire, reste cloîtré chez lui, en peignoir, sombre et abattu. Toute la journée, il cherche à joindre Cécilia qui le fuit. Les cinq années qui viennent de s'écouler défilent: elles racontent l'irrésistible ascension de Sarkozy, semée de coups tordus, de coups de gueule et d'affrontements en coulisse."
60650,/ncEFK0DEDnqiUJAuaabygdzvIZG.jpg,"Alessandro est un professeur italien de musique baroque qui vit à Strasbourg avec Irina, sa fille de 15 ans, en pleine crise, et son frère Crampone, un gentil fou anarchiste qui ne cesse de demander le statut de réfugié politique depuis que Berlusconi est au pouvoir. Parfois, Alessandro a l'impression d'avoir deux adolescents à élever, alors qu'il ne se rend même pas compte qu'il est lui-même démuni face à l'existence. Voulant être un père modèle, il en a oublié de reconstruire sa vie amoureuse, d'autant plus qu'il est entouré d'une bande de copains dont la fantaisie burlesque l'empêche de se sentir seul. Mais au moment où sa fille découvre les premiers émois de l'amour, sans qu'il s'y attende, tout va basculer pour Alessandro ..."
78476,/ijNPjICjqlxmvyVYZlgGFvs1I4J.jpg,"Elle habite avec son fils et son mari en face du Luxembourg... Il habite seul avec son fils à l’arrière d’une camionnette. Elle dirige une prestigieuse fondation d’art contemporain... Il vit de petits boulots et d’allocations. Elle a bac + 7... Il a failli faire 7 ans de prison. Elle tutoie le ministre de la culture... Il tutoie toutes les bouteilles d’alcool qu’il rencontre. Elle aime le débat d’idées... Il aime le sexe avec des inconnues à forte poitrine. Ils ne se ressemblent pas du tout... et se supportent encore moins. D’ailleurs, ils n’auraient jamais dû se rencontrer. Mais leurs enfants, eux, sont inséparables... Ils finiront par comprendre pourquoi..."
161073,/zlLim9rBKCzkrv2GabTOKD00vVo.jpg,"Deux frères débarquent en Argentine pour aller célébrer le mariage de leur cousin, à Mendoza, dans l’ouest du pays. La grande aventure, la vraie, voilà longtemps qu’ils en rêvaient… Mais à l’arrivée à Buenos-Aires, Antoine ne va pas bien du tout, comme un type que sa femme vient de plaquer. Marcus est sûr qu'aller au mariage du cousin remettra son petit frère d'aplomb. Il va lui sortir le grand jeu. Des nuits caliente de la capitale aux splendeurs de la vallée de la lune, ils croiseront sur leur chemin un réceptionniste illuminé, une beauté divine, des pierres qui portent bonheur… Sur la route du mariage, au gré d'étapes de plus en plus mouvementées, les deux frères se retrouvent. A un détail près : quand Antoine se requinque, c'est Marcus qui trinque."
102207,/7H2hk9IzYhRPU0iPMOzEwJkeUBn.jpg,"Quand Dan Geraldo, reporter en quête de scoop, arrive en Palombie, il ne se doute pas qu’il va faire la plus incroyable des découvertes. Avec Pablito, guide local plein de ressources, ils vont aller de surprise en surprise au cours d’une aventure trépidante et surtout révéler une nouvelle extraordinaire : Le Marsupilami, animal mythique et facétieux, existe vraiment !"
78478,/seI1WJIUXfmemYmSZzdeyY4lOot.jpg,"Vivant largement au dessus de ses moyens, César Borgnoli, concessionnaire de voitures italiennes, est au bord de la ruine. Sa sœur Alex, qui vit en couple avec sa compagne Kim, lui propose de sauver le garage familial en lui mettant un marché en mains. César doit se faire passer pour le ""mari"" de Kim afin d’aller adopter légalement en Thaïlande la petite Maï, une adorable fillette de 5 ans, que le couple de femmes désire accueillir plus que tout au monde. César s’imagine partir pour un week-end joignant l’utile à l’agréable…"
45585,/xHUg6ouUKaXbvMzOL0Fi9QqFkjZ.jpg,"Le docteur Kruger est un pionnier décidé à faire entrer le suicide dans la modernité. Sa clinique reçoit une subvention gouvernementale afin que le suicide ne soit plus une tragédie, mais un acte médical assisté. Son rêve est de trouver un cadre thérapeutique à l’intérieur duquel la médecine parvient à dominer cette pulsion de destruction que les désespérés, ou les malades, veulent exercer contre eux-mêmes."
83390,/hzN0LwyN6DzOzygjlsaLzxAUDkW.jpg,"Marc Bajau sillonne le pays pour le compte d’une marque de vêtements. Il aime cette vie sur la route, libérée de toute contrainte et faite de rencontres d’un soir. Mais alors qu’il démarre une nouvelle tournée de promotion, sa dernière conquête s'en va en lui laissant son fils, Lucas, un petit métis de six ans… Commence alors une traversée de la France pas comme les autres, où Marc et Lucas vont croiser la route de Pierre, un retraité fantasque et envahissant, et celle de Julie, une jeune femme en errance. Au cours de cette odyssée, flanqué de son trio improbable, Marc Bajau va connaître ""10 jours en or"" qui vont changer sa vie..."
80015,/oI0om8vqiiBmIifxLr73nsWBFcB.jpg,"Jeanne est la doubleuse française d’une actrice américaine qui joue dans une série télé à succès. Mais le jour où l’actrice américaine pète les plombs et annonce la fin de sa carrière, la vie de Jeanne bascule à son tour… Plus de travail, plus de revenu, plus rien… A moins que… A moins qu’elle ne prenne son destin en mains et ne tente a priori l’impossible : partir à Los Angeles, rencontrer la star américaine et la convaincre de reprendre la direction des plateaux de tournage… Sur place, après quelques galères, elle croise la route d’un certain Farres qui va lui ouvrir les portes du monde merveilleux mais un peu compliqué de Hollywood."
53776,/9g7QFpb71qGdsiZi2Mneues4GoV.jpg,"Il est parisien et l’auteur de polars à succès. Elle est l’effigie blonde du fromage Belle de Jura, la star de toute la Franche-Comté, persuadée qu’elle était, dans une autre vie, Marilyn Monroe... Quand ils vont se rencontrer à Mouthe, la ville la plus froide de France, lui est en panne totale d’inspiration et elle déjà morte. “Suicide probable aux somnifères” conclue la gendarmerie. David Rousseau n’y croit pas. En enquêtant sur le passé de Candice Lecoeur,il est sûr de tenir l’inspiration pour un nouveau roman..."
103126,/9Z6aBJTYnrb6MLMhndjA4JHvOQF.jpg,"Chloé a tout pour être heureuse. Elle va épouser l'homme qu'elle aime, un ex-champion de tennis reconverti dans les affaires. Ne lui manque que le père idéal pour la conduire à l'autel. Qui de Bernard, aristocrate psychorigide et bourré de tocs, ou de Gus, un filou généreux et porté sur l'alcool, sera le père de ses rêves ..."
112160,/p9zRDTqKZpEdfti9jRmo5bqiYdd.jpg,"Des petits déjeuners où les silences sont parfois pesants, des dîners où on parle de tous les sujets sauf de sexe ; le quotidien d’une famille d’aujourd’hui est ébranlé quand le fils cadet, Romain, est pris en flagrant délit lors d’un cours de biologie à l’école en train de se masturber et de se filmer avec son téléphone portable. Il risque l’exclusion ! Romain explique que c’est un défi que les élèves se lancent entre eux, garçons et filles, « pour le fun ». Et lui, il s’est bêtement fait prendre."
74119,/7poE5s3WEhYFMLoLpn7I9wbbkmD.jpg,"La famille, c'est compliqué… Surtout quand Eli, le père, bientôt 60 ans, attend un enfant de sa nouvelle femme. À l’annonce de la nouvelle, ses deux grandes filles, Dom, qui cherche a adopter, et Justine, qui passe d’un petit ami à un autre sans trop d’état d’âme, sont ébranlées. Pour se rapprocher de Justine avec qui il n’a jamais pu s’entendre, Eli a la bonne idée de se lier d’amitié avec tous ses ex… A son insu. Mais lorsque Justine tombe de nouveau amoureuse et qu’Eli s’apprête à tout gâcher, la famille est sur le point d’imploser. Est-ce que tout ce petit monde va parvenir à se réconcilier avant qu’il ne soit trop tard ?"
87558,/zlATdSrq5lNxOk0wRKL1gDmVWkQ.jpg,"La vie n’est pas rose tous les jours pour Solweig, caissière dans un supermarché. Mais elle garde le sourire, malgré les remarques souvent déplaisantes des clients et un chef teigneux. Peut-être grâce au blog qu’elle tient en secret, où elle s’épanche avec humour sur son quotidien difficile… Un soir, sous la neige, son destin croise celui de Charles. Le jeune homme tombe aussitôt amoureux d’elle, sans se douter qu’ils ne sont pas du même monde. Mais si un simple blog peut changer le sort de milliers de caissières, n’est-il pas permis de croire aux contes de fées ?"
1000603,/7abkBKQ65ktmLus53D8d9BVEDvp.jpg,"Entre ses obligations de maire et son rôle d'institutrice au sein du petit village de Kerguen, les journées d’Alice sont déjà bien remplies. L’arrivée dans sa classe d’Émile, un sexagénaire au caractère explosif, enfin décidé à apprendre à lire et à écrire, va rendre son quotidien ingérable. Surtout qu’Alice, qui n'avait rien vu venir, va devoir aussi sauver son village et son école."
73585,/ucgYdtaZsCbUFP1JpOjpuX2yduZ.jpg,"Polo a 16 ans et les complexes d’un ado de son âge. Entre une mère alitée et une sœur qui rêve d'être Miss, le seul qui s’en sorte à ses yeux, c’est son père. Hélas, il est femme de ménage..."
58858,/uHXiv8lsH2PtYGp8ua1ldRtaEHn.jpg,"Thomas Gardesse, VRP en système d’alarme, est arrêté pour un fait mineur et envoyé en prison pour 6 mois.  Afin de gagner le respect des détenus il se fait passer pour Le Marquis, un génie du casse dont personne ne connaît le visage. Quinze jours avant sa sortie, un braqueur du nom de Quentin Tasseau le fait évader pour l’emmener à Manille afin qu’il participe à un casse dont le commanditaire a besoin des talents du Marquis…"
74795,/3q1M9Y6qQKqWTcQgGaO9J6e0tph.jpg,"C’est 2 frères. Qui habitent Montbard, en Bourgogne. Et qui, pour les vacances d’été, ont décidé d’aller voir leur mère à Saint-Jean-de-Luz. Parce que ça fait longtemps. Parce que ça lui fera plaisir. Ce ne sont pas les parce que qui manquent. Ils ont trouvé un motor-home d’occasion, et vont faire la route au rythme du bitume, au gré des envies. C’est ça l’idée : une diagonale de France entre frères. Sauf que leur tombe dessus une fille qui n’était pas prévue. Une fille attachante. Inattendue. Et qui n’a jamais vu la mer. Ils font donc la route à trois. Et tout doucement, entre désirs diffus et envies cachées, ils réalisent que d’être un trio n’empêche pas de s’aimer. Sans jalousie. Plaisirs partagés."
66129,/ed1cbXew2Ez8FqDFN39xL1DKVH1.jpg,"À Bouzolles, tout le monde connaît la famille Tuche. Jeff, Cathy et leurs 3 enfants vivent du système D. Respectueuse de la philosophie Tuche, « l’homme n’est pas fait pour travailler », toute la famille s’emploie à être heureuse malgré le cruel manque de revenus. Leurs vies étaient toutes tracées. Ils seraient toujours pauvres, mais heureux. Mais un bouleversement va mettre en péril ce fragile équilibre. Les Tuche vont devenir riches, très riches. 100 millions d’euros gagnés à « L’Euroloterie » vont tout changer. Quitte à changer de vie, autant changer de lieu. Quoi de plus logique pour les Tuche que d’aller vivre à Monaco, là où Cathy a toujours rêvé d’habiter. Ils devront se faire accepter, s’intégrer dans leur nouvelle patrie, changer leurs habitudes sans changer leurs sentiments. La partie n’est pas gagnée pour cette famille qui a comme adage « Tuche pour un, un pour Tuche »."
86868,/i2U9VV2WWBXeA3Zc0jQFfYqnqB0.jpg,"Eddie, Dov, Yvan et les autres… Nos chaleureux amis ont migré du Sentier moribond à la banlieue florissante d’Aubervilliers… Là où les vieux entrepreneurs juifs ont laissé le terrain à de jeunes grossistes chinois courageux et dynamiques… La petite bande est toujours aussi soudée, solidaire que lors des épisodes précédents, et la vie suit son cours, au gré des petits évènements familiaux et des affaires. Dov semble toujours frivole, Eddie entreprenant, Yvan transi, Karine désinvolte, Sandra résolue, Chochana naïve, Serge irresponsable et mythomane. Quant à Patrick, il est amoureux et l’heureuse élue est loin d’être facile d’accès. Tout irait pour le mieux jusqu’à ce qu’un vent mauvais apporte son lot d’adversité compromettant sérieusement la cohésion du groupe. Succomberont-ils sous l’orage à la zizanie, ou bien, une fois de plus, à force d’entraide, de ruses et d’habileté, triompheront-ils de la crise avec panache ?"
996637,/6ylTT9rzxNE3W2N1bz7aFpAyrjb.jpg,"Michèle, la cinquantaine, est SDF et vit à l'aéroport d'Orly où elle mène une existence dure et solitaire. Théo, jeune homme atteint de handicap mental, travaille à l'aéroport et vit chez sa ""Tatie"" qui le surprotège depuis qu'il a été abandonné par sa mère. Lorsque Michèle décide de retrouver son fils à Lisbonne, Théo accepte naïvement de la conduire là-bas, mais ce qu'elle ne sait pas c'est qu'il n'a qu'une voiture sans permis... Ils embarquent alors dans une aventure sur les routes départementales, nous faisant suivre des gens que l'on ne regarde pas, sur des routes qu'on n'emprunte jamais."
71830,/1uyNPZ0JANsy7PkzDHjs8EvtOJq.jpg,"Royaume de France, 1550, en Bretagne. Philibert, robuste gaillard d’une vingtaine d’années, fils aîné d’un cultivateur d’artichauts, se démarque des autres garçons du village. Idéaliste, candide, il se prédit un avenir glorieux dans l’artichaut et préserve sa virginité pour celle qu’il ne connaît pas encore mais que Dieu lui destine. Avant de trépasser, son père lui apprend qu’il n’est pas son vrai père. Celui-ci était un gentilhomme, Fulgence Bérendourt de Saint-Avoise, lâchement assassiné par un Bourguignon avec une tache de vin en forme de rose dans le cou. Sa besace remplie d’idéaux et d’artichauts, Philibert quitte son village et galope vers la Bourgogne, accompagné de Martin son valet un peu fourbe. Le courage de Philibert, sa charité, sa pureté physique et morale seront ainsi mis à rude épreuve face à la bassesse et à la vénalité des vilains et la tentation des femmes plus libidineuses les unes que les autres..."
57243,/nUK7agD0yWKazORr9aYQBnuCEp6.jpg,"Paris, années 60. Depuis des générations, la famille Joubert vit dans un grand appartement du 16ème arrondissement. Jean-Louis est marié à Suzanne et exerce sans grande conviction le métier d'agent de change. Il ne sait pas que tout au dessus de sa tête, au sixième étage, vit une colonie d'Espagnoles, venues travailler dans le quartier comme femmes de ménage. L'arrivée de Maria, qui vient d'être engagée chez les Joubert, va permettre à Jean-Louis de découvrir la présence de ces Espagnoles. Grâce à leur bonne humeur et leur énergie, Jean-Louis va se laisser aller et goûter les plaisirs simples de la vie. Il n'en faut pas davantage pour que son univers bascule pour de bon…"
977331,/wGzqk3XXpAQGlpskKP1HqRpFaPK.jpg,"Monica, maîtresse de la chatte star d'internet Diva, croise à l'aéroport Jack, un voleur, accompagné du chien qui vient d'avaler le butin de son dernier casse : un rubis. Les humains sont forcés par la compagnie aérienne de mettre leurs précieux animaux en soute. Alors qu'ils sont dans l'avion ils voient par le hublot leurs animaux s'échapper de leur cage et du chariot à bagages vers une destination inconnue. Les deux duos que tout oppose s'embarquent dans un road trip contre la montre entre Montréal et New York. D'un côté, les humains qui ont perdu la trace de leurs animaux et de l'autre, les animaux livrés à eux-mêmes pour retrouver leur maître… sans savoir qu'à leur trousse, le policier Brandt est prêt à tout pour récupérer le rubis."
126319,/3pNUKmcLhix0qEXsOUEVN15risM.jpg,"Dans le monde conventionnel des ours, il est mal vu de se lier d’amitié avec une souris. Et pourtant, Ernest, gros ours marginal, clown et musicien, va accueillir chez lui la petite Célestine, une orpheline qui a fui le monde souterrain des rongeurs. Ces deux solitaires vont se soutenir et se réconforter, et bousculer ainsi l’ordre établi."
116231,/wG3nIwv3kXvAN9cDvoL8JcFVHPY.jpg,"Marie, 40 ans, se réveille en pensant qu’elle en a 25. Elle a oublié 15 ans de sa vie. Elle se réveille au début d’une histoire d’amour qui en fait se termine. Elle se réveille et elle a quatre jours pour reconquérir l’homme de sa vie."
66118,/eGNpK9qDsSK4hgEoLSQTraxOUsE.jpg,"Demi-frères, Joël et Régis n’ont en commun que leur père qu’ils connaissent à peine. Joël est au chômage et pas vraiment dégourdi. La France, « pays raciste » selon lui, est la cause de tous ses échecs et être noir est l’excuse permanente qu’il a trouvée pour ne pas chercher du travail ou payer son ticket de bus. Régis est de son côté totalement intégré. Tant et si bien qu’il renie totalement sa moitié noire et ne supporte pas qu’on fasse référence à ses origines. Délinquance et immigration vont de pair si l’on en croit ses paroles."
82029,/cRYhO11vmX4C2z7xYCgnSbBy7hL.jpg,"Jean, 35 ans, habite encore avec sa mère dans sa petite ville de Corse et travaille comme cuisinier dans le restaurant familial. Son avenir, à son grand désespoir, est tout tracé : reprendre le restaurant. Mais un jour, Nora, jeune femme de caractère est jetée à la mer depuis un voilier de course. Elle échoue sous les yeux de Jean. C’est l’aventure qui frappe à sa porte. Une nuit très mouvementée commence : une promenade en voiture avec une femme aussi imprévisible que séduisante, qui va l’entraîner bien loin de chez lui…"
792614,/bbIeqxgV1x24RhWF7kSq9c41l0i.jpg,"Depuis qu’il a perdu sa femme, Andrew Blake n’a plus le cœur à rien. Un ultime élan le pousse à quitter Londres pour retourner en France, dans la propriété où il l’avait rencontrée. Ce voyage vers le souvenir des jours heureux ne va pas du tout se passer comme prévu…Pour rester au domaine de Beauvillier, Blake se retrouve condamné à jouer les majordomes à l’essai. Entre Mme Beauvillier, la maîtresse des lieux au comportement aussi étrange que ses relations, Odile, la cuisinière au caractère bien trempé, Philippe, l’intendant un peu frappé qui vit en ermite au fond du parc, et Manon, la jeune femme de ménage dont le destin bascule, Blake découvre des gens aussi perdus que lui. Face à eux, dans cet endroit à part, cet homme qui n’attendait plus rien de la vie va être obligé de tout recommencer…"
938250,/9gXhlu2hnf1IjS73ETF0zdazmZr.jpg,"Miss Novak rejoint un lycée privé où elle initie un cours de nutrition avec un concept innovant, bousculant les habitudes alimentaires. Sans qu’elle éveille les soupçons des professeurs et des parents, certains élèves tombent sous son emprise et intègrent le cercle très fermé du mystérieux Club Zero"
983017,/nRphlyl5pTMYObnDlhRGmETEURu.jpg,"Marie-Luce Bison, 14 ans, est élevée par son père dans une joyeuse pension de famille pour seniors dont il est le directeur. C'est bientôt la soirée déguisée de son nouveau collège : son père ne veut pas qu'elle y aille ... et de toute façon, elle n'est pas invitée. Mais poussée par Albert, son meilleur ami de 80 ans, Marie-Luce, s'y incruste, habillée en homme. Ce soir-là, tout le monde la prend pour un garçon… un garçon que l’on regarde et qui plait. Elle décide alors de s’inventer un double masculin prénommé Léo pour vivre enfin sa vie d’ado. Bien entendu, à la maison, la relation avec son père se complique."
664411,/lNpm1GaXrgBy1rAQcc32KeEPBFK.jpg,"« A 50 balais, le plus dur c’est que t’es un vieux pour les jeunes, et t’es un jeune pour les vieux, t’es fifty fifty... Mi figue-mi raisin... Sec, pour le coup ».  A la fois éternel séducteur aux yeux couleur océan et jeune papa poule attendri par ses deux petits super-héros, Franck Dubosc nous livre un nouveau spectacle d’une sincérité totale et d’une drôlerie imparable!  « J’ai 50 ans et j’aime ça!!! » Vous aussi, vous allez adorer les « fifty balais and the dust » de Franck Dubosc."
81342,/9H6Fh9IviLlRXefy8ZQ50vFqKdE.jpg,"Nathalie a tout pour être heureuse. Elle est jeune, belle, et file le parfait amour. La mort accidentelle de son mari va couper son élan. Pendant des années, elle va s'investir dans son travail, se sentir en parenthèse de sa vie sensuelle. Cependant, subitement, sans qu'elle comprenne vraiment pourquoi, elle embrasse un de ses collègues. Markus, un homme très atypique. S'ensuit alors la valse sentimentale de ce couple hautement improbable."
984307,/3W6DBswu6Y0AIvIIzQbsVMJHOYV.jpg,"Max, un impitoyable tueur à gages de cinquante ans, découvre qu’il a un problème : il s’évanouit désormais devant la moindre goutte de sang. Son avenir dans la profession étant compromis, il va devoir se reconvertir... Mais pas si simple quand sa seule compétence professionnelle est de tuer des gens… Ils se fait aider par un couple de jeunes voisins, Karim et Stéphanie, qui n’imaginent pas un instant à qui ils ont affaire... Max s’attache, malgré lui, au jeune couple, jusqu’à ce que son passé le rattrape."
133469,/qYNqvYgxzC097TAasr9rDuelyDe.jpg,"Patrick Orbéra, la cinquantaine, est une ancienne gloire du football qui a totalement raté sa reconversion. Sans emploi, alcoolique et ruiné, il n’a même plus le droit de voir sa fille Laura. Contraint par un juge de retrouver un emploi stable, il n’a d’autre choix que de partir sur une petite île bretonne, pour entraîner l’équipe de foot locale. S'ils gagnent les 3 prochains matchs, ils réuniront assez d’argent pour sauver la conserverie de l’île, placée en redressement judiciaire et qui emploie la moitié des habitants. Patrick Orbéra est immédiatement confronté à un obstacle majeur : transformer des pêcheurs en footballeurs quasi-professionnels. Il décide alors de faire appel à ses anciens coéquipiers pour l’aider à hisser le petit club breton parmi les grands…"
957608,/5IRx2sRjbwI1QNv3fafjUBRPgKR.jpg,"Dog et Mirales, deux amis d’enfance vivent dans un petit village du Sud de la France. Ils passent la majeure partie de leurs journées à traîner dans les rues. Pour tuer le temps, Mirales a pris l’habitude de taquiner Dog jusqu’à en faire son souffre-douleur. Mais cet été là, Dog rencontre Elsa avec laquelle il vit une histoire d’amour. Rongé par la jalousie, Mirales va devoir se défaire de son passé pour pouvoir grandir et trouver sa place."
155888,/dVh89RxEwHae8jERWVsgUXA90LL.jpg,"Peut-on changer sa vie en une nuit ?  Sous un ciel capricieux, six âmes perdues vont devenir les héros d’une histoire d’amour tour à tour cruelle, imprévisible, poignante… et mouvementée !  Certains se trouveront. D’autres pas."
170832,/yLGXmrOBs2aO3WjOMPuzxRh7n0l.jpg,"Une petite station balnéaire de la Côte Picarde, la dernière semaine d'août. En leur remettant les clefs d'un appartement de location, Sylvain fait la connaissance d'une jeune mère et de sa fille, aussi séduisantes l'une que l'autre. L'occasion rêvée de sortir ne serait-ce que quelques jours d'une vie solitaire dont les femmes sont désespérément absentes."
958335,/7q7zosFps60Fd0IkVgdCQBTX19i.jpg,"Adolescentes, Blandine et Magalie étaient inséparables. Les années ont passé et elles se sont perdues de vue. Alors que leurs chemins se croisent de nouveau, elles décident de faire ensemble le voyage dont elles ont toujours rêvé. Direction la Grèce, son soleil, ses îles mais aussi ses galères car les deux anciennes meilleures amies ont désormais une approche très différente des vacances… et de la vie !"
121936,/sxgKa86V5G56UgSBVWcraSCRWnQ.jpg,"Sacha aime ses amis, son piano, la fête. La nuit, il joue dans un club de jazz et séduit des jolies filles. Il vit dans l’instant, pour le plaisir. Sans réveil-matin, sans alliance, sans impôt. Charlotte a trois enfants, deux ex-maris et une carrière professionnelle à gérer. Elle n’a aucune place pour une histoire d’amour. Tout les oppose. Ils n’ont rien à faire ensemble…  Ils sont faits l’un pour l’autre."
123235,/bV9UhqzDmCVsFf7JBK5sqoCSkkf.jpg,"Alice est jeune, belle et passionnée par son travail de pharmacienne. Seul problème, elle est toujours célibataire. Préférant se réfugier dans sa passion pour Woody Allen, elle résiste tant bien que mal à la pression de sa famille qui ne cherche qu’à la caser. Pourtant, sa rencontre avec Victor pourrait bien changer la donne…"
75198,/daAqf1C71RjxJX95Y9Gjf9IclQl.jpg,"Isabelle, DRH d'une grande société de croisière, a commis l'erreur de choisir pour amant son patron. Avant d'embarquer pour le voyage inaugural du fleuron de la flotte, il décide de la débarquer de sa vie et de son boulot ! Certaines femmes se vengent par le poison, l'arme à feu, ou la calomnie. Isabelle choisit Rémy, chômeur flamboyant qui a tout raté sur terre et qui se dit qu'après tout sur mer, il aurait peut être plus de chance… Elle le recrute comme animateur. Sur ce palais des mers, Rémy va d'abord se révéler être le pire cauchemar du PDG ainsi que de Richard, le directeur de croisière… Puis, peu à peu, il va changer de vie et celle de tous ceux qui croiseront sa route…"
79728,/mKdz4SQt4zHuUgYkneo4oPlSBny.jpg,"Yannis a 14 ans et vit sur une petite île grecque qui a su demeurer sauvage. Depuis la mort de sa mère, la relation qui l’unit avec son père, Démosthène, s’est durcie. Lors d’un voyage à Athènes, il sauve d’une mort probable un jeune pélican du nom de Nicostratos. Contraint de l’élever en cachette pour le soustraire à la colère paternelle, Yannis devient bien malgré lui une vedette dans son île qui se trouve transformée par le tourisme grâce à ce magnifique pélican blanc, le plus grand oiseau d’Europe ! C’est un été unique, celui dont on se souvient tout le reste de sa vie. Yannis y découvrira l’amour que son père lui porte et qu’il n’avait jamais su lui témoigner..."
130055,/qG9BOA5LRv5lmvwxkhaySRwKtZU.jpg,"Damien, professeur de civilisation chinoise, vit avec sa femme, Iva, metteur en scène de théâtre, et leur fils Noé. Leur histoire d’amour s’est enlisée dans une routine empreinte de lassitude. Pour éviter à une certaine Zorica d’être expulsée, Damien se trouve un jour piégé par Iva, qui le somme de demander l’aide de son père, conseiller d’État, avec lequel il entretient une relation plus que distante. Cette mission hasardeuse plonge Damien dans une spirale qui va bouleverser sa vie…"
85872,/i127ycvqkOq6h6qej4HXMZLnBwL.jpg,"Jacky Bonnot aime tellement cuisiner qu'il rêve depuis sa plus tendre enfance de devenir un grand chef. Même si sa compagne peut comprendre l'ambition culinaire de Jacky, il s'agit aussi de faire bouillir la marmite. Aussi accepte-t-il n'importe quel petit boulot. Et lorsqu'on lui propose enfin un poste dans une cuisine, il n'est pas question d'autre chose que de steaks et de saucisses. C'est alors que son chemin croise celui d'Alexandre Lagarde, un chef étoilé célèbre, mis en difficulté par le groupe financier propriétaire de ses enseignes. Si Lagarde devait perdre la moindre étoile, il serait congédié sur-le-champ. Or, le malheureux n'a plus d'idée…"
352025,/1FAZpAfBsBtkAxUGkskXf4pTEUu.jpg,"Antoine ressemble aux héros des films dont il compose la musique. Il a du charme, du succès, et traverse la vie avec autant d’humour que de légèreté. Lorsqu’il part en Inde travailler sur une version très originale de Roméo et Juliette, il rencontre Anna, une femme qui ne lui ressemble en rien, mais qui l’attire plus que tout. Ensemble, ils vont vivre une incroyable aventure…"
89287,/vPzy4KPcT76bqbKNxi63u5nPH5w.jpg,"Dom est veilleur de nuit dans un petit hôtel du Havre. Un soir, une femme arrive à l’accueil, sans valise, pieds nus. Elle s’appelle Fiona. Elle dit à Dom qu’elle est une fée et lui accorde trois souhaits. Le lendemain, deux vœux sont réalisés et Fiona a disparu. Mais Dom est tombé amoureux de la Fée Fiona et veut la retrouver."
206408,/Nsde38XSWQXfwZ7sLPlAOGLvCS.jpg,"On retrouve Xavier avec Wendy, Isabelle et Martine 15 ans après l’Auberge Espagnole et 10 ans après les Poupées Russes. Tout paraissait si simple alors mais la vie de Xavier ne cessera de prendre des détours inattendus entre Paris et New-York. Il cherche son chemin dans ce joyeux bordel pour trouver sa place en tant qu’homme et aussi en tant que père. Et qui sait, peut-être est-ce justement la folie de New-York qui permettra à Xavier de résoudre, enfin, le véritable casse-tête chinois qu’est sa vie !"
146375,/s3SlNPUGQty6r5s8XDoVsBqfyXR.jpg,"Un matin à l’aube dans une cité de Bobigny, près d’un vieux tripot clandestin, est retrouvé le corps sans vie d’Éponine Chaligny, femme du très influent Jean-Éric Chaligny, premier patron de France, au centre d’un climat social extrême qui secoue la France depuis quelques semaines. Ce matin-là deux mondes radicalement opposés vont alors se croiser : Ousmane Diakité, policier de la section financière de Bobigny et François Monge, capitaine de la fameuse police criminelle de Paris. Leur enquête va les emmener d’un côté à Paris et son syndicat patronal, de l’autre en banlieue de Bobigny et ses affaires clandestines. Tour à tour, de l’autre côté du périph."
973912,/bH8FlHmk3fYmCsmPvWQ2QbhtSsI.jpg,"Sur le point de se marier, Alice et François décident de réunir leurs deux familles. Pour l’occasion, ils réservent à leurs parents un cadeau original : des tests ADN pour que chacun puisse découvrir les origines de ses ancêtres. Mais la surprise va virer au fiasco quand les Bouvier Sauvage, grande famille aristocrate, et les Martin, beaucoup plus modestes, découvrent les résultats, pour le moins… inattendus !"
66128,/Asr21oO27vWEUUtGhqWN0EleJuM.jpg,"En interceptant par hasard une demande de protection sur un téléphone mobile à la suite de leur prospection (infructueuse) dans des palaces parisiens, trois jeunes de banlieue, ex-agents de sécurité, se font passer pour des gardes du corps expérimentés et sont chargés de protéger Marie Van Verten, jeune et riche (et capricieuse) héritière belge. D'abord opposés par leurs différences sociales et culturelles, les garçons mal dégrossis et la fille choyée vont faire corps et fraterniser afin d'échapper aux ravisseurs lancés sur la piste de Marie. L'histoire s'achève beaucoup mieux qu'elle a commencé puisque l'amour se mêle de jeter l'un des trois jeunes aulnaysiens et la millionnaire bruxelloise dans les bras l'un de l'autre."
91052,/aZu7LcBkEcxdXefAqwJzVQ5TU3h.jpg,"La veille du 10 mai 1981, Primo et Gabrielle, 18 ans, se rencontrent. Elle fait partie de la bourgeoisie parisienne. Lui est fils de petits commerçants de province. Ébloui par le charme de Gabrielle et des filles qui l’entourent, Primo bluffe. Il s’invente un nouveau pédigrée, ment beaucoup, et compense le vide de ses poches à coup d’audace et d’imagination…"
98877,/yCCpWzGNsWHBMLPrKRUYTX4gh3t.jpg,"La clinique Marchal est un modeste établissement familial dirigé par David Marchal, tandis que ses deux fils, John et Michael, y sont chirurgiens. Depuis quelque temps, rien ne va plus: John, très amoureux de l’infirmière Priscilla a vu celle-ci épouser Michael qui a ruiné la clinique en transformant celle-ci en établissement de chirurgie esthétique. David Marchal a fait une crise cardiaque qui le maintient alité, à l’article de la mort. Michael, délaissant Priscilla, après seulement quelques semaines de mariage, a pris pour maîtresse Samantha qui nourrit une passion dévorante pour l’argent et les bijoux hors de prix. Tandis que John (aidé par Priscilla) lutte jour et nuit pour redresser l’économie de la clinique, Michael (« piloté » par la très cupide Samantha) n’a de cesse de ruiner ses efforts pour vendre l’établissement familial à un puissant laboratoire pharmaceutique.Qui l’emportera? Les merveilleux John et Priscilla… Ou les infâmes Michael et Samantha ?"
962543,/mY7jyW2ViTMqLkJb50KPER4tjsR.jpg,"Un tournage va avoir lieu cité Picasso, à Boulogne-Sur-Mer, dans le nord de la France. Lors du casting, quatre ados, Lily, Ryan, Maylis et Jessy sont choisis pour jouer dans le film. Dans le quartier, tout le monde s’étonne : pourquoi n’avoir pris que « les pires » ?"
922705,/60EgLsQZTxBdRVjIRSh6bJZrSyu.jpg,"Les SEGPA se font virer de leur établissement. À leur grande surprise, ils intègrent le prestigieux collège Franklin D. Roosevelt.  Le Principal, peu enclin à voir la réputation de son école se détériorer, imagine un stratagème pour virer les SEGPA tout en conservant les aides.  Alors qu’ils savourent leur nouvelle vie, lient des amitiés et deviennent de plus en plus populaires, les SEGPA découvrent le projet du Principal. Ils décident alors de tout faire pour déjouer ses manigances..."
919573,/yKJrsWzHupuJ7Yvc0cekkW21rg4.jpg,"Quand Abel apprend que sa mère Sylvie, la soixantaine, est sur le point de se marier avec un homme en prison, il panique. Épaulé par Clémence, sa meilleure amie, il va tout faire pour essayer de la protéger. Mais la rencontre avec Michel, son nouveau beau-père, pourrait bien offrir à Abel de nouvelles perspectives."
884453,/y7AfaAbrRro8c2N99JTIbEFSrra.jpg,"Pour venir en aide à des migrants qu’il cachait à Paris, Pierrot les conduit dans le Sud- Ouest chez Antoine qui lui-même accueille déjà Mimile, en pleine reconquête amoureuse de Berthe. S’attendant à trouver à la campagne calme et volupté, les six réfugiés gouteront surtout à la légendaire hospitalité d’un village français. L’occasion rêvée de secouer les peurs et les préjugés pour Sophie et nos trois Vieux Fourneaux, promus consultants inattendus d'une campagne électorale que Larquebuse, le maire de Montcoeur n’est pas prêt d’oublier."
961084,/36FnPM4ZZaL46QQNBH6dk3rmqvn.jpg,"Quand elle arrive à l’Elysée, Bernadette Chirac s’attend à obtenir enfin la place qu’elle mérite, elle qui a toujours œuvré dans l’ombre de son mari pour qu’il devienne président. Mise de côté car jugée trop ringarde, Bernadette décide alors de prendre sa revanche en devenant une figure médiatique incontournable."
133698,/tZVfp3R7KmiSY7WgIRUckYz2Gb0.jpg,"Pour contourner la malédiction qui anéantit tous les premiers mariages de sa famille, Isabelle a une stratégie pour épouser l'homme qu'elle aime : trouver un pigeon, le séduire, l’épouser et divorcer. Un plan parfait si la cible n’était l'infernal Jean-Yves Berthier, rédacteur pour un guide touristique, qu'elle va suivre du Kilimandjaro à Moscou. Un périple nuptial pour le meilleur et surtout pour le pire."
77462,/xkBdGIZEBFvc1vhSnTWl6FOUfNc.jpg,"« Elle m’a poussée dans mes retranchements, m’a fait dépasser toutes mes limites, m’a confrontée à l’absolu : de l’amour, du sacrifice, de la tendresse, de l’abandon. Elle m’a disloquée, transformée. Pourquoi personne ne m’a rien dit ? Pourquoi on n’en parle pas ? »  Un heureux événement ou la vision intime d’une maternité, sincère et sans tabous."
147798,/stzg8LBDtlLiB0D3VLVaTCBA264.jpg,"Plus rien ne retient Yvan à Paris. Sa femme l’a quitté pour vivre en Thaïlande. Ses filles, adolescentes, ont choisi d’habiter chez sa sœur Ariane, aussi angoissée qu’admirable. Yvan est prêt à partir… quand débarquent dans sa vie la belle Emmanuelle, qui fait des enfants comme elle tombe amoureuse, et Léo, le petit garçon que sa femme a eu avec un autre.  Yvan va devoir changer ses plans."
964831,/9xv9EQaJPcF95Rzccd0HKJfgXw4.jpg,"Leslie et Renard, deux jeunes glandeurs de banlieue parisienne, trouvent un mystérieux objet sur un chantier de la future ligne de métro du Grand Paris. Artefact, talisman antique, ou relique d’une civilisation disparue ? Persuadés d’avoir trouvé la poule aux œufs d’or, les deux amis mènent l’enquête, avec les moyens du bord, le temps d’une folle nuit aux quatre coins de l’Île de France."
967585,/u2IgcRl1q5iDoag5xBYR4q51gJW.jpg,"Après avoir fermé son agence Alibi.com et promis à Flo qu'il ne lui mentirait plus jamais, la nouvelle vie de Greg est devenue tranquille, trop tranquille… Plus pour longtemps ! Lorsqu’il décide de demander Flo en mariage, Greg est au pied du mur et doit se résoudre à présenter sa famille. Mais entre son père escroc et sa mère ex-actrice de films de charme, ça risque fort de ruiner sa future union. Il n'a donc pas d'autre choix que de rouvrir son agence avec ses anciens complices pour un ultime Alibi et de se trouver des faux parents plus présentables."
958155,/dtMrGc0iEvB4FiinWRwTAXr05ft.jpg,"Jordan, 14 ans, s’ennuie dans le petit village de Mornas. Sa mère infirmière étant souvent absente, il s’occupe avec son meilleur ami Patrick en jouant à leur console affectueusement nommée Jessica. Mais lorsque Jessica rend l’âme, Jordan décide de simuler une maladie et de monter une cagnotte en ligne pour s’en racheter une. Quand ce mensonge se propage dans la cour du collège, les regards se tournent enfin vers eux. Un début de popularité qui mettra leur amitié indéfectible à rude épreuve..."
926516,/4Drst6qdfGDdkRIXEQk429QGXWC.jpg,"Un groupe d’amis se réjouit de fêter les 50 ans de l’un d’entre eux, Yves, en Grèce. Mais l’annulation de leur vol les contraint à se rabattre sur le Finistère, dans le manoir familial de Yves, qui, en tant que parfait breton, leur a brossé un portrait idyllique de la Bretagne : vieilles pierres, lande fascinante, plages de sable fin et Fest Noz endiablés. Tout y est, en effet, mais sous la pluie. Et surtout, l’anniversaire de Yves va être l’occasion de révélations inattendues."
947962,/ryVIqBbXINI3BXNBvIXmJnK5hTe.jpg,"Éducateurs de quartier, Alex et Stéphanie emmènent cinq ados déscolarisés pour faire une traversée de la Méditerranée et les réinsérer par les valeurs de la mer. Mais arrivés au port, ils tombent sur Riton, leur skippeur, un ancien flic de la BAC, qui a tout quitté pour fuir la banlieue. Ces jeunes, c’est son pire cauchemar. Contraints, ils se retrouvent tous embarqués sur le même bateau pour une virée en mer de quinze jours. Une chose est sûre, après cette Traversée, ils n’auront plus tout à fait la même vision du monde…"
136403,/8bOg7KquoaOjzretanpotW6EuSD.jpg,"Printemps 1958. Rose Pamphyle, 21 ans, vit avec son père, veuf bourru qui tient le bazar d’un petit village normand. Elle doit épouser le fils du garagiste et est promise au destin d’une femme au foyer docile et appliquée. Mais Rose ne veut pas de cette vie. Elle part pour Lisieux où Louis Echard, 36 ans, patron charismatique d’un cabinet d’assurance, cherche une secrétaire. L’entretien d’embauche est un fiasco. Mais Rose a un don : elle tape à la machine à écrire à une vitesse vertigineuse. La jeune femme réveille malgré elle le sportif ambitieux qui sommeille en Louis… Si elle veut le poste, elle devra participer à des concours de vitesse dactylographique. Qu’importent les sacrifices qu’elle devra faire pour arriver au sommet, il s’improvise entraîneur et décrète qu’il fera d’elle la fille la plus rapide du pays, voire du monde ! Et l’amour du sport ne fait pas forcément bon ménage avec l’amour tout court…"
960464,/9UapULHfWK4tmx9JN5v9ZjxQOLr.jpg,"Yannick est aide-soignant dans une maison de retraite. Entre pression permanente et restrictions budgétaires, il fait face aux manques de moyens avec une bonne humeur contagieuse. Mais lorsqu’on lui impose de partager le réfectoire avec une classe d’enfants, la situation se complique. Leur arrivée ainsi que celle de son animatrice, Aude, va bousculer le quotidien de tous et surtout des résidents..."
203715,/noJhDAm2WUn5OEM0RiJaxcPHWPj.jpg,"Fin des années 70, en Côte d'Ivoire à Yopougon, quartier populaire d'Abidjan. C'est là que vit Aya, 19 ans, une jeune fille sérieuse qui préfère rester étudier à la maison plutôt que de sortir avec ses copines. Aya partage ses journées entre l'école, la famille et ses deux meilleures amies : Adjoua et Bintou, qui ne pensent qu'à aller « gazer » en douce à la nuit tombée dans les maquis. Les choses se gâtent lorsque qu'Adjoua se retrouve enceinte par mégarde. Que faire ?"
199549,/4eqt7ScP8T04gi1P1yI2EYJa9bv.jpg,"Walter Orsini aime faire des grands gestes et parler fort, un peu. Il aime la pêche, la cuisine et les bons vins, beaucoup. Il aime Paul et Jacques, ses amis d'une vie, passionnément. Il aime surtout Clémence, sa fille de 20 ans, à la folie. Mais il n'aime pas le mensonge, mais alors pas du tout. «Dans la vie, on se dit tout» voilà ce qu'il déclare à qui veut l'entendre et même aux autres... Mais il est bien seul à respecter ce principe. Aussi, comment Walter, le fort en gueule, va-t'il réagir quand il découvrira que ceux qu'il aime tant lui mentent effrontément?"
139651,/7si2Y7NBT1N3d8JIU6qPWCSYUIv.jpg,"Rien ne destinait Hortense Laborie à devenir la cuisinière personnelle du Président de la République. Lorsqu'elle est appelée, depuis son Périgord, à rejoindre le Palais de l'Élysée, elle ne mesure pas les obstacles qu'elle va rencontrer dans les coulisses du pouvoir. Mais l'authenticité de sa cuisine ne tardera pas à séduire le Président..."
112592,/eKEaUQkgzCykg99NcWF6sIdajvF.jpg,"Trompé par sa femme, Antoine quitte le foyer et va s’installer chez Léo, son ami d’enfance. Léo et sa femme Léa, vont l’aider à surmonter cette épreuve. Le plus dur pour lui, c’est le manque de ses trois enfants. Le fameux week-end sur deux qui fait de vous un Papa du dimanche, un peu amateur, comme l’est un pêcheur ou un conducteur du dimanche. La vie doit continuer, le sourire et la joie revenir. Un apprentissage difficile puis progressivement joyeux de cette nouvelle vie où même une nouvelle rencontre amoureuse trouvera peut-être sa place…"
147686,/14HDlhXwa2qQNVIbD5PnReUFgbz.jpg,"Maxime est un chef d’entreprise qui fait des heures supplémentaires pour sauver sa compagnie d’ambulances au risque de sacrifier sa femme et ses enfants. Apprenant que sa mère est en garde à vue, il va la sortir de prison… et se le fait aussitôt reprocher. Olga, sa mère, est en effet une femme de caractère. Il apprend qu’elle s’est à nouveau disputée avec son père et décide de la ramener chez elle. C’est l’occasion pour Maxime de passer un week-end loin de ses responsabilités. Chez ses parents, deux sexagénaires qui, depuis quarante ans, s’aiment autant qu’ils s’engueulent. Cette parenthèse joyeuse dans une vie agitée est l’occasion pour le fils de se rappeler d’où il vient. La vie a beau être éphémère et injuste elle peut aussi être envisagée comme une suite de petits bonheurs. D’autant plus qu’ils ont un invité…"
100830,/YoG8laZj18NHZ0taGw3YRZhujl.jpg,"En plein échec professionnel et sentimental, Ben, qui se rêvait comique à New York, est de retour à Paris. Il rencontre Alex, présentateur-vedette du Breakfast-club, le Morning star de la radio. Avec Cyril, un quadra mal assumé, et Arnold, le leader charismatique de la bande, ils font la pluie et le beau temps sur Blast FM. Très vite Ben est engagé : Il écrira pour eux. Alors qu’il a à peine rejoint l’équipe, un raz de marée frappe de plein fouet la station : l’audience du breakfast est en chute libre. C’est en bus qu’ils sillonneront les routes de France pour rencontrer et reconquérir leur public. Pour ces Parisiens arrogants, de ce road trip radiophonique naîtra un véritable parcours initiatique qui bousculera leurs certitudes."
589026,/35ZLQMx4GO0V54H1tzMBLCjFQRE.jpg,"Linda est injustement punie par sa mère, Paulette, qui ferait tout pour se faire pardonner. Même un poulet aux  poivrons, elle qui ne sait pas cuisiner. Ce poulet que son père avait fait ce jour-là... Mais c'est la grève. C'est partout la grève !  partout la grève !"
993297,/13bUj92OrvpAIFLczsekYKb2qqw.jpg,"1985, premier été sans les parents. Le soleil, les copines, les Italiens, le rêve. Retour à la réalité, pour Stella, c’est l’année du bac. Et même si elle dit qu’elle s’en fout, elle sait bien que ça peut décider de sa vie entière… Plutôt mourir que de reprendre le bar de ses parents. Surtout que, chez elle, son père s’est cassé avec une autre, en laissant les dettes et sa mère en déprime. Heureusement il y a les sorties, la nuit, les rencontres, et puis l’amour pour rêver d’un autre monde."
1302848,/gTt3NeQ2bEN06DCmxHlSjlOqkMA.jpg,"Suite à la disparition d’un de leurs camarades de classe, quatre anciens lycéens décident, 30 ans après le bac, de réunir toute leur promo à l’occasion d’une fête.  Véritable déclaration d’amour aux années 90, ""T’as pas changé"" dresse le portrait drôle et doux-amer de ces presque quinquas que des retrouvailles vont bouleverser à jamais…"
989229,/ksEwgJb0dPmmRCH75HOAHWoUXG1.jpg,"François, futur académicien, est un écrivain célèbre. Sa vie serait un bonheur parfait s’il ne souffrait d’un terrible mal de dos qui empoisonne son existence. Lorsque François, par le plus grand des hasards, rencontre l’incroyable Martha aux mains guérisseuses, ses douleurs de dos vont s’atténuer. Il va devenir dépendant des mains de Martha qui l’apaisent davantage que n’importe quel antidouleur."
143567,/faimmushRwen8519t2vBBAWjrUr.jpg,"Depuis que Charlie n’est plus là, la vie de Boris, Elie et Maxime a volé en éclats. Ces trois hommes que tout sépare avaient pour Charlie un amour singulier. Elle était leur sœur, la femme de leur vie ou leur pote, c’était selon. Sauf que Charlie est morte et que ça, ni Boris, homme d’affaires accompli, ni Elie, scénariste noctambule et ni Maxime, 20 ans toujours dans les jupes de maman, ne savent comment y faire face. Mais parce qu’elle le leur avait demandé, ils décident sur un coup de tête de faire ce voyage ensemble, direction la Corse et cette maison que Charlie aimait tant. Seulement voilà, 900 kilomètres coincés dans une voiture quand on a pour seul point commun un attachement pour la même femme, c’est long… Boris, Elie et Maxime, trois hommes, trois générations, zéro affinité sur le papier, mais à l’arrivée, la certitude que Charlie a changé leur vie pour toujours."
127489,/kUmBtxUYBMbWt1kC4EkANgcyY78.jpg,"Patrick est un homme rigoureux et borné. Elève brillant aux Antilles, sa mère l'a envoyé à l'âge de dix ans pour faire ses études en ""France"". 30 ans plus tard, il est devenu un historien réputé et fier. Coupé de sa famille et de ses traditions, il s'est intégré au point d'en avoir oublié ses racines... Un noir devenu ""blanc à l'intérieur""... Apprenant que sa mère est sur le point de mourir, il part en urgence pour la Martinique, avec sa fille unique, et y débarque en plein carnaval. Durant trois jours, accompagné de son ami d'enfance, l'irrésistible Zamba, il va être emporté dans un tourbillon de folie, d'émotion, d'humour et de situations rocambolesques. Un voyage initiatique rythmé par l'ambiance et les couleurs du carnaval. Trois jours qui vont changer sa vie."
989502,/1Lyc3692nVXPPPqVo5vzsP8KTRX.jpg,"Qu’est-ce qui conduit un homme établi à mettre en péril son confort, sa carrière et son couple ? La passion, d’autant plus brûlante qu’elle est tardive, pour cinq hectares de terre limousine. Mais la terre se mérite, surtout quand on vient de la ville. Voilà Franck précipité dans la quête du Graal. Il lui faut un tracteur."
109261,/wh5aUPt4kCPzWSyXUs5ON2LYx3K.jpg,"À 40 ans, Mélina est la voix la plus célèbre de France. Animatrice à la radio, la nuit à l'antenne elle résout les problèmes affectifs et sexuels des auditeurs avec impertinence, humour et sans tabou. Tout le monde connaît sa voix, mais personne ne connaît son visage. Dans la vie, elle évite tout contact et vit comme une vieille fille dans les beaux quartiers.  Partie à la recherche d'une mère qu'elle n'a jamais connue, elle découvre que celle-ci vit au sein d'une famille nombreuse, en banlieue. Elle décide de s'approcher d'elle, incognito...."
893369,/vWx3Hi7DZ7VWyjWVf9gySG6Lbq4.jpg,"Deux ans après avoir survécu seul sur l’île hostile de Val Verde, Jack Mimoun est devenu une star de l’aventure. Le livre racontant son expérience est un best-seller et son émission de télévision bat des records d’audience. Il est alors approché par la mystérieuse Aurélie Diaz qui va ramener Jack Mimoun sur Val Verde pour l’entraîner à la recherche de la légendaire Épée du pirate La Buse. Accompagnés de Bruno Quézac, l’ambitieux mais peu téméraire manager de Jack, et de Jean-Marc Bastos, un mercenaire aussi perturbé qu’imprévisible, nos aventuriers vont se lancer dans une incroyable chasse au trésor à travers la jungle de l’île aux mille dangers."
957325,/w2mhMAkKKIfwhmnpwUicJPAHpN1.jpg,"1920, les années folles. Georges Clemenceau vient de perdre l’élection présidentielle face à l'inconnu Paul Deschanel, un idéaliste qui veut changer le pays. Mais un soir ce dernier tombe d'un train et se volatilise."
998587,/jfp2t2jPC81Utig1NNTZ4AydBR2.jpg,"Lucie et Inès s’aiment et veulent un enfant, mais il leur manque quelque chose… Après cinq tentatives de PMA (procréation médicalement assistée), elles partent pour un ultime essai en Belgique. Commence alors une quête folle pour trouver LA graine."
1005685,/k0wMePwCqsHcoX8zWQ1ZWAcx6PS.jpg,"Instituteur à la retraite, Robert Poutifard n'a plus qu'une idée en tête : se venger de ses anciens élèves qui ont gâché sa vie ! Pour l’aider à mettre en place son plan diabolique, il a la meilleure des complices à ses côtés... sa maman. Ensemble, ils vont leur en faire voir de toutes les couleurs ! La vengeance est un plat qui se mange froid, et Robert Poutifard leur prépare une vraie surprise du chef."
934506,/5mLX4dGLgLaxvUc7hmeJZxsNObX.jpg,"C’est la rentrée. Une nouvelle année scolaire au collège qui voit se retrouver Pierre, Meriem, Fouad, Sophie, Sandrine, Léo et Sofiane, un groupe d'enseignants engagés et soudés. Ils sont vite rejoints par Benjamin, jeune professeur remplaçant sans expérience et rapidement confronté aux affres du métier. À leur contact, il va découvrir combien la passion de l’enseignement demeure vivante au sein d’une institution pourtant fragilisée."
965791,/calbXqzHVxfKlmtcwnSdCMW4owN.jpg,"Albert et Bruno sont surendettés et en bout de course, c’est dans le chemin associatif qu’ils empruntent ensemble qu’ils croisent des jeunes militants écolos. Plus attirés par la bière et les chips gratuites que par leurs arguments, ils vont peu à peu intégrer le mouvement sans conviction."
960134,/jSJ4yESLn6Cf6rNfXEhqiAWNNko.jpg,"À la mort d’un vieux prêtre, les responsables de son diocèse découvrent qu’il s’agissait d’une femme. Sans que personne ne s’en doute, elle exerçait sa vocation depuis des années. Consterné, l’évêque décide de diligenter une enquête et charge la chancelière de l’évêché de comprendre comment, pourquoi et avec quelles complicités une telle supercherie a été possible..."
966355,/plQkuiaj5ykGTWC5jZANTKgfT1R.jpg,"Mireille Stockaert est une femme solitaire et brisée. Amoureuse de peinture et de poésie, elle s’accommode de son travail à la cafétéria des Beaux-Arts de Namur. Sa vie bascule quand elle choisit d’habiter la grande maison familiale dont elle hérite. N’ayant pas les moyens de l’entretenir, elle décide de prendre trois locataires. Trois hommes qui vont bouleverser sa routine."
944945,/gMrwq2Ey6GDIdoPEGZ7hmgdFUMI.jpg,"Samir Amin est un écrivain comblé, Prix Nobel de littérature, qui vit à Paris, loin de son pays natal, l'Algérie. Il refuse systématiquement toutes les invitations qui lui sont faites. Jusqu'au jour où il décide d'accepter d'être fait « Citoyen d'honneur » de Sidi Mimoun, la petite ville où il est né. Mais est-ce vraiment une bonne idée que de revoir les habitants de cette ville, qui sont devenus, au fil des années, les personnages de ses différents romans ?"
147684,/gGRJjg8YlccKb2aMGe3Bu28UflF.jpg,"Tout a commencé lorsque les caméscopes ont remplacé les caméras. Faire de la télé devenait alors à la portée de tous. Jean-Lou, Yasmina, Victor, Clara, Adonis et les autres ne voulaient pas seulement créer leur propre chaîne de télé, ils voulaient surtout faire la révolution. Ainsi naquit Télé Gaucho, aussi anarchiste et provocatrice que les grandes chaînes étaient jugées conformistes et réactionnaires. Cinq années de grands foutoirs, de manifs musclées en émetteur pirate, de soirées de beuveries en amours contrariées... et ce fut ma parenthèse enchantée."
93847,/mGP18eOSjtyf1uLJPTY6u7PyGIw.jpg,"Juillet 1976, année de la canicule. Claude, juif d’Algérie arrivé en France quinze ans plus tôt, emmène sa jeune femme Isabelle, ses deux garçons, Simon (12 ans), Bibou (8 ans) et sa belle-mère en Bretagne. C’est Isabelle, ayant pris Claude en flagrant délit d’adultère, qui a choisi pour les vacances ce petit village, où elle est née. Au « Rocher Abraham », ils sont accueillis avec méfiance par les autochtones à l’accent rugueux. Peu à peu, avec beaucoup d’humour, humanité, empathie, les choses vont évoluer, des liens se tisser, le passé, les vieilles rancœurs, les inimitiés, seront balayés. Au bord de la mer, tous vont vivre un bel été… Leurs plus belles vacances !"
994025,/gwYiiwb4uuXIbJJ0g9rew8Tl4la.jpg,"Youssef Salem, 45 ans, a toujours réussi à rater sa carrière d’écrivain. Mais les ennuis commencent lorsque son nouveau roman rencontre le succès car Youssef n’a pas pu s’empêcher de s’inspirer des siens, pour le meilleur, et surtout pour le pire. Il doit maintenant éviter à tout prix que son livre ne tombe entre les mains de sa famille..."
1010928,/miPSRVOdCcc59DcLoTQoKdKpvTK.jpg,"Lassée de la clandestinité, une voleuse professionnelle décide de se ranger... après une dernière mission de routine avec sa complice de toujours et une fougueuse nouvelle recrue."
139156,/5tNdObEQBYNY1uek7yGYfzVa6H3.jpg,"Vincent et Antoine, deux fans des années 80, dirigent une petite société de spectacle qui fait tourner des sosies dans toute la France. Entre déboires sentimentaux et caprices de leurs pseudo vedettes, l’affaire finit par péricliter. À la veille du dépôt de bilan, ils retrouvent un carton de vieux 45 tours: Jeanne Mas, Jean-Luc Lahaye, Lio, Desireless, Peter & Sloane, François Feldman, Début de soirée, Images, Cookie Dingler, Sabrina, Gilbert Montagné... tous les tubes des années 80! Immédiatement, l’étincelle jaillit: pourquoi ne pas faire remonter sur scène les vraies Stars des années 80? Les deux producteurs partent alors en quête de ces vedettes oubliées, et montent une tournée de concerts qui débutera dans la galère avant de cartonner en province et triompher… au Stade de France!"
125395,/sggDsiPiWE6GW4T7gdzuFQ3IAgw.jpg,"Prudence et Bélisaire Beresford ont décidé de prendre un repos bien mérité. Mais une richissime héritière russe disparaît, et Prudence ne résiste pas à l’appel du danger… Bélisaire est bien obligé de suivre sa turbulente épouse. L’enquête va les conduire sur les traces d’un mystérieux savant qui détient le secret de l’éternelle jeunesse…"
1008430,/u2H6mLPMt5GDNCjFQUjw8cwICE3.jpg,"Née pour danser, Neneh est une petite fille noire de 12 ans qui rêve de rentrer à l’école de ballet de l’Opéra de Paris. Malgré son enthousiasme, elle va devoir redoubler d’efforts pour s’arracher à) sa condition et se faire accepter par la directrice de l’établissement, Marianne Bellage. Cette dernière est en effet la garante des traditions et porteuse d’un secret qui la relie à la petite ballerine…"
173185,/3KTM1kuxPEZNaWZdopUbPOjni4I.jpg,"Alice Lantins a 38 ans. Elle est belle, ambitieuse et fait preuve d’une impeccable conscience professionnelle au point d’en oublier sa vie privée. Bref, elle a tout pour devenir la prochaine rédactrice en chef du magazine « Rebelle », tout sauf son image de femme coincée. Mais lorsque le jeune et charmant Balthazar, à peine 20 ans, va croiser le chemin d’Alice, le regard de ses collègues va inexplicablement changer. Réalisant qu'elle détient la clef de sa promotion, Alice va feindre la comédie d’une improbable idylle."
961707,/ym7K1GT8ffMM179srQT6WFn0z3Y.jpg,"Hawa, une adolescente de 15 ans, vit seule avec sa grand-mère gravemment malade et refuse toutes les « remplaçantes » que cette dernière lui propose. Jusqu’au jour où elle décide que la seule femme en mesure de l’adopter ne peut être que... Michelle Obama."
944938,/6f29PNchQVMjvyG3wFZeLkZtRi.jpg,"Virginie Thévenot, une prof de maths un peu spéciale, profite d’une grève générale dans un collège pour tenter une expérience hors du commun avec un petit groupe d’élèves. Elle prend un pari : leur laisser faire ce qu’ils veulent…  Une étincelle qui va enflammer les esprits des ados, provoquer une petite révolution au sein du collège et bouleverser leur vie à tous."
998783,/4iTGw83EOSYNWgVFAOUeRvce5mQ.jpg,"Gad Elmaleh, établi aux États-Unis depuis 3 ans, rentre en France sans oser avouer à sa famille qu'il le fait pour se convertir au catholicisme. Quand les parents de Gad, David et Régine, apprennent la nouvelle, c'est un cauchemar. Décidés à ramener Gad à sa judéité, ils vont faire de sa conversion un champ de bataille. Gad va toutefois réussir à leur faire comprendre que son amour sincère pour la Vierge Marie ne remet pas en question qui il est ou l'amour qu'il leur porte."
64812,/ssL2qLw7IlQs5uiyjmOoggHyVfx.jpg,"Comédie musicale de Kamel Ouali, produite par Dove Attia et Albert Cohen, qui raconte la vie et les amours de Louis XIV. Filmé en 2006 au Palais des Sports de Paris."
202980,/n1rNDMWzGSvtwS4HDpqDWkOVp2z.jpg,"JB, jeune prodige de 16 ans, est le dernier à intégrer le centre de formation où évoluent les plus grands espoirs du ballon rond. Entre l'amitié, la compétition, les rivalités et son attirance pour Lila, une jeune fille passionnée de street art, JB va devoir se battre malgré le lourd secret qui pourrait l'empêcher d'atteindre son rêve."
958857,/wg92fUpEqy6ymuld69dBbDa3Arv.jpg,"Noémie, une scénariste à succès, est invitée à l'École Nationale Supérieure de l'Audiovisuel de Toulouse par son directeur, Vincent, qui n'est autre que son premier amour. Elle s'y rend avec plaisir pour donner une masterclass à des étudiants, mais également pour tenter de renouer avec Vincent..."
198119,/c60BBP2zXJH76r7e0HWqr9nDKbl.jpg,"Nénette est une petite fille de soixante ans. Un problème à la naissance l’a rendue différente. Nénette, qui a l’âge mental d’une enfant de 8 ans, a toujours vécu avec sa mère, qui l’a élevée seule. Nénette travaille, elle fait le ménage à l’école de la commune et sa meilleure amie est une tortue. Mais lorsque sa maman meurt, tout va changer et Nénette doit partir en maison de retraite. L’établissement n’autorisant pas les animaux, Nénette part avec sa valise et sa tortue, avec l’idée de retrouver son père, dont elle ne possède qu’une photo jaunie, une lettre et une adresse. Lorsque Nénette arrive enfin à l’adresse indiquée sur la lettre, une pharmacie, ce n’est pas son père qu’elle trouve, mais le fils de ce dernier, Paul Bérard, pharmacien psychorigide, qui voit débarquer cette demi-sœur avec effarement."
156236,/vBRtKQPmSiT1JsVDNm4ufjDjAYX.jpg,"Au sommet de sa carrière d’acteur, Serge Tanneur a quitté une fois pour toutes le monde du spectacle. Trop de colère, trop de lassitude. La fatigue d’un métier où tout le monde trahit tout le monde. Désormais, Serge vit en ermite dans une maison délabrée sur l’Île de Ré… Trois ans plus tard, Gauthier Valence, un acteur de télévision adulé des foules, abonné aux rôles de héros au grand cœur, débarque sur l’île. Il vient retrouver Serge pour lui proposer de jouer «Le Misanthrope» de Molière. Serge n’est-il pas devenu une pure incarnation du personnage d’Alceste? Serge refuse tout net et confirme qu’il ne reviendra jamais sur scène. Pourtant, quelque chose en lui ne demande qu’à céder..."
219318,/yOBGZoP9cGTNy0yyTtAThyxpW7j.jpg,"Pour les voyageurs du monde entier, l’éruption du volcan islandais Eyjafjallajökull est un coup dur. Pour Alain et Valérie, c’est une catastrophe. Car pour arriver à temps dans le petit village de Grèce où se marie leur fille, ce couple de divorcés, qui se voue l’un l’autre une détestation sans borne, va être amené par la force des choses à prendre la route ensemble."
121730,/wyAYoEaTDT9QtsSv2wu4c5Y3ekI.jpg,"Nina est jeune, jolie et ronde. Malheureusement son mari Gaspard n’aime que les femmes très minces… Surtout depuis qu’ils se sont installés à Paris pour monter leur ligne de maillot de bain ultra pointue. Pour tenter de le séduire à nouveau, Nina accepte à contrecœur le cadeau qu'il lui offre : une cure d’amaigrissement à Brides-les-Bains. Le dernier espoir des gros quand on a tout essayé. Là-bas, elle va faire la connaissance de Sophie, une belle avocate marseillaise qui veut tout contrôler ; son corps, comme son cœur. Émilie, une mère de famille très enveloppée qui clame partout que « Big is beautiful » alors que sa vie amoureuse est à l’arrêt, et que son poids commence à la mettre en danger. La rencontre de ces trois personnalités va déclencher un raz-de-marée."
1028024,/7zlYvvruhnBtrLHyva1sEXwvYSp.jpg,"À 30 ans, Kev Adams évoque avec humour les façons dont sa vie a changé depuis sa révélation au public, 12 ans plus tôt. Beaucoup de joies et quelques aléas."
901405,/gceKQxMakhiTer6wjZTALx231PU.jpg,"Un jeune vidéaste au talent douteux fait la rencontre de Stéphane, un ancien cascadeur brut de décoffrage, qui sous couvert d'une grande sympathie se montre de plus en plus étrange. Ils s’engagent alors dans un projet périlleux : réaliser à eux seuls un grand film de guerre."
197089,/riRPEhmOMkfPFAV1wLvdjm5ylHF.jpg,"Louise rencontre Nathan, ses rêves ressurgissent. C’est aussi l’histoire de son frère malade et de leur mère, d’un destin: celui d’une grande famille de la bourgeoisie industrielle italienne. L’histoire d’une famille qui se désagrège, d’un monde qui se termine et d’un amour qui commence."
939338,/4B7BlaAfpfXrygeAj60KG3bcV6c.jpg,"La vie s’écoule paisiblement à Yolcos, belle et prospère ville portuaire de la Grèce antique, lorsque la population est menacée par la colère de Poséidon. Une jeune souris aventurière et le chat qui l’a adoptée vont alors aider à son insu le vieux Jason et ses Argonautes dans leur quête pour sauver la cité. Mais bien plus qu’un coup de main, l’opération les amènera finalement à affronter les créatures mythiques les plus dangereuses de la mythologie et à surmonter tous les dangers à leur place."
160564,/hkxsstveVdtvcYWrM1fOgZZQnQd.jpg,"Il était une fois une jeune fille qui croyait au grand amour, aux signes, et au destin ; une femme qui rêvait d’être comédienne et désespérait d’y arriver un jour ; un jeune homme qui croyait en son talent de compositeur mais ne croyait pas beaucoup en lui.  Il était une fois une petite fille qui croyait en Dieu.  Il était une fois un homme qui ne croyait en rien jusqu’au jour où une voyante lui donna la date de sa mort et que, à son corps défendant, il se mit à y croire."
137370,/7huLPsnvReXpEgaXmi972FGeXfE.jpg,"Pauline, la quarantaine, travaille comme maquettiste dans une revue spécialisée dans les enquêtes criminelles les plus sordides. Épanouie dans son activité professionnelle comme dans sa vie privée, Pauline se sent en sécurité. Aussi, lorsque son compagnon la quitte à la veille des grandes vacances, elle s'effondre. Pour lui remonter le moral, sa sœur et son beau-frère l'emmènent dans un palace au soleil. Mais voilà, Pauline s'ennuie, et plutôt que de profiter du luxe ambiant, elle se convainc qu'un crime a été commis au sein de l'établissement. L'affaire tombe bien pour elle : improvisée apprentie détective, elle se lance aussitôt dans une enquête frénétique. Un séduisant maître-nageur la seconde dans ses investigations..."
1001079,/uJTAta3TUM5mUuBTGGgbGOcyQjz.jpg,"Iris répond ""Pas"", à l’ostéopathe quand il lui demande comment ça se passe avec son mari. Cet aveu échappe à Iris, il la surprend elle-même, il la bouleverse, comme une brutale prise de conscience : depuis combien de temps n’a-t-elle pas fait l’amour ? Pourtant, tout va bien : Iris a un mari qui semble n’avoir aucun défaut, deux filles formidables, un cabinet dentaire où les patients se succèdent sans temps mort, un bel appartement dans un quartier qu’elle adore, des amis qui lui ressemblent… Et bientôt 50 ans. C’est une inconnue qui lui souffle l’idée : ""Prenez un amant"". Iris ouvrira la boîte de Pandore et aussitôt, les hommes surgiront - comme s’il en pleuvait."
135281,/eYMrF8lLK5kEJ0m5DsXzvlziWMs.jpg,"Camille a seize ans lorsqu’elle rencontre Éric. Ils s’aiment passionnément et Camille donne naissance à une fille… 25 ans plus tard : Éric quitte Camille pour une femme plus jeune. Le soir du 31 décembre, Camille se trouve soudain renvoyée dans son passé. Elle a de nouveau seize ans. Elle retrouve ses parents, ses amies, son adolescence… et Éric. Va-t-elle fuir et tenter de changer leur vie à tous deux ? Va-t-elle l’aimer à nouveau alors qu’elle connaît la fin de leur histoire ?"
186161,/evrbB9qFWPgX3G9ZC5ljHRugc4b.jpg,"Dans les beaux quartiers de Paris, Maria et José Ribeiro vivent depuis bientôt trente ans au rez-de-chaussée d’un bel immeuble. Ce couple d’immigrés portugais fait l’unanimité dans le quartier: Maria, excellente concierge, et José, chef de chantier hors pair, sont devenus au fil du temps indispensables à la vie quotidienne de tous ceux qui les entourent. Tant appréciés et si bien intégrés que, le jour où on leur offre leur rêve, rentrer au Portugal dans les meilleures conditions, personne ne veut laisser partir les Ribeiro, si dévoués et si discrets. Jusqu’où seront capables d’aller leur famille, les voisins, et leurs patrons pour les retenir? Et après tout, Maria et José ont-ils vraiment envie de quitter la France et d’abandonner leur si précieuse cage dorée?"
128592,/qQpKBibwRyQKc43K9jThuFmxzUI.jpg,"Prise en sandwich entre des parents qui la gavent d'amour et de boulettes, Rachel, 9 ans, compte les minutes qui la séparent de la liberté. Jusqu'au jour où son chemin croise celui de l’intrépide Valérie."
1043816,/jWLp40JN7GeV9zdvMxxq0n3C7Gg.jpg,"Dans ce stand-up à la fois touchant et désopilant, le comédien et ancien chroniqueur télé Panayotis Pascot se livre sur ses relations familiales et amoureuses."
157690,/14oIKYrkG9MNBuPs25WTSqs7GPe.jpg,"Bettie, la soixantaine, se voit soudain abandonnée par son amant et en péril financier avec le restaurant familial. Que faire de sa vie? Elle prend sa voiture, croyant faire le tour du pâté de maisons. Ce sera une échappée. Au fil de la route: des rencontres de hasard, un gala d’ex-miss France, le lien renoué avec sa fille, la découverte de son petit-fils, et peut-être l’amour au bout du voyage... Un horizon s’ouvre à elle."
169020,/uzOTJOOLrLhr2r8YHCmdahvVkF.jpg,"Muzafar et Feruz sont deux gentils bergers du Taboulistan… tout petit pays d’Asie centrale dont personne ne soupçonne l’existence. Afin de faire connaître son pays sur la scène internationale, le fils du président tabouli décide de se lancer dans le terrorisme «publicitaire» et de confier à nos deux bergers, plus naïfs que méchants, la mission de leur vie : détruire la Tour Eiffel ! Pour atteindre leur objectif, ils devront traverser le milieu le plus hostile qui soit : la France ! Une France, bien loin de l’Occident qu’on leur avait décrit : entre les nationalistes corses, les policiers zélés, les taxis malhonnêtes, les supporters violents, les employés râleurs, les serveurs pas-aimables, les administrations kafkaïennes et les erreurs médicales… rien ne leur sera épargné. Ils rencontreront heureusement Marianne, jeune et jolie journaliste qui, pensant qu’ils sont deux sans-papiers, leur fera découvrir un autre visage de la France… Vive la France !"
184020,/z1t9TdvgFyf0JWq7SE42xxCBKsO.jpg,"Ça tombe mal l’enterrement de la femme de Zef pendant que Roni marie sa fille ! Cet événement inattendu aggrave les conflits entre les deux frères que tout sépare déjà : métiers, femmes, austérité religieuse de l’un, joie de vivre de l’autre, tout, à part leur vieux père au cerveau en vadrouille et leurs deux filles qui s’adorent. Entre Londres, Paris, Saint-Tropez et New York, affrontements, malentendus, trahisons, vont exploser le paysage de la famille, mais grâce à ces disputes, à ces réconciliations chaotiques, vont naître une grande histoire d’amour, et peut-être deux."
168055,/ftjXj9MwPojSMP45UAhsDar3OAI.jpg,"Alors qu'un avion la ramène de New-York à Paris où elle s'apprête à se marier, la belle Julie se retrouve assise à côté d'Antoine, un séduisant débauché qu'elle a aimé 3 ans plus tôt. Elle va tout faire pour l’éviter alors qu'il compte sur ces 7 h de vol pour la reconquérir! L'occasion pour nous de voyager dans le passé et de revivre leur rencontre, leur amour, leur rupture, autant de scènes rocambolesques, romantiques et corrosives qui vont faire de ce voyage le plus bouleversant de leur vie."
155887,/wNKNwF1g04Re7VreJiok4HYJnA9.jpg,"Jean-Marc, quadra carriériste et pressé ne cherchant qu’à satisfaire ses intérêts personnels, va croiser malgré lui la route de Marie. Tout oppose cet homme d’affaire et cette jeune femme éprise de liberté et de justice. Ces deux là n’auraient jamais dû se rencontrer et pourtant la vie en a voulu autrement."
190880,/x22pq4jruMHjOV2Z8sSN7jigWlE.jpg,"Le premier souvenir que j’ai de ma mère c’est quand j’avais quatre ou cinq ans. Elle nous appelle, mes deux frères et moi, pour le dîner en disant : « Les garçons et Guillaume, à table ! » et la dernière fois que je lui ai parlé au téléphone, elle raccroche en me disant : « Je t’embrasse ma chérie » ; eh bien disons qu’entre ces deux phrases, il y a quelques malentendus."
225564,/lrNcEffsVjlAZ5NkEfKNBiKaZna.jpg,"Aleksandra et Cyrille forment un couple très chanceux très tendance qui apparemment a tout. Enfin tout, sauf un enfant. Alekseï, petit garçon russe de 7 ans va débarquer dans leur vie…"
199643,/zQx5jN64mwv0Ymi337zk2YO2ckN.jpg,"Il était une fois trois frères qui vivaient heureux. Du moins le pensaient-ils. Un jour leur maman eut un accident. Alors Henri, Philippe et Louis se mirent à se questionner sur le sens de leur vie. Une grande vague de doutes pour ces quarantenaires versaillais sans histoires, qui suffit à leur faire entrouvrir la porte à l'inédit, à l'interdit, à l'aventure... au Grand Méchant Loup!  De maison de paille en maison de bois, le loup aussi sexy soit-il délogera-t-il nos trois frères ? Et l'hôtel particulier en pierre de taille de l'aîné, est-il vraiment si solide ? Et si au bout du compte la vie d'adulte n'était pas complètement un conte pour enfant ?"
393559,/sDre2NQ5PYNagHww6bQTLO07MaS.jpg,"Courgette n’a rien d’un légume, c’est un vaillant petit garçon. Il croit qu’il est seul au monde quand il perd sa mère. Mais c’est sans compter sur les rencontres qu’il va faire dans sa nouvelle vie au foyer pour enfants. Simon, Ahmed, Jujube, Alice et Béatrice : ils ont tous leurs histoires et elles sont aussi dures qu’ils sont tendres. Et puis il y a cette fille, Camille. Quand on a 10 ans, avoir une bande de copains, tomber amoureux, il y en a des choses à découvrir et à apprendre. Et pourquoi pas même, être heureux."
202215,/2NNgBeEq7zI6vOz9mgdJG8X01WC.jpg,"Nordiste de 30 ans, Rose a perdu de vue son fils Mickaël à cause d'un long séjour en prison. Hôtesse dans un supermarché, elle passe désormais ses journées derrière sa caisse ou entre les rayons. Mais Rose n'a qu'une idée en tête : renouer avec Mickaël. Pour attirer l'attention de l'adolescent, âgé de 11 ans et passionné par le catch, la jeune femme envisage une reconversion des plus audacieuses, embarquant dans son projet ses collègues et amies. Pourquoi ne pas monter une équipe féminine ? Le petit groupe délaisse alors son uniforme pour un tout autre déguisement. Mais avant d'en découdre avec leurs adversaires, elles vont devoir apprendre à maîtriser le coup de la corde à linge..."
103344,/eSbrihNBbvkx3e9y02VfX7wNINo.jpg,"Franck a tout pour être heureux. Une jolie fiancée brésilienne, un boulot intéressant et pourtant... En vacances sur une plage de rêve à l'Île Maurice, il déprime. De retour à Paris, le diagnostic du médecin tombe : il est en dépression. Quand il retrouve sa bande de potes qu'il n'a pas vus depuis 6 mois, il leur annonce la nouvelle. Chacun va s'investir pour lui faire remonter la pente. Mais on s'aperçoit très vite qu'ils sont aussi déprimés que lui. C'est finalement tous ensemble qu'ils vont essayer de trouver un équilibre."
139374,/dJ69pupjwCgXgNeDHMcFwQQfIWL.jpg,"Quand il reçoit un appel du shérif de Bornsville lui annonçant que le cercueil de Pamela Rose a été volé, l’agent Douglas Riper voit là une occasion de renouer les liens avec son ancien coéquipier Richard Bullit. Un ex‐ami avec lequel il est brouillé, depuis des années, suite à une fâcheuse histoire de femme et de Fuego. Les deux anciennes gloires du FBI, devenus des purs has been, se retrouvent donc pour enquêter sur cette profanation, sans savoir qu’ils sont en réalité attirés dans un piège par un homme qui leur en veut beaucoup. Sans se douter non plus qu’ils seront bientôt les seuls à être au courant que la présidente des États‐Unis of America est sur le point d’être assassinée. Rien que ça…"
1045770,/9jlGTo6GiHeri1lx2czChvLzTO3.jpg,"Judith, une ex-pharmacienne qui s'est tournée vers le journalisme, vient d'obtenir une entrevue avec le grand peintre Salvador Dali. Ce dernier se présente au rendez-vous dans toute sa splendeur et son assurance, y allant de multiples exigences."
183836,/84tyCh0H9iG1NRRUtCSbKmADoye.jpg,"Thomas est un jeune homme qui rêve de faire carrière dans la musique, mais il n'a pas de réel talent. Gilbert quant à lui est le futur beau-père de Thomas, marié à Suzanne, une bobo, depuis 30 ans et père de Lola, la fiancée de Thomas. Lassé de sa vie de couple plan-plan, Gilbert décide de partir refaire sa vie, entraînant Thomas avec lui pour lui éviter de sombrer dans la même routine matrimoniale. Ils se lancent alors dans une nouvelle vie de gamins pleine de péripéties, persuadés que la liberté est ailleurs, sans les soucis du quotidien, mais aussi de s'en créer d'autres. Mais à quel prix retrouve t-on ses rêves d’ado ?…"
1001736,/xGacUz5IkYrRtp6MEiiy3hKOte.jpg,"À Paimpont, l’harmonie règne : parmi les habitants, il y a Joëlle - l’institutrice donneuse de leçons, Anne – la propriétaire de la supérette portée sur l’apéro, Hervé – le plombier alsacien plus breton que les bretons, ou encore Johnny – le garde-champêtre fan de… Johnny. Dans un grand élan de solidarité, ils acceptent avec enthousiasme de voter l’accueil de réfugiés ukrainiens. Sauf que les réfugiés qui débarquent ne sont pas ukrainiens… mais syriens ! Et certains, dans ce charmant petit village breton, ne voient pas l’arrivée de leurs nouveaux voisins d’un très bon œil. Alors, au bout du compte, c’est qui les barbares ?"
875818,/hxBJnMOfESBWV5lo6ZanL0rsECV.jpg,"Alors que Jean, maire très conservateur d'une petite ville du Nord, est en campagne pour sa réélection, Édith, sa femme depuis quarante ans, lui annonce une nouvelle qu’elle ne peut plus taire… Au plus profond de son être, elle est - et a toujours été - un homme. Jean pense d’abord à une plaisanterie mais réalise rapidement qu’Édith est sérieuse et déterminée à mener sa transition jusqu’au bout. Il comprend alors que son couple, mais aussi sa campagne électorale, risquent d’être sacrément chamboulés…"
1096638,/jJeu1kSwZ2iVQ3dEZ4FeWBYZMzQ.jpg,"Elle est officier de sous-marin tactique. Il est steward. Avant de plonger pour 90 jours elle choisit d’en faire son ""quatre-heures"". Mais le voilà qui s’accroche ! Qui la suit ! Qui la colle ! Où va-t-on si le personnel navigant d’un 747 se targue de romantisme ? Comme si on avait le temps d’être amoureuse à bord d’un bâtiment militaire ! Reste que l’océan Pacifique n’est pas assez grand. L’océan Arctique non plus. Le monde est si petit quand on s’aime d’un si grand amour."
223954,/xmQhx28FeJdPauZc5bgne9EPtgr.jpg,"En république démocratique et populaire de Bubunne, les femmes ont le pouvoir, commandent et font la guerre, et les hommes portent le voile et s’occupent de leur foyer. Parmi eux, Jacky, un garçon de vingt ans, a le même fantasme inaccessible que tous les célibataires de son pays : épouser la Colonelle, fille de la dictatrice, et avoir plein de petites filles avec elle. Mais quand la Générale décide enfin d’organiser un grand bal pour trouver un mari à sa fille, les choses empirent pour Jacky : maltraité par sa belle-famille, il voit son rêve peu à peu lui échapper…"
1001403,/6TPcGI9m6duIIRpMPvEUxd7D1os.jpg,"Victor, jeune magicien en pleine ascension, élève seul sa fille Lison. Enfin seul, pas tout à fait, car Jacques, son fantasque beau-père, s’immisce dans sa vie et celle de sa petite-fille, auprès de laquelle il retrouve une nouvelle jeunesse. Un tandem improbable qui aura pour arbitre Nina, l’amie d’enfance de Victor."
989224,/kLtdTVkjB5e9ynoUmDTz7W99P3V.jpg,"Antonia, dite Toni, élève seule ses 5 enfants. Elle chante aussi le soir, dans des bars, car il faut bien nourrir sa famille. Toni a du talent. Elle a enregistré un single qui a cartonné. Mais ça, c'était il y a 20 ans. Aujourd'hui ses deux aînés s'apprêtent à rejoindre l'université. Alors Toni s'interroge : que fera-t-elle quand toute sa progéniture aura quitté le foyer ?"
1000081,/wrFg0Q1kqfOhxlRvb8Dle7WF58F.jpg,"François Sentinelle mène une double vie. Le jour, il est le flic le plus médiatique de l’Île de la Réunion, connu pour ses méthodes musclées et ses chemises à fleur, poursuivant les criminels à bord de son célèbre defender jaune. Mais hors des heures de service (et bien souvent pendant), Sentinelle a un autre métier : chanteur de charme. Tous les réunionnais ont dansé sur ""Le Kiki"", son tube de jeunesse aujourd'hui un peu embarrassant. Depuis quinze ans, il essaye de renouer avec le succès en préparant un nouvel album… sans succès. Mais entre la police et la musique, Sentinelle ne veut pas choisir. Alors qu’il reste affairé à ses concerts et la sortie de son album, une vague de crimes violents secoue l’île. Une figure de l’élite locale est kidnappée, une autre assassinée. Pour n’importe quel flic, ce serait l’affaire d’une vie. Mais Sentinelle, tout à sa musique, n’a pas vraiment la tête à enquêter."
179150,/1WLGqZdUorGgNNQSeYZTNLhqYOR.jpg,"Jason Tantra, un caméraman placide, rêve de réaliser son premier film d'horreur. Bob Marshall, un riche producteur, accepte de financer son film à une seule condition : Jason a 48 heures pour trouver le meilleur gémissement de l'histoire du cinéma…"
123243,/m1SqnHJJHNN6pODEs50m5IkEfkV.jpg,"Mémé est morte. Berthe n'est plus. Armand avait ""un peu"" oublié sa grand-mère. Pharmacien, il travaille avec sa femme Hélène à Chatou. Dans un tiroir de médicaments, Armand cache ses accessoires de magie car il prépare en secret un tour pour l'anniversaire de la fille de son amante Alix. Et mémé dans tout ça ? On l'enterre ou on l'incinère ? Qui était Berthe ?"
1000597,/vC91WKIveVFDUKsstl55vjTfQ0A.jpg,"Jeff, homme calme et un peu candide, croise la route de Jean-Marc, un singe en peluche tout juste échappé d’une base militaire. Particularité : cette peluche... est vivante. Jean-Marc, sans gêne et sans filtre, embarque alors Jeff dans une aventure déjantée. Entre course-poursuite, rires et situations loufoques, rien ne va se passer comme prévu !"
217337,/A8K6CdlRabohu57RqQpOoTkShGj.jpg,"Avril 1974. Deux journalistes de la radio sont envoyés au Portugal pour réaliser un reportage sur l’entraide suisse dans ce pays. Bob, technicien proche de la retraite, les accompagne à bord de son fidèle combi VW. Mais sur place, rien ne se passe comme prévu : la tension est à son comble entre Julie, la féministe, et Cauvin le reporter de guerre roublard. La bonne volonté de Pelé, le jeune traducteur portugais, n’y fait rien : la petite équipe déclare forfait. Mais le vent de l’Histoire pousse le Combi VW en plein cœur de la Révolution des Œillets, obligeant cette équipe de Pieds nickelés à prendre part, et corps, à cette folle nuit du 24 avril 1974."
1000094,/mGrK0abxaghXBIyLosmBscD9Wb7.jpg,"Fred, Achille, Max et Belette sont quatre truands qui forment une belle équipe de bras cassés. Après avoir raté lamentablement leur dernier coup, ils décident de se refaire en kidnappant Sophie Marceau."
203665,/l0TqmtksDVWgEO6J5XtW4yHFfGV.jpg,"Maya, d’origine marocaine vit à Paris depuis 20 ans. C’est une it-girl de la mode. En pleine ascension, elle s’apprête à décrocher son premier CDI de styliste dans la maison de haute couture pour laquelle elle travaille. Mais un simple contrôle de police où l’on découvre que son permis de séjour est périmé, la renvoie en moins de 24 heures directement au Maroc. Retour auprès de ce pays et cette famille qu’elle voulait oublier. Choc des cultures, choc des préjugés, Maya va tout faire pour rentrer. Vraiment tout. Quand l’avenir d’une parisienne trendy devient la galère d’une immigrée sans papier."
199661,/iXu2U7KUdMwahA0Wwuk83cbHZCs.jpg,"Joséphine, 29 ans trois-quart, obnubilée par la taille de ses fesses, source de tous ses problèmes, n’a toujours pas trouvé l’homme de ses rêves non-fumeur-bon-cuisinier-qui-aime-les-chats-et-qui-veut-plein-d’enfants. Sa seule consolation, c’est qu’elle vit avec Brad Pitt… consolation de courte durée puisque c’est son chat. Quand sa sœur lui annonce son mariage, c’est la goutte d’eau qui fait déborder la tasse à café. Elle s’invente alors une histoire d’amour avec un riche chirurgien brésilien qui lui a demandé sa main et l’emmène vivre au bout du monde. Facile à dire… Ce (petit) mensonge va l’entraîner dans un tourbillon d’aventures."
204765,/trfopBZxRfuy9QNMSdlEvU5TbZD.jpg,"À 30 ans, Max a fait fortune sur internet avec ses deux potes et profite de la vie au soleil. Mais il se lasse de cette vie et ne cesse de penser à son amour de fac, Alice, une fille pétillante, engagée, pleine d’idéaux ... qui ne s’est jamais intéressée à lui. Pour se rapprocher d’Alice, Max rachète l’usine en faillite dans laquelle elle travaille. Et sans jamais dévoiler sa fortune ni son nouveau statut de patron, il se fait passer pour un simple ouvrier. Prêt à tout, il dépense sans compter pour faire le bonheur d'Alice, de son fils Valentin et de tous les ouvriers de l’usine; Il abandonne sa vie de millionnaire pour travailler à la chaîne et ne cesse de mentir par peur de décevoir."
139815,/yzvxdegiwOGTwgwgFwTqRXuKnF3.jpg,"Nils et Didier arrivent dans le sud de l'Espagne pour participer à un tournoi de badminton. Arrivés à l’hôtel, ils se rendent compte qu’ils se sont trompés de valise. La femme qui possède le même bagage leur donne rendez-vous pour procéder à l’échange. Bouleversée, elle leur explique avoir de gros problèmes avec la bande de mafieux qui a tué sa sœur. Cinq tueurs dont les prénoms commencent tous par des ""J"" semblent être à ses trousses. Animés par un profond désir de rendre service, les sportifs amateurs se transforment alors en tueurs à gages improvisés, faisant aveuglément confiance, à tort ou à raison, à la femme qui désormais les dirige."
186729,/foQSCFIWoxQWbtuUgShZipHxlPb.jpg,"Paul a la trentaine, il vit dans un appartement parisien avec ses tantes, deux vieilles aristocrates qui l’ont élevé depuis ses deux ans et rêvent de le voir devenir pianiste virtuose. Sa vie se résume à une routine quotidienne, entre le grand piano du salon et le cours de danse de ses tantes où il travaille en tant qu’accompagnateur. Isolé du monde extérieur, Paul a vieilli sans jamais avoir vécu... Jusqu’au jour où il rencontre Madame Proust, sa voisine du quatrième étage. Cette femme excentrique possède la recette d’une tisane aux herbes capable, grâce à la musique, de faire ressurgir les souvenirs les plus profondément enfouis. Avec elle, Paul va découvrir son histoire et trouver la clé pour vivre enfin sa vie..."
1063872,/qYMvwDJjVf1aCYSitGJPa43PkQB.jpg,"Catherine et Oracio sont conseillers immobiliers et enchaînent les visites de deux biens: une grande maison bourgeoise « piscinable, vue RER », et un petit appartement moderne situé en plein triangle d'or de Bougival. Malgré des visites agitées, ils ne perdent pas de vue leur objectif : provoquer le coup de cœur chez les potentiels acheteurs, le vrai, l’unique qui leur fera oublier tous les défauts. Celui qui leur fera dire « Wahou ! »"
1027322,/hmPZ1nR7wWgk4DbNX7D2rEeR4rs.jpg,"Dernière journée avant la fin du lycée. Janus et Sam doivent apporter à boire pour participer à la fête de fin d’année. Alors qu’ils fouillent dans la cave du père de Janus à la recherche de bouteilles, ils font la découverte d’une étrange machine…"
152989,/tfNArQSv9omCHmBWYmMdaBybsBr.jpg,"Thomas a laissé partir Marie, à force de ne pas s'engager.  Un an plus tard, toujours inconsolable, il se retrouve avec un bébé sur les bras.  Il va se servir de cet enfant pour reconquérir la femme de sa vie..."
253687,/b8DvyG3ueUcxEkyIB2i2vnnBiHu.jpg,"Dan, Kelliah et Louis sont trois étudiants d'une des meilleures écoles de commerce de France. Ils sont formés pour devenir l’élite de demain et sont bien décidés à passer rapidement de la théorie à la pratique.  Alors que les lois du marché semblent s’appliquer jusqu’aux relations entre garçons et filles, ils vont transformer leur campus en lieu d’étude et d’expérimentation.  La crème de la crème de la jeunesse française s'amuse et profite pleinement de ses privilèges : tout se vend car tout s’achète… mais dans quelle limite ?"
1045842,/zigf3gaX4QPRZ5q2pKs1GJZhKxN.jpg,"Pierre, 33 ans, fleuriste à succès, voit sa vie basculer lorsque sa mère, Judith, fantasque et excessive, débarque dans sa vie après deux ans sans se voir. Pierre n’a qu’une idée, reprendre le cours normal de sa vie, mais rien ne se passe comme prévu. Leurs retrouvailles, aussi inattendues qu’explosives, vont transformer Pierre et Judith à jamais."
262117,/jxjdsCcOSFWGVQuVlhnqLcakCKg.jpg,"Un photographe de guerre et père absent, qui s'est plus occupé de son appareil photo que de ses 4 filles, coule des jours heureux dans les Alpes avec sa nouvelle compagne. Il va voir sa vie basculer le jour où son meilleur ami va tenter de le réconcilier avec sa famille en leur racontant un gros mensonge."
160821,/i0U1CyEre2CvfrhtTZBzxJ45QKc.jpg,"La vie de Milou est réglée par une passion dévorante, le football, et plus précisément par son dévouement fanatique au Standard de Liège. Pédagogue, il n'hésite pas à enseigner méthodiquement à un groupe d'adolescents inscrit dans l'auto-école où il est employé comment envoyer dans le fossé un car de supporters rivaux d'Anderlecht. Son patron lui confie une nouvelle élève, Martine, qui lui avoue d'emblée détester le foot, mais remonte dans son estime quand elle ajoute qu'elle conduit souvent, quoique sans permis, et de préférence quand elle a trop bu. Milou tombe amoureux. Mais entre Martine et le football, il va lui falloir choisir..."
267804,/zhrE7FNTvwEJ5qejdCWm0eig3EB.jpg,"Plutôt que de donner le concert qu'attend son public trépignant, Antoine, la quarantaine, traverse la scène en traînant sa valise. Presque immobile au fond de sa déprime, il finit par décrocher un emploi de gardien d'immeuble, grâce à Mathilde, retraitée de fraîche date, qui, trop occupée, balaie les doutes de son mari, Serge. Antoine s'adapte à sa nouvelle vie. Auprès de Stéphane, un douteux collectionneur de vélos, il renoue avec le commerce des drogues. Il se lie surtout avec Mathilde que tracasse une lézarde sur son mur. En dépit des conseils de Serge, inquiet de la voir dériver, Mathilde se lance dans une véritable croisade contre ce qu'elle imagine être l'effondrement du quartier…"
236873,/ttf8EMBlU7yup93MDs9GnkisRQs.jpg,"Parce qu'elle a manqué d'assurance au cours d'un entretien d'embauche, Lulu, mariée et mère de trois enfants, n'obtient pas le poste de secrétaire espéré. Dans un moment d'égarement et sans aucune préméditation, elle décide de ne pas rentrer chez elle et fuit dans une ville balnéaire de Vendée à la recherche d'un peu de liberté..."
995408,/pR0PaKMr1Lrp6hAdBXxDdNFrDwf.jpg,"Marie-Line a 20 ans. Bien qu’elle ne connaisse que les petits boulots et la vie précaire, Marie-Line est un vrai rayon de soleil. Sa rencontre avec un juge bougon et déprimé, qui décide de l’engager comme chauffeur, va bouleverser sa vie."
1000572,/70GmOX3yhKETP4KzXmeH3OQOQ0h.jpg,"Vincent est un célèbre entrepreneur à qui tout réussit. Un jour, une panne de voiture sur une route de montagne interrompt provisoirement sa course effrénée. Pierre, qui vit à l’écart du monde moderne au milieu d’une nature sublime, lui vient en aide et lui offre l’hospitalité. La rencontre entre ces deux hommes que tout oppose va bouleverser leurs certitudes respectives. Et ils vont se surprendre à rire. Au fond, vivent-ils vraiment chacun les vies qu’ils ont envie de vivre ?"
198130,/2S0Su5mieHGXXLQ4EQYWr28uXBF.jpg,"Chaque été, depuis leur adolescence, les Dead MaKabés se paient ce qu’ils appellent prétentieusement une ""tournée d’été"" - quelques concerts dans des festivals du fin fond de l’Europe.  Mais, pour ces quatre copains, la crise de la trentaine couve et cette semaine de récréation risque bien d’être la dernière.  Difficile de rester fidèle à ses idéaux quand on est membre d’un groupe de black metal…"
209355,/oxloXzgxjWXiM5JiK0hdNgV9JDU.jpg,"Le jeune Arthur Vlaminck est embauché en tant que chargé du « langage » par le ministre des Affaires étrangères Alexandre Taillard de Worms. En clair, il doit écrire les discours du ministre ! Mais encore faut-il se faire une place entre le directeur du cabinet et les conseillers qui gravitent dans un Quai d'Orsay où le stress, l'ambition et les coups fourrés ne sont pas rares…"
989238,/pvUEEZlcBhZWkSQsOaE49BsrYf1.jpg,"Étienne a vingt ans à peine lorsqu’il tombe amoureux de Valérie, et guère plus lorsque naît leur fille Rosa. Puis Valérie s’en va et les abandonne. Étienne choisit de ne pas en faire un drame, ils se construisent une vie heureuse. Seize ans et demi plus tard, alors que le père et la fille vont se séparer à leur tour, chacun pour vivre sa vie, le passé ressurgit…"
286101,/vZQAhB9JLLPqwUpcej5otZBFrD2.jpg,"Olivier et Léon, deux frères qui sont montés à Paris et que la vie a éloigné... Si le premier se voit comme un journaliste sans concessions, le second est un communicant ambitieux et opportuniste. Noémie, une charmante conseillère présidentielle, n’arrive pas, au fil des ans, à choisir entre eux. Sous le regard amusé de Sylvain, leur ami d’enfance, qui a fait fortune dans le minitel rose, leurs destins se croisent sur 20 ans, s’entremêlent, au cours d’une épopée drôle, tendre et nostalgique, dans les années 80/90."
1083324,/4MPZenW0I0AexBbil8das6kupIW.jpg,"Pauline est la maman d’Andréa, 6 ans et demi, un petit garçon formidable à qui on a diagnostiqué un TSA : un « trouble du spectre autistique ». Il n’est pas vraiment au niveau mais il est toujours scolarisé et s’apprête à faire sa rentrée en grande section de maternelle. Pour Pauline, sans revenus fixes et récemment séparée de Fabrice, le père d’Andréa, tout semble concourir à faire de sa vie une succession d’échecs. Or pour Andréa, c’est une année cruciale qui va déterminer s’il peut ou non rester scolarisé et obtenir ainsi une meilleure chance de voir son état s’améliorer. Mais pour cela, Andréa a besoin de stabilité et pour Pauline, la lui apporter, c’est un peu (beaucoup) gravir l’Himalaya en tongs…"
967370,/8dQUdw5QlbuektUaIfPRbPXpaHq.jpg,"Tridan Lagache a passé sa vie au Club Med, à changer d’amis tous les 8 jours. À 50 ans, il démissionne du club de vacances mexicain où il est né, bien décidé à retrouver, 42 ans plus tard, son grand amour d’enfance, Violette. Il débarque à Paris, naïf et perdu mais heureux d’être hébergé chez Louis, un demi-frère dont il ignorait l’existence. Pour se débarrasser d’un Tridan encombrant, Louis supplie une de ses conquêtes, Roxane, de se faire passer pour Violette que Tridan croit reconnaître au premier regard."
1000108,/vPpHwbpXwhu4k7JgE0fpki75lmy.jpg,"L’enfance du cinéaste Antoine Lisner. Accompagné de son fils qui a le même âge que lui quand il a quitté l’Algérie en 1962, il vient présenter un long-métrage à Alger."
958854,/kBIdk9KUSu1zqyvZ3ow2EsBNT0a.jpg,"Mimi a presque trente ans et rêve toujours à ce qu'elle pourrait faire quand elle sera grande. Alors qu'elle se décide à chercher du travail, elle fait la connaissance de Paul, un avocat sur la touche. Ensemble ils vont tenter de défendre Christophe, un petit arnaqueur qui clame son innocence. Si Paul voit dans cette affaire un moyen de se refaire, Mimi y voit, elle, une mission, un chemin vers la justice et la vérité."
1000079,/lmgcuru7xkR5ftvaosQLbHGXwbH.jpg,"Wisi est en galère. Il débarque à Bordeaux dans l’espoir de trouver un boulot et croise la route de Marina, une humanitaire au grand cœur. Pour se faire héberger chez elle, il prétend être un sans-papier.  Un soir, il rencontre Jérôme, lui-même à la rue après le décès de sa mère. Malgré ses propos racistes et son étrange phobie de l’effort, Wisi accepte de le cacher pour une nuit chez Marina.  Mais flairant le bon plan, Jérôme est bien décidé à s’incruster. Surtout depuis qu’il a découvert la combine de Wisi pour amadouer Marina…"
1000073,/bGMRCyNb5BRHAC62gUuvk6oeg4X.jpg,"Trocpont-sur-Tescou et Tourtour-les-Bains, deux villages du sud de la France, se livrent une impitoyable guerre de clochers, symbolisée par un solide derby entre les deux clubs de rugby. Alors que Trocpont a incontestablement pris l’ascendant, l’arrivée inattendue de demandeurs d’asile va changer la donne. Tourtour pourra-t-elle ainsi battre son ennemi juré l’année du derby le plus important de son histoire, celle du centenaire ?"
159500,/4Iprnxu600T5UNzIO9cyIcdkOok.jpg,"Un couple séparé depuis quinze ans se retrouve le temps d’un voyage de deux jours pour aller chercher leur fils hospitalisé à l’étranger suite à un grave accident de ski. Que ressentent-ils encore l’un pour l’autre; de l’indifférence, de la rancœur, de la jalousie ? Ou peut-être de la connivence, de l’amitié, qui sait de l’amour. Ce road-movie léger, qui nous emmène de Bruxelles au sommet des Alpes, nous fera découvrir Frans et Lisa deux êtres profondément sincères pour qui nous ne pourrons ressentir que de l’affection."
1056648,/mfNP9q4L1pJHYxDr983J5pauBpO.jpg,"April, une avocate indépendante connue pour prendre en charge des causes perdues, décide de remporter une victoire dans sa prochaine affaire. Cependant, lorsque Dariuch, un autre client apparemment sans espoir, lui demande de défendre son fidèle compagnon canin, Cosmos, April ne peut résister. Elle se plonge dans l’absurdité de défendre un client canin, affrontant non seulement le système juridique, mais aussi en plaidant pour les droits des femmes et des animaux. Une affaire judiciaire animée et parfois comique se déroule, où la vie d’un chien est en jeu."
172890,/6ibRdKiVhTM1OxGUJTK84W8758O.jpg,"C'est l'histoire de deux hommes confrontés à l'épreuve du cancer. Chacun va aborder la maladie de manière très différente. L'un, Bruno, va se soumettre religieusement à la médecine officielle en acceptant la chimiothérapie. L'autre, Olivier, entrainé par son ami Dieudo, va partir en Afrique pour se faire soigner par un guérisseur.  Ce film oppose deux approches de la médecine sur le mode de la satire."
1039512,/yZkkuIGTnxkpGcXfld0T2gSQ3Gm.jpg,"Louis, jeune fêtard paresseux, multiplie les frasques et dépense sans compter la fortune de son père, président d’un groupe hôtelier de luxe. Excédé, ce dernier décide de donner une bonne leçon à son fils, avec une idée révolutionnaire : lui faire croire qu’il a mystérieusement atterri trois siècles et demi plus tôt, au temps de Louis XIV ! Pris dans cette mascarade soigneusement réalisée, le jeune homme va vite découvrir qu’à l’époque, ce n’était pas la vie de château pour tout le monde ! Adieu paillettes et smartphone, Louis va devoir bien contre son gré les troquer contre ballets, seaux et guenilles. Maltraité par un vicomte tyrannique, le jeune larbin s’apprête à en baver !"
995767,/pDPEeI0SiJn28GHeZbSX1ob71GE.jpg,"Omar Zerrouki est un bandit à l'ancienne. Contraint à la cavale à Alger où il peut se cacher en raison de ses ascendances, il vit de petites magouilles, accompagné de son acolyte Roger. Mais le couperet tombe : la justice française le condamne à 20 ans ferme. Omar doit renoncer à la nationalité française pour ne pas être extradé. Alors qu'il n'a vécu jusqu'à présent que dans la violence, il doit se « ranger » et parvient à trouver un emploi dans une usine de pâtisseries. Mais la routine ne réussit pas à Omar : privé de l'adrénaline, il se met à trainer avec une bande de jeunes des rues d'Alger."
255824,/uhgYhqQHHWWjQn5sBukP5SN58lm.jpg,"Dans la campagne anglaise du Yorkshire, la vie de trois couples est bouleversée pendant quelques mois, du printemps à l’automne, par le comportement énigmatique de leur ami George Riley. Lorsque le médecin Colin apprend par mégarde à sa femme Kathryn que les jours de son patient George Riley sont sans doute comptés, il ignore que celui-ci a été le premier amour de Kathryn. Les deux époux, qui répètent une pièce de théâtre avec leur troupe amateur locale, persuadent George de se joindre à eux. Cela permet à George, entre autres, de jouer des scènes d’amour appuyées avec Tamara, la femme de son meilleur ami Jack, riche homme d’affaires et mari infidèle. Jack, éploré, tente de persuader Monica, l’épouse de George qui s’est séparée de lui pour vivre avec le fermier Simeon, de revenir auprès de son mari pour l’accompagner dans ses derniers mois."
964883,/we4s7n9hSYEKGXWCbzjzynII9tX.jpg,"À l’aube de la cinquantaine, Laure ne supporte plus rien : ni son travail, ni son mari Daniel…ni sa vie. Le seul être qui trouve grâce à ses yeux et constitue son seul allié est Max, son chat.  Lorsque ses amis de toujours débarquent à la campagne pour fêter l’anniversaire de Daniel et que Max le chat disparaît, Laure disjoncte…et se met à enquêter. Qui a fait disparaître Max ? Qui est le coupable ? Laure n’est pas au bout de ses surprises."
998582,/fm4mtRlPy6X18PuX1djEpHSPUgw.jpg,"Affolées par le clip de rap de leurs fils de 11 ans, trois mères de famille décident de se lancer à leur tour dans le rap avec un clip explosif dans le but de rétablir la communication au sein de leur foyer. Contre toute attente, les trois meilleures amies rencontrent un succès retentissant mais vont vite être dépassées par leur soudaine notoriété et par ce monde dont elles n’ont pas les codes..."
967582,/qIExh8vD4d5EzkXTGtnZHY1cw0m.jpg,"Après avoir prouvé à tous qu'il est un policier hors pair, Rayan s'inscrit au concours d'agent secret. Il se donne à fond dans les épreuves mais le couperet tombe : il est recalé. Rayan n'a pas le temps de pleurer sur son sort, sa grand-mère et Lynda sont enlevées par d'anciens associés du rat."
961718,/voFtaPPOfgU15YqnFq72ayKMA04.jpg,"Pablito est un jeune Youtubeur, fasciné par Pablo Escobar. Il décide de réaliser son rêve en partant à Medellin sur les traces du baron de la drogue. Quelques jours plus tard, c'est par une vidéo postée sur ses réseaux sociaux, que le monde découvre que Pablito est aux mains de dangereux narcos, qui exigent une énorme rançon pour le libérer. "" Plata o Plomo ! "" . Mais ce que les Narcos ignorent c'est que Pablito a un grand frère et que ce grand frère a un plan aussi simple que totalement insensé : monter une équipe, faire une descente en Colombie pour affronter les hommes du cartel et ramener son petit frère sain et sauf."
1112466,/a67iMOi1iPRw1g7Kw67C82YfkKd.jpg,"Trois femmes dans un appartement à Marseille en pleine canicule. En face, leur mystérieux voisin, objet de tous les fantasmes. Elles se retrouvent coincées dans une affaire terrifiante et délirante, avec comme seule quête, leur liberté."
978090,/uyYWWcIpx4kbei1AXjDH4xuhltp.jpg,"Rien n’avait préparé Eva à l’exigence d’un grand hôtel. En intégrant l’équipe des femmes de chambres, elle fait la connaissance de collègues aux fortes personnalités : Safietou, Aïssata, Violette et Simone. Entre rires et coups durs, la jeune femme découvre une équipe soudée et solidaire face à l’adversité. Lorsqu’un mouvement social bouscule la vie du palace, chacune de ces « petites mains » se retrouve face à ses choix."
1114751,/pwZ55jD7mZWXgDLRKJIYCdVucDd.jpg,"Adrien, installé depuis quinze ans au Sénégal, forme un couple mixte heureux avec sa femme Aminata. Renvoyé en France pour un problème de visa, il est accueilli par Sékou, un cousin de sa femme, qui vit à Paris et cherche à tout prix à s’intégrer. Le temps de trouver une solution pour rentrer, Adrien va devoir faire équipe avec Sékou qui l’embarque dans un tour de France des terroirs ; entre Adrien plus sénégalais que son cousin et Sékou qui va affronter pour la première fois le regard de ses clients, le duo va au-devant de bien des surprises."
995396,/rdNB3YhphjcTXlDup78Xzot3hOi.jpg,"Odile se prépare à fêter son anniversaire. Alors que ses enfants et petits-enfants sont en route pour la soirée, Jean, son mari, décède brutalement. Incapable de faire face à cette réalité, elle le cache sous son lit..."
1001057,/kHIuNvafk8Dzzov0gzZjqXrgbm9.jpg,"Ensemble depuis 10 ans, Francis et Sonia ne se comprennent plus. Alors qu’ils essayent de sauver leur couple, Francis se retrouve accusé du meurtre de son ancien rival Ti-Kong. Fuyant la police, il tombe entre les griffes d’un chirurgien en roue libre, prêt à tout pour défendre la domination masculine. Sonia passe alors à l’action pour secourir Francis, son couple, et rétablir la paix entre les sexes. Après l’ère du génital… l’heure du zénithal a sonné."
1102938,/4KKoLrfblH2AydjwI2vJS8tE3P2.jpg,"Aymeric retrouve Florence, une ancienne collègue de travail, au hasard d’une soirée à Saint-Claude dans le Haut-Jura. Elle est enceinte de six mois et célibataire. Quand Jim naît, Aymeric est là. Ils passent de belles années ensemble, jusqu'au jour où Christophe, le père naturel de Jim, débarque... Ça pourrait être le début d’un mélo, c’est aussi le début d’une odyssée de la paternité."
1001473,/gWRMxWPFkKDv5kh8eKkbYSTsITn.jpg,"Jo, une jeune femme, artiste de cirque de rue, découvre le travail des clowns professionnels de ""Nez pour rire"". Vite - peut-être trop vite - entrée dans l’association, elle se retrouve à l’hôpital au contact des enfants, des malades, des soignants et des familles, à qui ces clowns tentent inlassablement d’apporter de la joie et du réconfort."
1132634,/fWyBABmOg3jWZBGwR9lm8viazJK.jpg,"Dans un monde de plus en plus fou, Lino qui a décidé de tout plaquer, va se rendre compte que finalement : tout ce qui nous arrive, c’est pour notre bien !"
1147114,/7pVykyIuGIfikETG3pMSWyqz3Zs.jpg,"Carole, maire d'une petite ville, s'implique à fond dans les festivités de Noël de sa commune pendant qu'Alain, son mari moderne et dévoué, s'occupe d'organiser le réveillon. Mais lorsque les enfants arrivent, le rêve d'un Noël serein s'effondre et le couple subit une attaque en règle de toutes les traditions familiales."
1233354,/p03nyFzLERXEeE7MfBsCzBVb266.jpg,"Sans emploi et endettée jusqu’aux dents, Armande Pigeon, 26 ans, galère à Bruxelles. Par-dessus le marché, elle a un gros penchant pour le jeu et n’hésite pas à prendre des risques, car pour Armande, tous les paris sont bons. Tous sauf un, peut-être le plus fou auquel elle peine encore à se risquer : le pari de l’amour."
962309,/2wJiy33aGfeKjbt5vAvyQF5vX99.jpg,"Journaliste politique en disgrâce placée à la rubrique football, Mlle Pove est sollicitée pour suivre la campagne présidentielle en cours. Le favori est un quinquagénaire, héritier d’une puissante famille française et novice en politique. Troublée par ce candidat qu’elle a connu moins lisse par le passé, Mademoiselle Pove se lance dans une enquête aussi étonnante que jubilatoire."
559411,/m0Lu03fhJsi2bUs7I4ZxXd0rWLq.jpg,Une série d'histoires racontées par Rosette sur ses vacances.
273467,/jXexfLgRlCDLStMXA61846kpQeN.jpg,"Pour l’Olympique de Paris, aller disputer ce match amical à Capelongue aurait dû être une simple corvée de fin de saison. Personne n’aurait pu anticiper qu’une infection très semblable à la rage allait se propager, et transformer les habitants du petit village en créatures ultra-violentes et hautement contagieuses. Pour Samuel – l’ancienne gloire près de la retraite, Idriss-le prodige arrogant, Coubert - l’entraîneur dépressif, ou Solène - la journaliste ambitieuse, c’est l’heure de l’affrontement le plus important de leur vie."
272435,/z7TDyawVMmuMetkkKkyKZdgHsPB.jpg,"Martin, ancien bobo parisien installé dans un village normand, un boulanger passionné de Gustave Flaubert voit s'installer, Gemma et Charles Bovery, un couple d'Anglais dans une fermette du voisinage, aux comportements similaires au roman Madame Bovary, de Flaubert. Pour le créateur qui sommeille en Martin, l'occasion est trop belle de pétrir - outre sa farine quotidienne - le destin de personnages en chair et en os. Mais la jolie Gemma n'a pas lu ses classiques, et entend bien vivre sa propre vie..."
1034940,/voNnO8aemlkDVSPsPg74qjsQen4.jpg,"Entre un arnaqueur dans la dèche et une millionnaire en crypto, le courant passe plutôt bien. Est-elle la cible idéale... ou l'escroc est-il sur le point de se faire escroquer ?"
225719,/2MbshUyZSkMFvVJIjrz6tXJJfZ8.jpg,"À 40 ans, Jean, comédien, est dans le creux de la vague… Il court le cachet sans succès. Au pôle Emploi Spectacle, sa conseillère lui propose un job un peu particulier : prendre la place du mort pour permettre à la justice de reconstituer les scènes de crime.  Son obsession du détail bluffe les enquêteurs et va permettre à Jean de revenir sur le devant de la scène dans une affaire délicate à Megève, hors saison, suite à une série de meurtres…"
262391,/8OXNnKIHm3eJctx0y9KHMoKXOFw.jpg,"Claude et Marie Verneuil, issus de la grande bourgeoisie catholique provinciale sont des parents plutôt « vieille France ». Mais ils se sont toujours obligés à faire preuve d’ouverture d’esprit… Les pilules furent cependant bien difficiles à avaler quand leur première fille épousa un musulman, leur seconde un juif et leur troisième un chinois. Leurs espoirs de voir enfin l’une d’elles se marier à l’église se cristallisent donc sur la cadette, qui, alléluia, vient de rencontrer un bon catholique."
1018728,/h4yrJsQGhxDTjFBbVPLfi4W20rT.jpg,"Delphine, prof de lettres désabusée, a un deal bien rôdé avec ses élèves : ils lui fichent une paix royale, elle leur distribue des 19 sur 20. Mais la combine se retourne contre elle quand ses excellents résultats (fictifs) propulsent sa classe au championnat du monde de latin, à Naples. Comble du cauchemar, c'est le neveu très zélé de la Proviseure qui est choisi comme accompagnateur. Pour sauver l’option latin, et surtout sa situation confortable, Delphine ne voit qu’une solution : tricher !"
1083300,/jRVpU4mH28wmXfY56ZcrPVNFZm5.jpg,"Quand le foyer Lino Vartan - qui accueille jeunes orphelins et seniors - doit fermer pour raisons sanitaires, Milann n’a pas d’autre choix que de répondre à l’invitation d’une maison de retraite dans le Sud qui les accueille pour l’été. Tous embarquent dans le bus d’Alban. Enfants et anciens découvrent alors le Bel Azur Club, une villa idyllique au bord de la mer : le rêve ! Une aubaine pour ces gamins orphelins qui n’ont jamais eu de vacances... Mais le paradis tourne à l’enfer car anciens et nouveaux pensionnaires du 3e âge se détestent ! La guerre des seniors est déclarée !"
191718,/jxScHVDQ54WlPVMRJsnioIikXyY.jpg,"Au cœur de la nuit, un jeune couple et leur gouvernante travestie préparent une orgie. Sont attendus La Chienne, La Star, L’Etalon et L’Adolescent."
960042,/iillo9GZNKb8YwvLoDo7o4NLe98.jpg,"À Marseille, Rosa, 60 ans, a consacré sa vie à sa famille et à la politique avec le même sens du sacrifice. Tous pensent qu’elle est inébranlable, d’autant que Rosa est la seule qui pourrait sceller l’union de la gauche à la veille d’une échéance électorale décisive. Elle s’accommode bien de tout ça, jusqu’au jour où elle tombe amoureuse d’Henri. Pour la première fois, Rosa a peur de s’engager."
1110358,/azwfHg1QCOWZha7uAbYIwTdSs2L.jpg,"En pleine représentation de la pièce « Le Cocu », un très mauvais boulevard, Yannick se lève et interrompt le spectacle pour reprendre la soirée en main."
1001008,/nvHjKMa13P6JGVifhoiaaEoOqmY.jpg,"Quand Alain doit interpréter le rôle de Jacques Brel, son destin se mélange à celui de l’artiste. Cette rencontre va le rapprocher de sa fille et bouleverser sa vie."
1088570,/9JjeH6CYkwl8KsBX4SlJIx4PdUb.jpg,"Après une soirée pleine d’excès, Bénédicte, célèbre chanteuse d’opéra, voit sa carrière s’écrouler. Fatou, passionnée de karaoké, est la seule à lui tendre la main. Elle a une idée derrière la tête : convaincre Bénédicte de participer au grand concours national de karaoké. La parfaite maîtrise vocale de l’une et la ténacité de l’autre pourraient bien faire des étincelles et les amener très loin."
1143019,/mmaz2IESTJkKf77tSOKZ3PxV7NN.jpg,"Alors qu’un gang de braqueurs sème le chaos à Paris et humilie la police depuis des mois, le Ministre de l’Intérieur veut du sang neuf à la tête de l’enquête : Alia est marseillaise, explosive et ingérable, Hugo est parisien, major de promo et méticuleux. Bref, ils ont tout pour se détester. Une alliance forcée, pour le meilleur et pour le pire… et plus si affinités ?"
1001376,/gZtBtBJPpGSeFVXF0S2Kt388rE1.jpg,"2055. Steevyshady, un Youtubeur de 65 ans, poste une vidéo sur Mimi4Ver, sa chaîne dédiée à Mimi Madamour, une chanteuse pour ados des 00's, pour fêter les 50 ans de Pas touche !, son plus grand tube. L'homme lifté se filme dans sa chambre d'ado, encore couverte de posters de la star. Il confesse l’avoir traînée dans la boue, parce qu’il n’a jamais accepté son idylle avec la chanteuse punk Billie Kolher. Aujourd'hui, Steevy veut leur rendre hommage en racontant leur histoire."
1232072,/46YdXcTb1OPlQAPJ4ld6H9wibBx.jpg,"Suite à la mort de sa sœur jumelle, Gaspard, jeune professeur de musique, réunit ses cinq anciens meilleurs amis dans le collège désert de leur enfance, en plein mois de juillet. Dans cet endroit rempli de souvenirs et de mélancolie, les amis retombent progressivement en enfance."
1216452,/bGBBTqnZZ1eTz1hec81fWSdNPEs.jpg,"1 chance sur 19 millions. Plus de probabilité d’être frappé par une météorite que de gagner au loto. Pour nos heureux gagnants, le rêve va rapidement se transformer en cauchemar, et leur vie va voler en éclat dans un spectaculaire feu d’artifices de comédie noire et de sensations fortes."
199914,/aujHsBU8XpoSApQ5K6rDBUNRIjz.jpg,"Lorsque son père tombe malade, Farid est envoyé en Algérie, où il doit sauver la maison familiale de la démolition. Le jeune homme, qui n'a jamais mis les pieds dans son pays d'origine, y rencontre sa famille. Mais un matin, son cousin disparaît avec ses papiers. Farid est alors bloqué en Algérie..."
190817,/mMU6s8O3YGEihDpd6vqBUPnpjPy.jpg,"Hector qui a rencontré Truquette au Louvre le 14 juillet, n’a qu’une préoccupation : séduire cette fille qui l’obsède. Le meilleur moyen c’est encore de foncer l’emmener voir la mer et Pator ne saurait lui donner tort, surtout si elle est accompagnée de sa copine Charlotte…  Flanqués de l’inévitable Bertier, ils empruntent les petites routes de France dont les caisses sont vides. Car c’est la crise ! Il faut remettre la France au boulot et, en plein été, le gouvernement décide d’avancer la rentrée d’un mois.  Un chamboule-tout et quelques liasses de billets plus tard, le groupe se disloque à l’image d’une France coupée en deux, entre juillettistes et aoûtiens jaloux. Mais rouler en sens inverse du travail n’effraie pas le trio restant, bien décidé à retrouver la fille du 14 juillet et à vivre un été débraillé."
195173,/ga63T8UvWRgtyk9oUzTU9ZEizks.jpg,"6 mai 2012, deuxième tour des élections présidentielles. Lætitia, journaliste télé, doit couvrir l'événement au cœur de la foule, rue de Solférino. C'est également le jour où Vincent, son ex, débarque, sûr de son droit de visite, pour revoir ses deux petites filles. C'est parti pour la bataille ! Autour d'eux, les gamines déchaînées, un baby-sitter submergé, un nouveau mec vaguement « incruste », un avocat misanthrope, la jubilation et la détresse des français. Aujourd'hui, c'est dimanche, tout s'emmêle, rien ne va plus !"
964877,/tydkeN2ClMSLVnohzyiLIUmaRLT.jpg,"Sandrine Leroy annonce à son mari Christophe qu’elle veut divorcer. Leurs enfants ont bientôt l’âge de quitter la maison. Dans une opération de la dernière chance aussi audacieuse qu’invraisemblable, Christophe organise un week-end pour sauver son mariage : un voyage passant par les endroits clés de l’histoire de leur famille. Un voyage qui ne va pas être de tout repos."
215303,/xMzDR5qFRzeVzoUsEySTwDhELvw.jpg,"Alex, Antoine et Manu rencontrent Jean, un solitaire, qui ignore les plaisirs de l'amitié. Peu à peu, ils apprennent à se connaître, à s'apprécier. Jean est touché par la complicité et l'affection qui nourrit leur relation, il découvre le bonheur d'être ensemble. Quand leurs aventures sentimentales et les épreuves de la vie les bousculent, ils se regroupent pour les partager, pour se tenir chaud. De confidences en éclats de rires, le trio redevient un quatuor."
1019864,/esp2ki9rwiZzwpK5pz2gk7Tpyhn.jpg,"Souleyman, 27 ans, champion de boxe en pleine préparation des J.O. avec l’équipe de France, voit son avenir s’écrouler lorsqu’il se fissure les os de la main, suite à une bagarre dans un bar. Souleyman se fait exclure de l’équipe et est envoyé au château de Chambord, où il doit effectuer ses 400 heures de travaux d’intérêt général (T.I.G.) à ramasser les déchets dans les jardins. D’abord insensible au lieu, Souleyman finit par s’intéresser au château, à ceux qui y travaillent, et notamment à Eddy la responsable événementiel, qui va l’embarquer dans un autre univers. Mais sa rencontre avec Mélissa, une jeune ado au talent exceptionnel pour la boxe, va remettre en question ses projets…"
197629,/saAth3sdRt1T7xG3Tt2o3HpMAFp.jpg,"François est un passionné du Tour de France.  Licencié par son patron et quitté par sa femme, il part faire la Grande Boucle avec un jour d’avance sur les pros. D’abord seul, il est vite rejoint par d’autres, inspirés par son défi. Les obstacles sont nombreux mais la rumeur de son exploit se répand. Les médias s’enflamment, les passants l’acclament, le Maillot Jaune du Tour enrage. François doit être stoppé !"
1154312,/luAE07BbCpLCRww4Fqmd48CN2Al.jpg,"Colin, 14 ans, fait son entrée dans un nouveau collège et il flippe : comment s’en sortir quand, comme lui, on est bègue ? Sa rencontre avec Monsieur Devarseau, charismatique prof de français, va le pousser à affronter ses peurs et sortir de son isolement. Maintenant Colin a une bande de copains et un projet : monter sur scène pour jouer Cyrano devant toute l’école."
200713,/6vCLklvrl7ogr6DywSV3v5XyKk9.jpg,"Ariane Felder est enceinte ! C’est d’autant plus surprenant que c’est une jeune juge aux mœurs strictes et une célibataire endurcie. Mais ce qui est encore plus surprenant, c’est que d’après les tests de paternité, le père de l’enfant n’est autre que Bob, un criminel poursuivi pour une atroce agression! Ariane, qui ne se souvient de rien, tente alors de comprendre ce qui a bien pu se passer et ce qui l’attend."
1130405,/1CxOpcaxLqArSRR5OLrqfLkLNOK.jpg,"Quand son fils Henri menace de partir vivre chez son père, Justine improvise avec Ludo, son nouveau compagnon, et son beau-fils Joseph, un road trip sur la côte Atlantique pour donner une dernière chance à sa famille recomposée de s’unir. L’aventure tourne vite au désastre, mais réveille aussi paradoxalement l’âme artistique de la famille. De ce chaos naît progressivement un groupe de musique, Les Hennedricks, dans lequel chacun libère peu à peu sa folie. Jusqu’à permettre à cette famille atypique de trouver enfin son harmonie ?"
196398,/30DJ3qQpEKCt7YmApAIOcc7EGWx.jpg,"A 33 ans, Arman a décidé de changer de vie. Pour commencer il court. C'est un bon début. Amélie poursuit la sienne (de vie) et court, elle aussi. La première rencontre est un choc. La seconde enverra Arman à l'hôpital mais sera le début de leur aventure.  Benjamin est le meilleur ami d'Arman. Un soir il s'écroule dans une haie de laurier et se retrouve lui aussi à l'hôpital. Un grave incident qui pourtant fera son bonheur.  Durant 2 automnes et 3 hivers, dans les vies d'Amélie, Arman et Benjamin se succèdent les rencontres, les accidents, et beaucoup d'histoires (d'amour mais pas que...)"
1084869,/72BeUUNeKsXs7jeOKjY104UgEa6.jpg,"Lorsque son chalutier tombe en panne, Stan, vieux marin bourru, peine à trouver sa place sur la terre ferme. Françoise, sa femme, et ses deux fils gendarmes, ont l’habitude de son mauvais caractère et de ses petites embrouilles, mais ses ennuis prennent une autre ampleur quand il rentre à la maison avec Bahman, 10 ans, trouvé dans un carton volé..."
271724,/1ydLX0C0GMUZFOeh4ecQgfLYArb.jpg,"Benjamin va devenir un grand médecin, il en est certain. Mais pour son premier stage d’interne dans le service de son père, rien ne se passe comme prévu. La pratique se révèle plus rude que la théorie. La responsabilité est écrasante, son père est aux abonnés absents et son co-interne, Abdel, est un médecin étranger plus expérimenté que lui. Benjamin va se confronter brutalement à ses limites, à ses peurs, celles de ses patients, des familles, des médecins, et du personnel. Son initiation commence."
1118841,/pgGsB4S5T0ERx9ct6OgPIIqKdLP.jpg,"Maxime, cadre ambitieux et cartésien, ne pense qu'à sa carrière et à son futur mariage avec Nadège, la fille de son patron. Au bord du burn-out, seul à ne pas s'en rendre compte, il se retrouve embarqué par son futur beau-père Romain au beau milieu de son pire cauchemar… Un stage de bien-être encadré par Clara et Luc, un couple de « clairvoyants », avec des stagiaires plus lunaires les uns que les autres. 14 jours pour aller mieux, au cours desquels ses principe et préjugés vont être soumis au régime zénitude et bienveillance !"
1000881,/3sEmHcz9Wxa8VNEQpNPgJyFG7oe.jpg,"Prosper, chauffeur Uber à côté de ses pompes, prend comme passager un homme mourant qui vient de se faire tirer dessus. Paniqué, Prosper se débarrasse du cadavre tout en lui volant sa paire de bottines en croco. En les portant, Prosper se retrouve habité par l'esprit de l'homme assassiné."
1076555,/jckthRkFT9XpUPOpiA9pxmyp1ax.jpg,"André Masson, commissaire-priseur dans la célèbre maison de ventes Scottie’s, reçoit un jour un courrier selon lequel une toile d’Egon Schiele aurait été découverte à Mulhouse chez un jeune ouvrier. Très sceptique, il se rend sur place et doit se rendre à l’évidence : le tableau est authentique, un chef-d'œuvre disparu depuis 1939, spolié par les nazis. André voit dans cet événement le sommet de sa carrière, mais c’est aussi le début d’un combat qui pourrait la mettre en péril. Heureusement, il va être aidé par son ex-épouse et collègue Bertina, et par sa fantasque stagiaire Aurore..."
204762,/2F7SfbkI3HLxflO2hiCKX3wKSYX.jpg,"Boris et Dimitri Pizarnik sont médecins dans le quartier chinois à Paris. Ils sont frères et c’est ensemble qu’ils pratiquent leur métier, consacrant tout leur temps à leurs patients.  Une nuit, ils sont amenés à soigner une petite fille diabétique que sa mère, Judith, élève seule. Ils tombent tous deux amoureux de Judith. Bientôt, tout sera bouleversé..."
1091181,/hfaPToWxXO5ujAugN2gsgV95DLq.jpg,"Quand un vieux jeu de société prend vie, une famille remonte le temps et atterrit dans un village médiéval où il lui faudra démasquer des loups-garous pour pouvoir revenir à son époque."
1119546,/gnoqVr3lHr1TgTX9njcljRaQqOf.jpg,"Ex-star de l’opéra, Giovanna fulmine : alors qu’elle a été déclarée morte par erreur, les hommages de la presse tardent à venir. Mike, cascadeur anglais, peut-il décemment trembler devant la mort alors qu’il la défie tous les jours ? Fumer tue, mais Dolorès s’en fout : le jour des 15 ans de sa petite-fille, elle passe unilatéralement un pacte avec Dieu. Alors qu’elle essaie de se suicider, Marie-Cerise, ado harcelée, humiliée et déprimée, est kidnappée et va tout naturellement faire de son ravisseur son psy. Edouard, bien qu’il présente depuis des années une célèbre émission criminelle à la télé, accuse le coup quand sa mortalité se rappelle à lui.  Dans les rues vivantes et cosmopolites de Paris, ces destins s’entremêlent et se répondent, connectés les uns aux autres par des figures universelles du quotidien : une femme de ménage, un flic, un cafetier. Et si, face à la mort, le mieux était encore de vivre ?"
1100474,/e7G9qdYdQBJ5MEDAH7id0vMEBbi.jpg,"Inspiré de l'histoire vraie de la découverte du trésor de Lava, en 1985 près d'Ajaccio."
1004255,/qH8p6c3P7wruLcckGpxdoA0BrKG.jpg,"Louis c'est ce mec super gentil. Et dans son cabinet d'avocat, ce n'est pas un compliment. Le jour où son médecin lui diagnostique par erreur une maladie grave, le regard des autres change : on fait attention à lui, on lui pose des questions et on écoute les réponses, Louis existe enfin ! Alors bien évidemment, il hésite à dire qu'il va très bien."
268523,/t3w7bVAlihvm0uYbhWNptAJKgVc.jpg,"Sébastien n'a qu'une ambition dans la vie : ne rien faire. Son horizon, c'est son canapé. Sa vie il ne veut pas la vivre mais la contempler. Mais aujourd’hui, si tu ne fais rien… tu n’es rien. Alors poussé par ses deux colocs, qui enchaînent stages et petits boulots, la décidée Anna et le pas tout à fait décidé Bruno, Sébastien va devoir faire… un peu."
1180702,/zdoqqR2OtQ0b1gnFQkGIsY5rDuF.jpg,"Une policière au caractère explosif et une enquêtrice méticuleuse s'allient à un charmant ex-hacker pour tenter de retrouver un collègue disparu, et sauver Nice d'un danger imminent."
1174382,/lyjO7qEAxtMF4hZhzp3haPdeBde.jpg,"Il s’appelle Gérald. Son objectif : redorer le blason de sa région de cœur, la Normandie. Sa méthode : bâtir le plus grand parc d'attractions du pays, à la gloire de Guillaume le conquérant. Et pour y parvenir, il est prêt à aller loin, très loin… Retenez bien ce prénom, car il va marquer l’Histoire !"
413778,/fPkE2c1dT5r9jI2vjdpDqgL8v0m.jpg,"Fiona, un bibliothécaire canadienne, débarque à Paris pour venir en aide à sa vieille tante Martha, menacée d'internement dans une maison de retraite. Mais Fiona perd ses bagages et découvre que Martha a disparu. C'est le début d'une avalanche de catastrophes, qui lui feront croiser le chemin de Dom, SDF égoïste, frimeur et collant qui lui pourrit la vie."
1043899,/4Aid6eyJ9Ld6I420f5clZ6MQPvS.jpg,"En Guadeloupe, Blanche Gardin préside un concours de sosie consacré à Michel Houellebecq. Michel s’y rend, mais des événements imprévus vont plonger notre duo au cœur d’une intrigue rocambolesque…"
242673,/ffnIzvEGOdQm58akyOaiiPBtBvw.jpg,"À 34 ans, Arnaud Mustier, avocat et philosophe, est un symbole de réussite et d'excellence. Pour son frère Jules, 16 ans, il est surtout chiant, très très chiant ! Jusqu'au jour où Arnaud est pris d'étranges pulsions et se découvre quelques boutons d'acné. Le diagnostic tombe: il souffre d'un syndrome rare de puberté tardive. Emporté par un tourbillon hormonal, et en compagnie de son frère et sa bande, il va découvrir la jeunesse qu'il n'a jamais eue."
1154725,/eiu1bJEpBQeq5eyNHzuMhYWaLF2.jpg,"Dans un futur un peu trop proche où les humains dépendent des robots, Max, une ancienne prof réfractaire à la technologie, vivote avec sa fille grâce à des petites combines. Elle a un plan : kidnapper un robot dernier cri pour le revendre en pièces détachées. Mais tout dérape. Flanquée de ce robot qui l’exaspère, elle s’embarque dans une course-poursuite pour retrouver sa fille et prouver qu’il reste un peu d’humanité dans ce monde."
1098987,/7VxOYI8SrQNGVLPVSaWx8eD2OaO.jpg,"Les SEGPA se font virer de leur établissement. À leur grande surprise, ils intègrent le prestigieux collège Franklin D. Roosevelt. Le Principal, peu enclin à voir la réputation de son école se détériorer, imagine un stratagème pour virer les SEGPA tout en conservant les aides. Alors qu’ils savourent leur nouvelle vie, lient des amitiés et deviennent de plus en plus populaires, les SEGPA découvrent le projet du Principal. Ils décident alors de tout faire pour déjouer ses manigances..."
248390,/hur2WyJDF37HqbmA6NCxPqd3BTy.jpg,"Leslie Konda, jeune footballeur français talentueux, repéré à son adolescence par Didier, un agent de faible envergure qui a su le prendre sous sa coupe, vient de signer son premier contrat d’attaquant dans un grand club espagnol. Dans le même temps, sa notoriété grandissante et ses origines du Botswanga, petit état pauvre d’Afrique centrale, lui valent une invitation par le Président de la République en personne : Bobo Babimbi, un passionné de football, fraîchement installé au pouvoir après un coup d’état militaire. Leslie se rend donc pour la première fois dans le pays de ses ancêtres accompagné par Didier pour être décoré par le Président Bobo qui s’avère rapidement, malgré ses grands discours humanistes, être un dictateur mégalomane et paranoïaque sous l’influence néfaste de son épouse. À peine ont-ils débarqué que Bobo conclut un deal crapuleux avec Didier : faire pression sur son joueur afin que celui-ci joue pour l’équipe nationale : les Crocodiles du Botswanga…"
289153,/n7ya7mtJ25T0qUAyt4zKUBha1bK.jpg,"Lambert, sex addict repenti, tente de se racheter une conduite en devenant… conseiller conjugal. Abstinent depuis plusieurs mois, la situation se complique lorsqu’il recrute une assistante, la séduisante Judith, dont la sexualité débridée va très vite mettre ses résolutions à rude épreuve."
197783,/ncvlKofZOTwLtqUwaiWBWv0R971.jpg,"Charles et Pierrot sont inséparables. Le jour où Charles part en pré-retraite, c’est le bonheur ! Ils vont pouvoir passer encore plus de temps ensemble. Leur devise est claire : « profiter de la vie et rire de tout ». Leur imagination débordante va remplir leurs journées sous le regard tendre et parfois inquiet des femmes de leur vie…"
1178518,/o7ZlC9fLjIp3CMYYV6CpzTgtAW8.jpg,"A la suite d’un accident de voiture, Suzanne perd la garde de ses trois enfants. Elle n’a plus le choix et doit se soigner dans un centre pour alcooliques. A peine arrivée, elle y rencontre Alice et Diane, deux femmes au caractère bien trempé… Denis, éducateur sportif, va tenter de les réunir autour du même objectif : participer au rallye des Dunes dans le désert marocain. Il devra s’armer de beaucoup de patience et de pédagogie pour préparer cette improbable équipage à atteindre son objectif."
1204912,/9kKDdxX0KZ6x2F5FNCUOa4VQEji.jpg,"À la veille de Noël, Greg préfère partir en mission d’infiltration que de rester avec sa famille. Pour lui donner une leçon, le Père Noël l’envoie dans le film de Noël préféré de sa fille pour y aider la famille du héros, Richard Silestone, criblée de dettes. Mais un bug dans le sort envoie Richard, à la place de Greg en pleine mission d’infiltration au cœur d’un réseau de trafiquants de drogue."
263281,/92D1KXghcfU5X5xecvQVtAltFQq.jpg,"Léa, Adrien, et leur petit frère Théo, sourd de naissance, partent en vacances en Provence chez leur grand-père, Paul «Oliveron», qu'ils n'ont jamais rencontré à cause d'une brouille familiale. Ce ne sont pas les vacances dont ils rêvaient, surtout que leur père a annoncé la veille qu'il quittait la maison. En moins de 24 heures, c'est le clash des générations, entre les ados et un grand-père qu’ils croient psychorigide. À tort. Car le passé turbulent de Paul va ressurgir et les Seventies vont débarquer au fin fond des Alpilles. Pendant cet été tourmenté, les deux générations vont être transformées l'une par l'autre."
277368,/ehrTaMknfraoHjwK4YNhLhHG4wM.jpg,"C’est la fin de l’année scolaire. Le moment tant attendu des vacances est arrivé.  Le petit Nicolas, ses parents et Mémé prennent la route en direction de la mer, et s’installent pour quelques temps à l’Hôtel Beau-Rivage. Sur la plage, Nicolas se fait vite de nouveaux copains : il y a Blaise, qui n’est pas en vacances parce qu’il vit ici, Fructueux, qui aime tout, même le poisson, Djodjo, qui ne parle pas comme eux parce qu'il est anglais, Crépin, qui pleure tout le temps, et Côme, qui veut toujours avoir raison et c’est très énervant. Mais Nicolas fait aussi la connaissance d’Isabelle, une petite fille qui le regarde tout le temps avec de grands yeux ronds et inquiétants, et à laquelle il croit que ses parents veulent le marier de force. Les quiproquos s'accumulent, et les bêtises commencent. Une chose est sûre : ce sera, pour tout le monde, des vacances inoubliables…"
1001023,/sxPPpYkR9AsuYy7n5xbInbOzJa3.jpg,"Arthur Berthier, critique rock relégué aux informations générales après avoir saccagé une chambre d’hôtel, découvre que le journalisme est un sport de combat. Envoyé à l’hôpital par un CRS en couvrant l’évacuation d’un camp de migrants, il tombe sous le charme de Mathilde, la responsable de l’association Solidarité Exilés et accepte, pour quelques jours croit-il, d’héberger Daoud, un jeune Afghan."
205048,/Aoid1dnUIiJRWPQJuT7fsECPQld.jpg,"Depuis la nuit des temps, deux forces s'affrontent en un combat perpétuel, total et sans pitié. Un combat dont nous ne soupçonnions pas l'existence malgré sa férocité. Ce choc de titans, cette lutte ancestrale, cette bataille qui perdure à travers les âges, ce n'est pas le bien contre le mal, non… C'est celle… d'Oggy contre les cafards"
1137245,/eEOUHNPUdEOpAT4js1eTaQqdrAi.jpg,"Joan n'est plus amoureuse de Victor et souffre de se sentir malhonnête avec lui. Alice, sa meilleure amie, la rassure : elle-même n’éprouve aucune passion pour Éric et pourtant leur couple se porte à merveille ! Elle ignore qu’il a une liaison avec Rebecca, leur amie commune... Quand Joan décide finalement de quitter Victor et que celui-ci disparaît, la vie des trois amies et leurs histoires s’en trouvent bouleversées."
1208695,/xIkBEP788zO54h0UlEKqPJTYahb.jpg,"Yonathan, expert en montres de luxe au quotidien monotone, voit sa vie basculer lorsqu’il s’associe à Éric, receleur et escroc. Fasciné par le train de vie d'Éric, Yonathan perd toute mesure. Tout s’accélère quand, pour répondre à une commande d'Éric, Jo, cambrioleur de génie, vole cinq chefs-d’œuvre au Musée d’Art Moderne de Paris en 2010."
1192195,/eClC4JywN7ZIW0HllSLkx4GEQTp.jpg,"Après 50 ans de mariage, François Marsault, général à la retraite, est encore fou amoureux d’Annie, sa femme. Lorsqu’il découvre qu’elle l’a trompé 40 ans plus tôt, son sang ne fait qu’un tour. Afin de laver son honneur, une seule solution : la quitter et partir manu militari retrouver Boris, l’ancien amant, pour lui casser la figure. Mais à son âge, l’affaire n’est pas si simple…"
1155840,/6bYMLEFfQfGyX8tXx7X6ebMOhlW.jpg,"Hakim alias Joaquim, notre policier maladroit et gaffeur, est de retour ! Il doit déjouer les plans d'un promoteur véreux : le comte de Neuville. Avec ses amis, il infiltre le Château du Comte mais doit en plus préparer son mariage avec Julia, à qui il a caché sa mission. Rien ne se passe comme prévu et Hakim et sa bande de pieds nickelés, dépassés, vont aller de catastrophes en catastrophes. Il va alors entrer dans une course folle pour réussir sa mission et sauver son couple."
1310042,/ucClmPlyDzO9SiEw8VBjIszseAs.jpg,"L’Arc-en-ciel est un authentique lieu associatif à Marmande qui accueille des personnes ordinaires mais violentées par la vie. Ses adhérents se soutiennent mutuellement dans leur lutte contre les difficultés quotidiennes. Quand on menace de les expulser, un élan de solidarité s’organise autour de Pierre, le fondateur, pour sauver cette maison d’accueil unique."
1047227,/5UHRIupXT8xvrfV0HaSmtUWtY5.jpg,"Saviez-vous qu’au 17ème siècle, les animaux pouvaient être jugés pour avoir commis un crime ? Maître Pompignac, risée du barreau, pense avoir trouvé l’affaire de sa vie : défendre la jeune et innocente Josette, accusée à tort du meurtre d’un maréchal… Mais c’était sans compter sur son adversaire, le redoutable et réputé Maître Valvert, et surtout sur Josette, qui s’avère n’être autre… qu’une chèvre !"
270342,/wjJBcwMv4uZXC1ig0jtRuJO3EBO.jpg,"Parmi les ouvrières massivement licenciées dont elle a la charge, Marithé, qui travaille dans un centre de formation pour adultes, remarque Carole, qui ne paraît guère à sa place. Elle la retrouve le soir même, en patronne du luxueux restaurant dont son mari Sam est le cuisinier inspiré. Carole la présente comme une amie du club de gym. Au fil des entretiens de formation, Marithé comprend que Carole se sert d'elle comme prétexte pour couvrir ses rendez-vous avec son amant. De son côté, Marithé n'est pas insensible au charme de Sam, en plein chantier, qui prépare l'ouverture d'un second restaurant en ville. Marithé perd peu à peu le contrôle de la situation..."
200823,/u5GZFcA1KgwU5yudqBp7htPLrUH.jpg,"Fonzy, le pseudonyme sous lequel Diego Costa a fourni il y a 20 ans du sperme à maintes reprises dans le cadre d'un protocole de recherche.  Aujourd'hui, à 42 ans, il est livreur dans la poissonnerie familiale et mène une vie d'adolescent irresponsable et gaffeur. Alors que sa compagne Elsa, lui apprend qu'elle est enceinte, son passé ressurgit.  Diego découvre qu'il est le géniteur de 533 enfants dont 142 souhaitent savoir qui est Fonzy…"
1161108,/xDjc1spoT79ncIteIeM1EFoh3lm.jpg,"Florence veut présenter David, l'homme dont elle est follement amoureuse, à son père Guillaume. Mais David n'est pas attiré par Florence et souhaite s'en débarrasser en la jetant dans les bras de son ami Willy.  Les quatre personnages se retrouvent dans un restaurant au milieu de nulle part."
1152014,/uIlJ1wOlEt5K3NowJQDG4qscQAC.jpg,"Pour échapper à la police, un père et son fils sont contraints de trouver refuge dans une colonie de vacances pour jeunes adultes en situation de handicap mental, endossant le rôle d’un éducateur et d’un pensionnaire. Le début des emmerdes et d’une formidable expérience humaine qui va les changer à jamais."
1001434,/iUssfYUO82DRcnFhDIQY6abhOWf.jpg,"Barberie Bichette, qu'on appelle à son grand dam Barbie, a peut-être été belle, peut-être été aimée, peut-être été une bonne mère pour ses enfants, une collègue fiable, une grande amoureuse, oui peut-être… Aujourd'hui, c'est noir, c'est violent, c'est absurde et ça la terrifie : elle a 55 ans (autant dire 60 et bientôt plus !). C'était fatal mais comment faire avec soi-même, avec la mort, avec la vie en somme…"
1000888,/tp6mfbXQ5zxM6oCx5CcINPfAeFI.jpg,"Michel Uzès, un quadragénaire, est arrêté lors de son voyage au Danemark. La police le soupçonne d'être Paul Bernardin, un meurtrier recherché accusé d'avoir tué sa femme et ses trois enfants quelques années auparavant. Alors qu'Uzès clame son innocence, deux détectives amateurs, Léa et Christine, mènent leur propre enquête. Pendant ce temps, en Argentine, un quadragénaire français au passé mystérieux célèbre son mariage avec sa jeune et jolie fiancée…"
1181161,/Ap9gsArLK21ciTatVg2QaKLmhAX.jpg,"Quand Pio et Anaïs annoncent leur mariage à leurs amis, c’est clair : ce sera SANS enfants. Trois jours de fête et de Prosecco en perspective ! Mais quand leur bande de potes débarque AVEC les enfants, pensant pouvoir les cacher aux mariés, les catastrophes vont (très) vite arriver…"
1101242,/hHmxiFg5kcgaPZVKb3bioxMsH4H.jpg,"Brutalement licencié à 58 ans, Alain décide de monter sa propre société pour se prouver et prouver au monde qu'il n'est pas devenu inutile. Embarquant dans son improbable projet Véronique son ancienne collègue bloquée depuis des années dans la dépression et Jean-Pierre Savarin un animateur de jeu télévisé sur le retour, il s'attaque au secteur qu'il pense être le plus porteur : la garde d'enfants."
246320,/v5bjUXo1FHLZQO6nfwWcoc9D6lW.jpg,"Des années après le décès de leur mère, les frères Latour, qui se détestent toujours autant, sont à nouveau « réunis » par la défunte. Rien ne va dans leur vie : Bernard, qui vit dans une caravane, court le cachet en tant que comédien, Didier se fait passer pour un prof de philo, alors qu’il vend en fait des sextoys par correspondance et Pascal vit aux crochets d’une riche cougar… À l’ouverture du testament de leur mère, ils s’aperçoivent que leur mère ne leur a laissé que des dettes. Accompagnés de Sarah, la fille de Bernard, ils tentent de se refaire une santé financière en se lançant dans le trafic de drogue. Mais on ne s’improvise pas voyou…"
273169,/1rPxRkVfqEbQSJNj7nSPchMfcxM.jpg,"Paris, 28 premiers jours du printemps. 11 femmes.  Mères de famille, femmes d’affaires, copines, maîtresses ou épouses...  Toutes représentent une facette de la femme d’aujourd'hui : complexes, joyeuses, complexées, explosives, insolentes, surprenantes... Bref, un être paradoxal, totalement déboussolé, définitivement vivant, FEMMES tout simplement !"
1138230,/oieyKkMgXS2rqrFH4DpUEYWDhKn.jpg,"Magouilleur et beau parleur, naviguant entre son entreprise florissante et sa vie de famille épanouie, Daniel est un homme comblé. Mais, à la suite d’une malversation financière, il doit troquer du jour au lendemain son luxueux appartement de Neuilly contre une cellule de 9m2 dans la prison de Poissy. Du costard-cravate au survêt-claquettes, la chute est brutale. Daniel se retrouve perdu dans un environnement dont il ne connait pas les codes. Mais c’est sans compter sur sa tchatche, son humour et son sens inné de la débrouille…"
1119625,/rJf74EY7ATFLKj01FOGPA9c5Y6z.jpg,"Paul, réalisateur, et son frère Étienne, journaliste musical, sont confinés à la campagne dans la maison où ils ont grandi. Avec eux, Morgane et Carole, leurs nouvelles compagnes. Chaque pièce, chaque objet, les arbres du jardin, les sentiers parcourant les sous-bois leur rappellent les souvenirs de leur enfance, et leurs fantômes."
258435,/qS2AXJtUWHjRAPw67s8nWLHa0Cm.jpg,"Brigitte et Xavier sont éleveurs bovins en Normandie. Elle est rêveuse, la tête dans les étoiles. Lui, les pieds ancrés dans la terre, vit surtout pour son métier. Avec le départ des enfants, la routine de leur couple pèse de plus en plus à Brigitte. Un jour, sur un coup de folie, elle prend la clef des champs. Destination : Paris. Xavier réalise alors qu’il est peut-être en train de la perdre. Parviendront-ils à se retrouver ? Et comment se réinventer, après toutes ces années ? La reconquête emprunte parfois des chemins de traverse..."
995775,/gqP1eueBBj9uBfzOdtSsVl5J7BN.jpg,"Tout juste sortis de leurs études, Félix et Vincent sont deux jeunes bras cassés de la côte Atlantique qui galèrent à trouver leur place dans le monde du travail… et dans la vie en général. Les deux amis décident de transformer clandestinement une petite épicerie de quartier en business nocturne le temps des vacances. Aidés par une équipe de spécialistes recrutés pour l’occasion, ils vont faire tourner la boutique, jusqu’à ce que la vraie patronne de la supérette et la police ne commencent à flairer le mauvais coup…"
1082424,/XCxY5JRGTMt7LqweJ00lyxn7nH.jpg,"Agathe a autant de charme que de contradictions. Elle est célibataire mais rêve d’une histoire d’amour digne des romans de Jane Austen. Elle est libraire mais rêve d’être écrivain. Elle a une imagination débordante mais une sexualité inexistante. La vie n’est jamais à la hauteur de ce que lui a promis la littérature. Invitée en résidence d’auteurs en Angleterre, Agathe devra affronter ses peurs et ses doutes pour enfin réaliser son rêve d’écriture… et tomber amoureuse."
1174024,/lOjlXQXwAj5uhrtEd0DxjPAhRm5.jpg,"Usé par vingt-cinq ans de vie commune, le couple formé par Xavier et Sophie semble à bout de souffle. Et le moins que l’on puisse dire c’est que l’idée de Sophie d’inviter à dîner Adèle et Alban, leurs voisins du dessus, n’enchante pas Xavier ! Il leur reproche un manque de discrétion lors de leurs ébats nocturnes, aussi fréquents que déchaînés. Au contact de leurs voisins aux mœurs des plus libérées, Xavier et Sophie vont alors se confronter à leur réalité, avant d’être poussés dans leur retranchement par une proposition quelque-peu... indécente."
1235304,/dd0Spq7C2ZluVJrWVt3puMgS3fR.jpg,"Aujourd’hui, en 2025, une trentaine de personnes issues d’une même famille apprennent qu’ils vont recevoir en héritage une maison abandonnée depuis des années. Quatre d'entre eux, Seb, Abdel, Céline et Guy sont chargés d’en faire l'état des lieux. Ces lointains ""cousins"" vont alors découvrir des trésors cachés dans cette vieille maison. Ils vont se retrouver sur les traces d'une mystérieuse Adèle qui a quitté sa Normandie natale, à 20 ans. Cette Adèle se retrouve à Paris en 1895, au moment où cette ville est en pleine révolution industrielle et culturelle. Pour les quatre cousins, ce voyage introspectif dans leur généalogie va leur faire découvrir ce moment si particulier de la fin du XIXe siècle où la photographie s'inventait et l’impressionnisme naissait. Ce face à face entre les deux époques 2025 et 1895 remettra en question leur présent et leurs idéaux et racontera le sens de : La venue de l’avenir."
1118853,/7cStEth2n2sfLX7v9Ihq6VskCRz.jpg,"Redouane Bougheraba, le roi de l'impro, se raconte et dresse un portrait réaliste de sa vie, avec des thèmes universels et d'actualité comme le mariage, ses voyages, les relations humaines..."
1197122,/lo3jHhGmOEZk7avUX1iZuRIfXAI.jpg,"Une semaine après la présidentielle, la France cherche toujours son Premier Ministre. Nino, jeune attaché parlementaire ambitieux, est missionné pour convaincre son père, Lionel Perrin d’accepter le poste. Mais cet éternel perdant a coupé les ponts avec la politique…et son fils. Nino se retrouve embarqué dans une course effrénée où tous les coups sont permis. Il a 24h pour sauver sa carrière, son couple et si possible l’avenir de la France !"
1266809,/1LG21kpsw291yMcpRp9TNijyQn6.jpg,"Christophe, 9 ans, vit les événements de mai 68, planqué chez ses grands-parents, dans l’appartement familial à Paris, entouré de ses oncles et de son arrière-grand-mère. Tous bivouaquent autour d’une mystérieuse cache, qui révèlera peu à peu ses secrets…"
1254808,/pEcAfVyp2XRRoMvlkUdHvgbFqNW.jpg,"Ceci est l’histoire de Godard tournant « À bout de souffle », racontée dans le style et l’esprit de Godard tournant « À bout de souffle »."
274483,/s5UvkMsv01MR5p2nzlGdU9nMAlj.jpg,"Si vous aimez les jeux de pistes, les vieilles Porsche, les sœurs qui n'en sont pas, les pères pas vraiment morts, les lacs et leurs secrets : bienvenue au club."
1140721,/1BAXWoVP71jCIHtD0pRXmupe6w5.jpg,"Deux amis de toujours vivent sur une petite île de Bretagne et découvrent que l'un des habitants a gagné le gros lot à la loterie nationale. Les deux vieilles canailles se mettent alors à la recherche du mystérieux gagnant afin de s'assurer ses faveurs avant que la nouvelle ne se répande. Mais lorsqu’ils découvrent que ce dernier est mort, ticket gagnant en main, ils décident d’organiser avec la complicité de tout le village une grande arnaque au loto pour prendre sa place."
294463,/k9BiIFPSwzgSeKcc95LSLWHD6CM.jpg,"Lou est une jeune fille créative et rêveuse d’une douzaine d’années. Elle vit seule avec sa mère, Emma, qui a mis de côté sa vie de femme ces dernières années pour se consacrer à l’épanouissement de sa fille. Leur cocon confortable cache malgré tout quelques failles : Emma stagne et glisse doucement vers la mélancolie alors que Lou est obnubilée par Tristan son petit voisin, délaissant sa bande de copains... Leur bulle éclate alors qu’Emma entame une renaissance amoureuse et qu’un premier baiser fait rentrer Lou dans les années enivrantes de l’adolescence."
277230,/7kUvo4QNT5WWVmq1xCIo38P2WCt.jpg,"Lorsque la petite mercière d’Arras découvre qu’elle a gagné 18 millions à la loterie et qu’elle peut désormais s’offrir tout ce qu’elle veut, elle n’a qu’une crainte : perdre cette vie modeste faite de bonheurs simples qu’elle chérit par-dessus tout. Mais le destin est obstiné, et c’est en renonçant trop longtemps à cette bonne fortune qu’elle va déclencher, bien malgré elle, un ouragan qui va tout changer. Tout, sauf elle."
255913,/eTtfDEWU2ps6oVgVVuWgOgho2W5.jpg,"À trente ans, Ben est sur le point d'épouser Juliette. Sa petite vie tranquille et sans danger va basculer lorsqu'il retombe sur la personne qu'il a secrètement le plus envie de revoir : Vanessa, la bombe du lycée qui ne l'avait jamais regardé. Elle est de retour à Paris et ne connaît, aujourd'hui, que lui…"
270343,/omE9CK9vyWTO1QS3cjTi9paBIib.jpg,"Entre ses potes et l’entreprise familiale, l’été d'Arnaud s’annonce tranquille…  Tranquille jusqu'à sa rencontre avec Madeleine, aussi belle que cassante, bloc de muscles tendus et de prophéties catastrophiques. Il ne s’attend à rien ; elle se prépare au pire.  Jusqu'où la suivre alors qu'elle ne lui a rien demandé ?  C’est une histoire d’amour. Ou une histoire de survie. Ou les deux."
1084849,/tLcJi8D6gAcKGTGPTjCIV2GrUrW.jpg,"Marco, la vingtaine, un peu paumé, dépanne un ami en le remplaçant à son lieu de travail : une centrale d'urgence pour ascenseurs. Vers 3h du matin, une jeune femme l’appelle : coincée dans une cabine en panne, elle est en pleine crise d'angoisse. Marco tente de la rassurer au téléphone mais ne trouvant aucun technicien disponible pour intervenir, il décide d’aller lui-même la secourir ! Une fois sur place hélas, la jeune femme s’est envolée. Ainsi débute sa quête rocambolesque à la poursuite de cette énigmatique inconnue, dans Paris, la nuit de la Saint-Valentin."
1063574,/ybktthvcTszSME5PPMM8rzy2ZL9.jpg,"Jérémie revient à Saint-Martial pour l’enterrement de son ancien patron boulanger. Il s'installe quelques jours chez Martine, sa veuve. Mais entre une disparition mystérieuse, un voisin menaçant et un abbé aux intentions étranges, son court séjour au village prend une tournure inattendue..."
1079310,/zdoLIMMgcbqBtgPIWe7Ep8KcsiH.jpg,"Totone, 18 ans, passe le plus clair de son temps à boire des bières et écumer les bals du Jura avec sa bande de potes. Mais la réalité le rattrape : il doit s’occuper de sa petite sœur de 7 ans et trouver un moyen de gagner sa vie. Il se met alors en tête de fabriquer le meilleur comté de la région, celui avec lequel il remporterait la médaille d'or du concours agricole et 30 000 euros."
1145608,/xQ5v2jqjPBt6T71OIBnTFkDXUz4.jpg,"C’est l’histoire d’une femme qui s’appelle Chiara. Elle est actrice, elle est la fille de Marcello Mastroianni et Catherine Deneuve et le temps d’un été, chahutée dans sa propre vie, elle se raconte qu’elle devrait plutôt vivre la vie de son père. Elle s’habille désormais comme lui, parle comme lui, respire comme lui et elle le fait avec une telle force qu’autour d’elle, les autres finissent par y croire et se mettent à l’appeler « Marcello »."
1235619,/tRuZUbucePOXsBgkGB5oSTzTYzi.jpg,"Quand Maria Bodin, fermière autoritaire et revêche, et son fils Christian, apprennent qu'une usine de fromage industrielle s'apprête à s'installer dans leur petit village, ils sont prêts à tout pour défendre leur fromagerie artisanale.."
331114,/md3ozIcllehMaKbl4Zb3WIoDJqb.jpg,"Éléonore vient de perdre son père. Celui-ci lui a légué sa maison en Bretagne, qu'elle doit absolument vendre. Elle demande alors à Samuel, son ancien petit ami de l'y accompagner. Le couple va vivre un week-end riche en surprises et en émotions..."
294466,/2aps3aN4Slzv1fk4bBSboSYMbWR.jpg,"Dans les années 80, Stéphanie grandit à La Courneuve auprès d’une mère absente et d’un beau-père brutal. Très vite, elle décide de se sortir de son quotidien morose. Grâce à l’amour de sa grand-mère, à ses lectures, sa passion pour la danse et pour Jean-Jacques Goldman, elle se débat dans cette cité colorée où l’amitié est primordiale. Un jour, elle le sait, Stéphanie quittera la cité pour mener la vie dont elle a toujours rêvé. Le film raconte l'histoire de cet envol.  Un film inspiré du livre autobiographique de la réalisatrice."
1289888,/eMGi1vZiI0CeRsn8UMa147PaVCa.jpg,"Lorsqu'un acteur célèbre rencontre une serveuse malchanceuse à Paris, une histoire d'amour inattendue prend vie. Résistera-t-elle sous le feu des projecteurs ?"
1266781,/mvqZY9g8yxwlCLLLvOIupQEwjzw.jpg,"Depuis sa plus tendre enfance, Natacha est bien décidée à devenir hôtesse de l’air afin d’échapper aux diktats d’une époque où la femme se doit de rester à la maison. Alors que son rêve est enfin sur le point de se réaliser, elle se retrouve embarquée malgré elle dans une course poursuite à travers l'Europe pour récupérer la Joconde."
1235502,/dRaHoBWFWG23EAEKPQYo1GBcpP9.jpg,"Pour soutirer de l’argent à ses parents, Benoît demande à une amie de se faire passer pour sa future femme lors d’un séjour en famille au Maroc. Mais lorsque cette dernière se désiste, il n’a pas d’autre choix que de proposer le rôle de sa fausse fiancée… à Fiona, son chauffeur Uber ! La jeune femme, au tempérament impulsif et sans filtre, détonne dans la famille bourgeoise de Benoît."
1284514,/1astP4YmgUwBttbO3RAZ8hvC3UB.jpg,"Sœur Lucie, religieuse dévouée, décide de fuir son couvent au bout de 20 ans pour retrouver son amour de jeunesse.  C'est pour elle le début d'une aventure extraordinaire qui mettra sa foi à l'épreuve et la confrontera au monde d’aujourd’hui plein de surprises et de tentations."
1235303,/37bcY42oSbPpVq683KQ3nOtV867.jpg,"Quand sa mère menace de le virer du pavillon familial s’il ne se bouge pas les fesses, Sprite se retrouve coincé dans un paradoxe : il doit passer son permis pour trouver un taf, mais il a besoin d'un taf pour payer son permis. Heureusement, Marie-Charlotte, sa monitrice d'auto-école, est prête à tout pour l'aider - même à lui prêter son baise-en-ville. Mais... C'est quoi, au fait, un baise-en-ville ?"
1309725,/6KCeK3yZsK4w3ElzMmVDqnFFvcl.jpg,"La femme la plus riche du monde : sa beauté, son intelligence, son pouvoir. Un écrivain photographe : son ambition, son insolence, sa folie. Le coup de foudre qui les emporte. Une héritière méfiante qui se bat pour être aimée. Un majordome aux aguets qui en sait plus qu’il ne dit. Des secrets de famille. Des donations astronomiques. Une guerre où tous les coups sont permis."
1313211,/2TznRLhTEzMVS8JibDU5tKzTMkl.jpg,"Mehdi a prévu de passer un été tranquille dans la somptueuse demeure de ses beaux-parents. Mais dès son arrivée, un conflit éclate entre la famille de sa fiancée et le couple de gardiens de la villa. Comme Mehdi est issu d’un milieu modeste, il pense pouvoir mener les négociations entre les deux parties et ramener tout le monde à la raison. Pourtant, tout s’envenime…"
964876,/nkr6azlwyVuc2ImT9xXDdTxgLQB.jpg,"C’est la crise, tout s’arrête : plus d’eau, plus d’électricité, plus de réseau… Stanislas, homme d’affaire parisien, perd tout y compris sa fortune. Lui qui déteste la campagne est contraint de partir se réfugier avec sa femme et son fils dans une des exploitations agricoles qu’il avait acquise dans un but spéculatif. Mais à son arrivée, il se retrouve face à Patrick et sa famille, agriculteurs exploitants des lieux, qui n’ont pas l’intention de quitter la ferme… Dans cette atmosphère chaotique où tout est inversé, nos deux familles que tout oppose parviendront-elles à cohabiter pour survivre et peut-être reconstruire ensemble un nouveau monde ?"
1313168,/qwklLRMLoCq6StEcLkTjmX1fdoM.jpg,"À 55 ans, Gaby, biologiste, perd son job…et gagne une idée folle : avoir un enfant ! Avec sa mère fantasque et un fichier de donneurs, elle traque le sperme parfait, tandis que Pierre, 56 ans, tente de rajeunir à tout prix pour séduire. Mais l’amour pourrait bien prouver que tout reste… toujours possible !"
1315540,/LHDFWJFHVA8Q7HoL6VqcZzpiia.jpg,"Depuis des années, Henri et Nora partagent tout : ils s’aiment et elle met en scène les pièces dans lesquelles il joue. Quand Henri décroche pour la première fois un rôle au cinéma, la création de leur nouveau spectacle prend l’eau et leur couple explose. Est-il possible de s’aimer sans s’appartenir complètement ?"
319143,/3TE3ZD4ecpu70Xe10cYVga7kqlg.jpg,"« Saint‐Loin‐la‐Mauderne », un petit village frappé de plein fouet par la crise et la désertification. Son dernier espoir : relancer l’usine de fumage de saumon. Seul problème, les assurances exigent la présence d’un médecin à demeure. Or, le dernier a pris sa retraite il y a plus de cinq ans sans jamais trouver de remplaçant. Derrière Germain, leur maire bourru mais charismatique, les habitants vont tout faire pour convaincre le très parisien docteur Maxime Meyer que le bonheur est à Saint‐Loin‐la‐Mauderne !"
1321412,/3fx5j8LSJC1UGLHO455FY4peY8m.jpg,"De l’Atlantique à la mer Noire, Mathias embarque son meilleur ami Philippe dans un road trip à bicyclette. Ensemble ils vont refaire le voyage que Youri, son fils, avait entrepris avant de disparaître tragiquement. Une épopée qu’ils traverseront avec tendresse, humour et émotion."
1306293,/gBT1mJ2E7K8QqOM0HVtStlBElvV.jpg,"Antoine Toussaint, grande vedette de la chanson française, ne vit que pour son métier. Après avoir fait un AVC en public et se sentant incapable de remonter sur scène. Il décide d’aller en Suisse pour en finir. Dans le train pour Genève, il fait la connaissance de Victoire, une passagère envahissante, à la personnalité explosive…"
1284496,/f8AbVOhL39Y85J1091sK7auUd77.jpg,"Dans une petite bourgade française, Hélène, Michel, et leurs deux enfants, coulent des jours heureux dans l’insouciance des années 50. Soudainement propulsés en 2024, le couple découvre un monde moderne à l’opposé de celui qu’ils connaissent. Pour Hélène, qui a toujours vécu comme il se doit dans l’ombre de l’époux, c’est une révolution. Mais, pour Michel, qui voit ses privilèges d’Homme voler en éclat, c’est un cataclysme. Entre vent nouveau et parfum d’antan, ce voyage dans le temps ne sera pas de tout repos."
1193450,/sKaBVsZncMcWn1FtLT0ox9aLBpx.jpg,"Les crimes contre la nature les scandalisent, les injustices faites aux femmes les révoltent : les Green Panthères, des Robins des bois d’aujourd'hui, se lancent dans le cambriolage engagé contre les pollueurs et les harceleurs.  Mais pour ouvrir le coffre de leur rêve, il leur faudra s’associer à Bernard, un cambrioleur vieillissant pas très à jour sur l’éco-féminisme..."
1279871,/7uuZUh6aEcDy1BaJn4IbTWGdNE0.jpg,"Le quotidien de Sami et de Nada. Si ce dernier s'autoproclame comme le ""plus grand voyou de la promenade"", le second découvre pour la première fois le monde carcéral. Mais en prison, personne n'est qui il prétend être, et les masques ne tarderont pas à tomber."
1294174,/wtOX5eChVDmBMd6ViEh9a7TZ04E.jpg,"Le jour où Redouane va obtenir sa promotion et enfin passer contremaître, il apprend que l'usine de matelas où il travaille est délocalisée en Inde. Bien décidé à conserver sa promotion, il accepte de partir tout en ayant la garantie d'être payé double et emmène avec lui Marguerite, sa compagne. Une fois sur place, il découvre que son patron l'a dupé, il sera bien payé double mais en roupies. Furieux, il décide de se venger en enseignant aux équipes le meilleur des droits sociaux français."
1217484,/gzQxJB7FxW5CHFO41RhA2AcD3uM.jpg,"De Paris à Rome dans les années 70, le destin d’un écrivain fauché percute celui d’une star montante du cinéma. Leur chemin vers l’amour sera semé d’embuches, de quiproquos et rebondissements. Une comédie musicale et tourbillonnante !"
1137759,/ntBV03zpD63GHXlU5YM5inmzsRu.jpg,"Les Tuche mènent à nouveau une vie paisible à Bouzolles. Mais lorsque Jiji, le petit fils de Jeff et Cathy, est sélectionné pour un stage de football à Arsenal, c’est l’occasion rêvée pour toute la famille d’aller découvrir l’Angleterre et d’y rencontrer la famille royale. Celle-ci ne s’imagine pas encore que le nom Tuche restera à jamais gravé dans l’histoire de la perfide Albion."
1284505,/rxU0b5zCS0HL7updpQiypQL3uBU.jpg,"Suite à une erreur de réservation, deux familles que tout oppose, ainsi qu’un éditeur un peu snob et l’influenceuse qu’il souhaite publier, sont contraints de partager une sublime maison de vacances. Le choc des cultures est immédiat, entre habitudes incompatibles et personnalités bien affirmées. Pourtant, malgré les tensions et les quiproquos, ces vacances forcées prennent une tournure inattendue et se révèlent une aventure pleine de surprises et d’éclats de rire."
1210732,/emguym9bd9QPIKVNO97gdvQv4R8.jpg,"Michel et Cathy, un couple usé par le temps et les difficultés financières, ne se parlent plus vraiment. Jusqu’au jour où Michel, pour éviter un ours sur la route, heurte une voiture et tue les deux occupants. 2 morts et 2 millions en billets usagés dans le coffre, forcément, ça donne envie de se reparler. Et surtout de se taire."
289151,/3fyZRAawhST4tNtQplYgfwGJ9jw.jpg,"Suite à un accident, Pierre, la soixantaine, se retrouve cloué au lit avec une jambe dans le plâtre. Misanthrope au caractère bien trempé rêvant de silence et de solitude, voilà que le monde s’invite à son chevet. Il assiste alors impuissant à la valse quotidienne des médecins, infirmières et personnels hospitalier, puis de ses proches dont son frère Hervé. Au fil de rencontres inattendues, drôles ou touchantes, Pierre reconsidère certains a priori et pose sur les autres un regard différent. Et, contre toute attente, ce séjour à l’hôpital finit par ressembler à une renaissance…"
248507,/3J84HvgThJyBSqNaAiX9EuiIGwx.jpg,"Romain Faubert est un homme seul qui, à bientôt 40 ans, n’a ni femme ni enfant. Le métier qu’il exerce, photographe pour dictionnaire médical en ligne, n’arrange rien à une hypocondrie maladive qui guide son style de vie depuis bien trop longtemps et fait de lui un peureux névropathe."
340357,/8bTxUAoDhUGx2lL6KfcoiZNqepM.jpg,"1941. Le monde est radicalement différent de celui décrit par l’Histoire habituelle. Napoléon V règne sur la France, où, comme partout sur le globe, depuis 70 ans, les savants disparaissent mystérieusement, privant l’humanité d’inventions capitales. Ignorant notamment radio, télévision, électricité, aviation, moteur à explosion, cet univers est enlisé dans une technologie dépassée, comme endormi dans un savoir du XIXe siècle, gouverné par le charbon et la vapeur.  C’est dans ce monde étrange qu’une jeune fille, Avril, part à la recherche de ses parents, scientifiques disparus, en compagnie de Darwin, son chat parlant, et de Julius, jeune gredin des rues. Ce trio devra affronter les dangers et les mystères de ce Monde Truqué. Qui enlève les savants depuis des décennies ? Dans quel sinistre but ?"
270919,/9r0njgedq76nToHR8PQTLatQf2C.jpg,"Muriel est esthéticienne. Mais elle est avant tout fan, c’est comme un deuxième métier. Elle est la plus grande admiratrice de Vincent Lacroix, un chanteur de variétés au sommet de sa carrière. Comme toutes les grandes vedettes, Vincent garde ses distances avec ses fans. À moins qu’il ait un très très gros service à demander…"
307314,/sRztYJ6JoDVifrdRkAhLnqyBqdn.jpg,"Gaby, on ne devrait pas la laisser seule la nuit. Or, c'est justement ce que fait Vincent, son petit ami, pour mettre son amour à l'épreuve. Elle a pourtant du mal à contrarier sa nature et, a vite fait d'épuiser la patience des gars du village. Mais cette histoire abrite un autre personnage: Nicolas, gardien du château, et c'est vers cet expert en solitude, que Gaby choisit de se tourner - quitte à le détourner de son cher chemin."
1242426,/80XxGJZJNryIfffPF1g2iv6Vcgt.jpg,"Chris et Antoine ont bien du mal à s’entendre depuis leur divorce. Mais, lorsqu’on leur annonce que leur fils de 16 ans est atteint d’une maladie rare, qui va lui faire perdre la vue, ils s’efforcent de mettre leurs rancœurs de côté. Les ex-conjoints embarquent leur fils pour des vacances inoubliables, bien décidés à lui offrir ses plus beaux souvenirs."
1217483,/9mfnxGRTS8TMjhhoKMTM1RlVAQQ.jpg,"Le trésor du pharaon Khéops a-t-il été découvert pendant la campagne d’Égypte de Napoléon, ramené en France, puis caché à Paris ? Christian Robinson, archéologue flamboyant aux méthodes peu orthodoxes, en est persuadé depuis la découverte d’une mystérieuse inscription lors de nouvelles fouilles au Caire. Bien décidé à déchiffrer les indices laissés par Dominique Vivant Denon, le premier directeur du Louvre, Christian Robinson embarque dans son aventure sa fille et son petit-fils. Cette quête du trésor de Khéops, à Paris, est aussi l’histoire de leur réconciliation."
1001030,/2uhAFBTnDmqiAtJOlFU53PoonYV.jpg,"Katia, brillante documentaliste de 35 ans, fait preuve de singularité dans sa manière de vivre ses relations, toutes plus ou moins chaotiques. Sa participation à un nouveau reportage l’amène à mettre enfin un mot sur sa différence. Révélation qui va chambouler une vie déjà bien compliquée."
419281,/6DootV10ZFUsm4NSPbE09EFfVw8.jpg,"Mis en retraite à la campagne dans un étrange hôtel gardé par une poule, des terroristes et des policiers échappés d'un jeu vidéo, désormais en paix, s'ennuient entre parties de volley, tournois de ping-pong et discussions philosophiques ou absurdes. Bientôt, le monde autour d'eux commence à s'effriter, faisant place à de larges et noires béances..."
1076897,/7w6IvVwKxJvkaam00oYG8ksikYC.jpg,"Les Dieux sont en colère contre Arthur ! Après la destruction de Kaamelott, son refus obstiné de tuer Lancelot précipite le Royaume de Logres à sa perte. Il réunit ses Chevaliers, novices téméraires et vétérans désabusés, autour de la Nouvelle Table Ronde et les envoie prouver leur valeur aux quatre coins du Monde, des Marais Orcaniens aux terres glacées du Dragon Opalescent."
1221711,/t4z9IUdnpDGdvK3UfOrzRLS1WrC.jpg,"Dormir sur la banquise, traverser le Groenland en solitaire, se battre à mains nues avec un ours… Il n’y a plus grand chose qui fasse peur à Coline Morel. À part, peut-être, se confronter à sa propre existence."
1119537,/cgE5Oo0qBJ8VAtQaF4vIDFK4OI7.jpg,"Céline attend l’arrivée de son premier enfant. Mais elle n’est pas enceinte. Dans trois mois, c’est Nadia, sa femme, qui donnera naissance à leur fille. Sous le regard de ses amis, de sa mère, et aux yeux de la loi, elle cherche sa place et sa légitimité."
266537,/3EwA1aTlV2ysTmiz666eyopZkfA.jpg,"Clément, jeune professeur de philosophie parisien est affecté à Arras pour un an. Loin de Paris et ses lumières, Clément ne sait pas à quoi occuper son temps libre. C'est alors qu'il rencontre Jennifer, jolie coiffeuse, qui devient sa maîtresse. Si la vie de Clément est régie par Kant ou Proust, celle de Jennifer est rythmée par la lecture de romans populaires, de magazines « people » et de soirées karaoké avec ses copines. Cœurs et corps sont libres pour vivre le plus beau des amours, mais cela suffira-t-il à renverser les barrières culturelles et sociales ?"
1235298,/5D8nuGkXDED9KO1kOeQO2I334e7.jpg,"Simone, une flic aux idées conservatrices, est infiltrée dans un collectif féministe qu'elle suspecte de complicité de meurtre. À leur contact, Simone s’ouvre progressivement à leurs idées. Mais lorsqu’elle est soupçonnée par le groupe d'être une taupe, elle se sert du premier venu pour se couvrir."
255533,/rwvXLFfvVLwhYCw2WRjN9H5MCBU.jpg,"Michel Houellebecq vit une existence bien réglée et sans surprises. Il discute avec un ami des travaux de rénovation de son appartement, déambule dans le quartier, travaille dans sa cuisine, visite des églises, rend visite à une amie avec qui il parle musique, récupère un panier de légume auprès d'une voisine ou raconte sa vie de juré du prix «30 Millions d'amis». Un jour, alors qu'il rentre chez lui, trois hommes entrent à sa suite dans le hall de l'immeuble. Sur le pas de sa porte, ils se saisissent de lui et le ligotent : l'enlèvement de Michel Houellebecq vient de commencer..."
1003504,/jyemu9Of8SCTOPXsm2oXPscGWQY.jpg,"Marie, 80 ans, en a ras le bol de sa maladie. Elle a un plan : partir en Suisse pour mettre fin à ses jours. Mais au moment de l’annoncer à Bruno, son fils irresponsable, et Anna sa petite-fille en crise d’ado, elle panique et invente un énorme mensonge. Prétextant un mystérieux héritage à aller chercher dans une banque suisse, elle leur propose de faire un voyage tous ensemble. Complice involontaire de cette mascarade, Rudy, un aide-soignant tout juste rencontré la veille, va prendre le volant du vieux camping-car familial, et conduire cette famille dans un voyage inattendu."
1361622,/bzW0afBIyWZ0bjCje8GPezvETy0.jpg,"Largué devant l'autel par sa fiancée partie retrouver son ex, un jeune homme n'a pas vraiment d'autre choix que d'emmener sa propre mère en lune de miel romantique."
1352310,/oZAnL8j1RtFP2PsQKNgDC8g1XEe.jpg,"Comédien en perte de vitesse, Stéphane débarque avec sa troupe au Festival d’Avignon pour jouer une pièce de boulevard. Il y recroise Fanny, une comédienne de renom, et tombe sous son charme. Profitant d’un quiproquo pour se rapprocher d’elle, Stéphane s’enfonce dans un mensonge qu’il va devoir faire durer le temps du festival… mais qui va très vite le dépasser !"
305455,/nrTkGBBktQnssw9zw6Sgta3vUu4.jpg,"En cette nuit de Noël, Antoine, six ans, n’a qu’une idée en tête : rencontrer le Père Noël et faire un tour de traîneau avec lui dans les étoiles… Alors quand celui-ci tombe comme par magie sur son balcon, Antoine est trop émerveillé pour voir en ce Père Noël un cambrioleur déguisé, qui dérobe les bijoux dans les appartements des beaux quartiers. Et malgré tous les efforts du Père Noël pour se débarrasser d’un Antoine déterminé, ils vont former alors un duo invraisemblable, parcourant Paris de toit en toit, chacun à la recherche de son rêve."
1421963,/gtmENvIUyH4J7x8UcrsdFkmTpJq.jpg,"Rose et Jean n’ont rien en commun. Rose est une force de la nature qui affronte tous ses problèmes avec une désarmante joie de vivre. Elle campe avec ses 3 enfants à l’étage de l’hôtel de famille qui ne leur appartient plus, et non, ils ne sont pas pauvres, ils sont fauchés. C’est temporaire. Jean est un homme solitaire et taciturne qui a fini par enfouir son grand cœur sous des couches de pudeur et de résignation. Quand il arrive malgré lui dans cette famille hors norme, il va très vite devenir indispensable. Qu’attendaient-ils avant de se rencontrer ? Sans doute plus rien. Et pourtant, ensemble, tout va devenir possible."
1266813,/zhk9QdjYWqLICx5pcvgeCp7oU87.jpg,"À 35 ans, Étienne n’a toujours pas pardonné à son « copain » Jean-Pat, qui lui a mené la vie dure pendant toute son enfance. Quand il apprend le décès de ce dernier, on ne peut pas dire qu’Étienne soit vraiment dévasté… Pourtant, il va se retrouver malgré lui à organiser l’enterrement de son pire ennemi. Une chose est sûre : Jean-Pat n’a pas fini de lui pourrir la vie."
1071064,/zqQAQ8IYH5kUs4OtEfjlNmrMdIA.jpg,"Diagnostiqué “nul avec les meufs” depuis son plus jeune âge, Anis mène une existence charnelle placée sous le signe du calme plat. Trois ans jour pour jour après la perte d’Isma, son meilleur ami et mentor, il prend son courage à deux mains et se décide enfin à sortir faire de nouvelles rencontres. Sauf qu’en abordant Madeleine, Anis ignore que débute une grande aventure. Un truc inattendu."
1313144,/euF099slkcbX6CoYvUvfIp0uHdP.jpg,"Une star du web devenue célèbre en postant des contenus choc sur les réseaux sociaux, qui, après un accident grave survenu sur le tournage de l’une des vidéos, décide de s’isoler dans un chalet à la montagne avec son assistant personnel pour faire un break."
304410,/kAQeZUZ1pMTSjSF3d6eBZClFGgN.jpg,"Dans la famille Bélier, tout le monde est sourd sauf Paula, 16 ans. Elle est une interprète indispensable à ses parents au quotidien, notamment pour l’exploitation de la ferme familiale. Un jour, poussée par son professeur de musique qui lui a découvert un don pour le chant, elle décide de préparer le concours de Radio France. Un choix de vie qui signifierait pour elle l’éloignement de sa famille et un passage inévitable à l’âge adulte."
1221724,/6W6nKyFSOcHSX1qq4qDsOR8MaSM.jpg,"Élisabeth, comédienne, anime des ateliers d'écriture à l'hôpital Necker avec des adolescents en grande détresse psychologique. À leur contact, elle replonge dans sa propre histoire : son internement à 14 ans. Peu à peu, les souvenirs refont surface. Et avec eux, la découverte du théâtre, qui un jour l'a sauvée."
1294706,/n7dfskPlOtQx1MgfK23ffcfSlt9.jpg,"Jeux olympiques de Paris 2024. Une jeune Normande habituée au calme et à la solitude, venue pour assister aux compétitions de natation et retrouver une demi-soeur perdue de vue depuis 10 ans, tente de naviguer au coeur d'un Paris enfiévré par l'événement."
1389410,/qsmAVEEWeDjKi791szxi1r3LG5s.jpg,"Prêt à partir en vacances, Kamel se retrouve obligé de changer ses plans à la  dernière minute pour prendre la route du Bled avec sa mère. À bord de la vieille Renault 21, Kamel et sa famille entament un long périple jusqu’au Maroc. Sur la route de son passé, les souvenirs et les rancœurs refont surface, révélant toute la beauté des liens qui les unissent."
1166170,/ws9wCKrqMsS700OOScv8L52wJMa.jpg,"Elsa, médecin, cache au reste du monde qu’elle voit les morts et les aide à ""passer de l’autre côté"". Convaincue que son don provoque le rejet, elle a renoncé aux histoires d'amour et s'est enfermée dans la solitude et le travail. Jusqu’au jour où elle fait la rencontre d’Oscar, un mort qui ne sait pas qu’il est mort..."
1261616,/d3AO6twCId5iYwaU4FM4cSpZaVp.jpg,"Nous ne pouvons pas les voir. Ils sont toujours à nos côtés sans que nous le sachions. Ce sont nos protecteurs et nos guides... Bienvenue dans le monde des anges gardiens ! Paul et Léa n’auraient jamais dû se rencontrer. Mais depuis, ils sont irrésistiblement attirés l’un par l’autre. Raphaëlle et Gabriel, deux anges que tout oppose, sont obligés de faire équipe pour tout remettre en ordre et empêcher ces deux humains de tomber amoureux. Si les anges échouent, Raphaëlle l’ambitieuse pourra dire adieu à sa promotion d’Archange. Quant à Gabriel le fumiste, il sera déchu et devra passer l’éternité sur Terre. L’enfer…"
1315979,/8N8eMSV1XtWN7xzXsq16zJ9QVUN.jpg,"Mélanie, avocate, atteinte d’une maladie incurable, a décidé qu’il était temps de profiter de la vie ! Elle embarque Benjamin, son ami de toujours, dans un périple vers l’Espagne pour explorer enfin leur sensualité dans une maison close. Les voici à bord d’un van délabré, conduit par Lucas, un chauffeur bourru sorti de prison la veille. Contrairement à Mélanie, Benjamin ne semble pas pressé d’arriver et fait d’ailleurs tout pour prolonger cet improbable voyage à ses côtés…"
1437985,/9PJrHGp41hRTq2kkPWU2j6zzjat.jpg,"Deux ans se sont écoulés à Saint Hubert. La vie y est paisible, peut-être trop pour Adélaïde et Simon qui souffrent du manque d’amis de leur âge. C’est sans compter sur l’arrivée de Stanislas, le fils de Bernard (l'ancien président des chasseurs du village), qui revient vivre à la campagne avec sa femme et ses deux enfants. Ils sont beaux, jeunes, et sympas. Leur seul défaut : ils pratiquent la chasse à courre ! La paix du village va être mise à mal : nouveaux voisins, nouveaux problèmes…"
294458,/7Q4MfHItEKstcLAdqNzAB5jbHHT.jpg,"Vincent a un pouvoir extraordinaire : sa force et ses réflexes décuplent au contact de l’eau. Pour vivre pleinement ce don, il s’installe dans une région riche en lacs et rivières, et suffisamment isolée pour préserver sa tranquillité. Lors d’une escapade aquatique, il est surpris par Lucie dont il tombe amoureux."
1107216,/kGreWvuW4FlzWP4UQUyJ55N1zGK.jpg,"Des animaux de compagnie, piégés dans un train lancé à toute allure, vont devoir déjouer les plans de Hans, un blaireau rancunier en quête de vengeance. Alors que le crash semble inévitable, les animaux peuvent compter sur Falcon, un raton-laveur filou et débrouillard, prêt à tout pour les sauver !"
298614,/d5csriJUa3Evyv8r2IJANnuJlE.jpg,"Michel, passionné de jazz, vient de dénicher un album rare qu’il rêve d’écouter tranquillement dans son salon. Mais le monde entier semble s’être ligué contre lui : sa femme choisit justement ce moment pour lui faire une révélation inopportune, son fils débarque à l’improviste, un de ses amis frappe à la porte, tandis que sa mère ne cesse de l’appeler sur son portable… Sans parler du fait qu’il s’agit ce jour-là de la fameuse Fête des Voisins…"
648116,/fI4d3jFJ2puD6e894chfX5SQXzA.jpg,"Jean-Marc a été arrêté ! Pas étonnant, il n’a pas pu s’empêcher d’aller vanner la Première Dame des Etats-Unis… menotté, il est retenu au commissariat. Grâce à un moment d’égarement d’un policier trop gourmand, Jean-Marc va tout de même réussir à s’échapper et rejoindre Jeff sur scène. C’est lors de cette course poursuite effrénée entre Jean-Marc et les forces de l’ordre que Jeff va nous présenter Jacky, le technicien et Nabilouche, la petite amie de Jean-Marc. Mais comme Jean-Marc restera toujours Jean-Marc, il va très vite bousculer tout ce que Jeff avait prévu… Jean-Marc a-t-il dit toute la vérité ? Jeff va-t-il réussir à le garder sur scène avec lui ? Qui a donc bien pu écrire ce pitch incompréhensible ? Toutes les réponses dans ce deuxième spectacle qui n’en finira pas de vous surprendre…"
1477170,/8b4pjaQTspOOacfB6bGYFy8BCda.jpg,"Anne profite enfin de sa liberté après le départ de ses enfants. Mais tout bascule quand sa fille Louise, revient vivre chez elle après un échec professionnel et sentimental. Et comme une surprise n’arrive jamais seule, son fils Théo lui annonce qu’elle va devenir grand-mère ! Entre chocs générationnels, rêves en mutation et nouveaux élans amoureux… Anne comprend que la vie ne suit jamais tout à fait le plan prévu, et qu’à tout âge, on continue toujours d’apprendre à grandir."
1290436,/j4p4TaoK4LrlLgCK0m0pBUT5CcB.jpg,"Shaï et Djeneba ont 20 ans et sont amies depuis l’enfance. Cet été là, elles sont animatrices dans une colonie de vacances. Elles accompagnent dans la Drôme une bande d’enfants qui comme elles ont grandi entre les tours de la Place des Fêtes à Paris. À l’aube de l’âge adulte, elles devront faire des choix pour dessiner leur avenir et réinventer leur amitié."
1383289,/gkg8DnHsMhRhO2IkQAmWnU2RHtD.jpg,"À 29 ans, Laurent cherche un sens à sa vie. Sans travail ni logement, il atterrit dans une station de ski déserte hors-saison et s’immisce dans la vie des rares habitant·es qu’il rencontre. Quand les touristes arrivent avec l’hiver, Laurent ne peut plus repartir."
1477279,/8KMfH8AqCrfg7nK1jcP7LoBOMZh.jpg,"Lancé dans une course effrénée vers le succès, un comédien biscornu abandonne ses plus fidèles alliés. Seul face à lui-même, une vision troublante le percute. Direction le Pérou pour une aventure spirituelle."
325844,/2qW5bsYI2RjduaJhUz3U6extqNb.jpg,"Les pires profs de France débarquent en Angleterre pour une mission ultra-secrète. Avec Boulard, le roi des cancres, ils sont parachutés dans le meilleur lycée du pays et vont appliquer leurs célèbres méthodes sur la future élite de la nation. L'enjeu est énorme : de leur réussite dépendra l'avenir du Royaume tout entier...  Cette année : aux meilleurs élèves, les pires profs quand même !!!"
1002109,/2HD9MuSt5Fk6i7uAgI3m75VATjk.jpg,"Paris, années 80. Le trafic d’héroïne envahit la capitale. Un duo de flics à l’ancienne Yvon Kastendeuch et Johnny Lansky tient encore la baraque… jusqu’à ce que ce dernier se fasse descendre. Pour faire tomber le réseau, Yvon est propulsé à la tête d’une unité expérimentale : la Police Flash 80. Il va devoir désormais faire équipe avec des jeunes recrues aux méthodes modernes, loin de ses habitudes de mâle dominant fan de Sardou et d’andouillette."
170522,/lhB8cU7sHMy4ibKHVn67YcP4dI.jpg,"Nous sommes en 50 avant Jésus‐Christ ; toute la Gaule est occupée par les Romains… Toute ? Non ! Car un village peuplé d’irréductibles Gaulois résiste encore et toujours à l’envahisseur. Exaspéré par la situation, Jules César décide de changer de tactique : puisque ses armées sont incapables de s’imposer par la force, c’est la civilisation romaine elle‐même qui saura séduire ces barbares gaulois. Il fait donc construire à côté du village un domaine résidentiel luxueux destiné à des propriétaires romains : « Le Domaine des Dieux ». Nos amis gaulois résisteront‐ils à l’appât du gain et au confort romain ? Leur village deviendra‐t‐il une simple attraction touristique ? Astérix et Obélix vont tout faire pour contrecarrer les plans de César."
1501523,/4GsGpZ2eLQcJChmeBueEpkHBUqP.jpg,"Fanny, 30 ans, enceinte, n’en peut plus de vivre chez son père avec Virgil, son compagnon, champion de la procrastination. Alors quand elle tombe sur une offre en or : un appartement « parquet, moulures, cheminées » en viager dans Paris, elle fonce tête baissée. Mais Masséna, la vendeuse, est tout sauf mourante… Bien décidée à récupérer les clés de sa nouvelle vie, Fanny s’engage dans une guerre sans pitié contre l’arnaqueuse professionnelle."
342281,/eRpC9LBQtLh8upB2lozGJtej7nL.jpg,"Paul‐André est un homme timide et plutôt introverti. Riche mais seul, il s’ennuie profondément et finit par conclure que ce dont il a besoin, c’est d’une famille. Violette, jeune femme pleine de peps, est menacée d’expulsion et a peur de perdre la garde de ses deux enfants. Paul‐André lui propose alors de louer sa famille, en tout bien tout honneur, contre le remboursement de ses dettes, pour qu’il puisse enfin goûter, à l’essai, aux joies de la vie familiale ! Pour le meilleur et pour le pire…"
299715,/4hFczO5WuLSAZYZlbXAJIwVJZ5n.jpg,"Charlotte et Micha sont jeunes et amoureux. Ils viennent de s’acheter une maison près de Lille pour y filer le parfait amour. Mais depuis quelques mois, Charlotte trompe Micha avec Mélodie…"
30273,/cffHkXRfOCTKZKedpM6hCICE2NH.jpg,"Comme ses 3 premiers, ce nouveau spectacle est autobiographique. Avec un titre tiré de la fameuse chanson pour enfants, le spectacle tourne autour du thème de la paternité et de l'éducation, mais pas seulement! Gad fait aussi place à la musique grâce au piano, la guitare, les percussions, des parodies et même des révisions de chanson! En bref, c'est l'homme moderne, dans lequel tout le monde se reconnaît."
1471224,/5FHAlQPHFyJEIN1UOxsADog1KUy.jpg,"Colette, professeure de cinéma spécialisée dans l’œuvre de Hitchcock, soupçonne son nouveau voisin d’en face d’avoir tué sa femme. Réalité ou déformation professionnelle ? Son mari, François, écrivain de romans historico-policiers un peu désuets, est d’abord sceptique face à l’obsession de Colette pour ce prétendu crime. Il se laisse cependant embarquer dans cette enquête rocambolesque, et, à mesure que les indices s’accumulent et que le mystère s’épaissit, ce couple ordinaire se transforme en duo de détectives hors pair. Alors, y a-t-il vraiment eu un crime au 3 e étage ?"
337677,/cbrnJVYbGAoRtI6KQYpyGTCfHFF.jpg,"Les aventures débridées de deux ados un peu à la marge : le petit ""Microbe"" et l'inventif ""Gasoil"". Alors que les grandes vacances approchent, les deux amis n'ont aucune envie de passer deux mois avec leur famille. A l'aide d'un moteur de tondeuse et de planches de bois, ils décident donc de fabriquer leur propre ""voiture"" et de partir à l'aventure sur les routes de France..."
341742,/1KQjT2OA7LIi2EVM2HzRU3WkHSU.jpg,"Cinq amis depuis plus de trente ans, ayant renoncé depuis longtemps à leurs rêves d'adolescents, découvrent un beau jour que le plus assagi de la bande plaque tout pour faire son tour du monde en bateau. En comprenant ce que cache cette décision soudaine, cela réveille leurs plus vieux rêves. Où sont passés leurs 20 ans ? Ceux de l'époque où ils voulaient tout casser..."
344475,/hljC0W0qFadJ8HilKOFpEDHzGLU.jpg,"Deux amis d’enfance, qui s’étaient perdus de vue depuis le lycée, se retrouvent et partent en quête de leurs souvenirs."
332812,/kIS2xmCZgEL0pWlhuv1cyZllVkw.jpg,"Max, Paul et Simon sont amis depuis 35 ans. Une amitié joyeuse, assidue et sans nuage. Si leur vie professionnelle est une réussite, le bilan de leur vie privée est plus mitigé. Un soir, nos trois amis ont rendez-vous chez Max pour une partie de cartes. Simon apparaît anéanti, et raconte qu’il s’est disputé avec Estelle son épouse et que dans un accès de colère, il l’a étranglée. Max et Paul sont saisis d’effroi. Surtout quand Simon les supplie de lui fournir un alibi afin qu’il puisse échapper à la prison. Max et Paul hésitent. Mentir à la justice ou dénoncer leur meilleur ami ?"
1559058,/8qfNMf5r7UhwTkgKkDsZ7jROzr4.jpg,"L’aventure rocambolesque de deux hommes cassés par la vie qui redécouvrent ensemble un bonheur inattendu, simple…  Sauront-ils s’en satisfaire ? Nul n’est jamais sûr d’être vraiment heureux, et se poser la question, c’est déjà gâter la réponse."
295087,/8CQa9RqPUmAFGKk9d8U17CgyDRR.jpg,"Serge Renart, un journaliste TV devenu has-been et Natacha Bison, une reporter de guerre écartée du métier parce que trop dangereuse pour ses collègues, se retrouvent obligés d’enquêter ensemble sur une affaire qui les mènera en Thailande à la recherche d’un des secrets les mieux gardés de l’histoire contemporaine.... Que s’est-il réellement passé pendant la retransmission télévisuelle de la mission Apollo 11, où pour la première fois, l’homme a posé le pied sur la Lune ?"
359805,/kIIpIyEHAViLp4Ib048wdIaGk1w.jpg,"Au cœur de l'été, Caroline, parisienne et mère de famille d'une quarantaine d'années, débarque dans un petit village du sud de la France. Elle doit organiser dans l'urgence les funérailles de sa mère, avocate volage, qu'elle ne voyait plus guère.  Elle est accueillie par Pattie qui aime raconter à qui veut bien l'écouter ses aventures amoureuses avec les hommes du coin.  Alors que toute la vallée se prépare pour les fameux bals du 15 août, le corps de la défunte disparaît mystérieusement."
386794,/3ESqzscOTme13fTWZczZyzNoPm5.jpg,"Un jour que Solange est à étudier les moutons de poussières de son appartement, on sonne. Un livreur prétend détenir un colis à son attention. Pourtant Solange est formelle : c’est impossible. Le malentendu s’intensifiant, Solange s’écroule. Lorsqu’un médecin suggère que quelqu'un veille sur elle pour la nuit, son propriétaire se dévoue. Mais rappelé à ses activités, il décide de recruter un nouveau veilleur... Une véritable chaîne humaine va alors se mettre en place pour ne plus laisser Solange à son isolement, car il semble bien que cette thérapie relationnelle lui soit bénéfique…"
352188,/j45B59781XXFYvpJBhHvkPdA70i.jpg,"Hanna a 30 ans, beaucoup de charme et ne sait pas dire non : elle est atteinte de la névrose de la gentillesse. Ce drôle de syndrome familial touche aussi son père, Omar, ""épicier social"" et sa mère, Simone, ""psy à domicile"". Avec son frère Hakim, focalisé sur ses racines algériennes et sa religion, le courant ne passe plus vraiment. Mais un événement imprévu oblige Hanna et Hakim à se retrouver..."
330333,/kv332xTDoaKunXac1FA7J0g2Jpz.jpg,"Vital, 40 ans, travaille comme chef d’atelier dans une usine textile. Il est choisi comme « cobaye » par Alix, 25 ans, venue réaliser une étude ergonomique dans l’entreprise de son père sous couvert d’anonymat. La fille du patron est rapidement sous le charme de cet ouvrier réservé et secret qui s’ouvre peu à peu à son contact et se met à rêver d’une autre vie…"
364137,/aPYtRdJwt85OgZIUBZ5tHgmfyCO.jpg,"D’un petit village du sud de l’Iran aux cités parisiennes, Kheiron nous raconte le destin hors du commun de ses parents Hibat et Fereshteh, éternels optimistes, dans une comédie aux airs de conte universel qui évoque l’amour familial, le don de soi et surtout l’idéal d’un vivre-ensemble."
360994,/a7iQ0esAVypdOwLdF6TnTDJ7M2q.jpg,"Gabrielle élève seule sa fille Claire. A 17 ans, celle-ci est enceinte de Simon qui refuse de se voir imposer ce bébé. Gabrielle prend les choses en main et décide de demander de l'aide au père de Simon. Elle débarque donc dans le bureau d'Ange, mais celui-ci, célibataire endurci et grand séducteur, n'a jamais assumé sa paternité et n'a aucune intention de le faire. C’est une première rencontre explosive, mais Gabrielle ne manque pas de charme, ni de détermination."
345594,/vRcfKQxCmqAohFgnI4IJ3Jg3okV.jpg,"Quatre rockers barbus, chevelus — et belges — enterrent le chanteur de leur groupe. Par amitié et pour se prouver que rien ne peut les arrêter, ils décident de partir en tournée à Los Angeles avec ses cendres. La veille du départ, un militaire moustachu se présente comme l’amant de leur ami. Leur voyage prend un tour pour le moins inattendu…"
319341,/aKnulNOco8MmjsYsRDWh9uir6RA.jpg,"Florence et Vincent Leroy ont tout réussi. Leurs métiers, leur mariage, leurs enfants. Et aujourd’hui, c’est leur divorce qu’ils veulent réussir. Mais quand ils reçoivent simultanément la promotion dont ils ont toujours rêvé, leur vie de couple vire au cauchemar. Dès lors, plus de quartier, les ex-époux modèles se déclarent la guerre : et ils vont tout faire pour NE PAS avoir la garde des enfants."
369770,/jyZgRInIz636h66AViMIvmYJnQJ.jpg,"Au cœur de la Drôme provençale, Louise élève seule ses deux enfants et tente de préserver l'exploitation familiale. Un soir, elle manque d'écraser un inconnu au comportement singulier. Cet homme se révèle vite différent de la plupart des gens. Et sa capacité d'émerveillement pourrait bien changer la vie de Louise et de sa famille."
389044,/g4lmmhW5P0zIgBZrjka8HWGcn9z.jpg,"Samir, la quarantaine dégingandée, grutier à Montreuil, tombe raide dingue d’Agathe. Comme elle est maître-nageuse à la piscine Maurice Thorez, il décide, pour s’en approcher, de prendre des leçons de natation avec elle, alors qu’il sait parfaitement nager. Mais son mensonge ne tient pas trois leçons, or Agathe déteste les menteurs ! Choisie pour représenter la Seine-Saint-Denis, Agathe s’envole pour l’Islande où se tient le 10ème congrès international des maîtres-nageurs. Morsure d’amour oblige, Samir n’a d’autre choix que de s’envoler à son tour..."
342149,/mWMojbLJaCSksdCUPhcvj8bJDzT.jpg,"Sam, au chômage et pom-pom girl à ses heures, se bat pour conserver la garde de sa jeune sœur et pour arrondir les fins de mois difficiles. Avec Céline, sa colocataire et meilleure amie, elles imaginent toutes les solutions pour s’en sortir – du téléphone rose à l’art floral – jusqu’au jour où un couple inattendu vient sonner à leur porte…"
340361,/9i91hzKVphqDPFUc8roQWygP5pZ.jpg,"A 80 ans, Claude Lherminier n’a rien perdu de sa prestance. Mais il lui arrive de plus en plus souvent d’avoir des oublis, des accès de confusion. Un état qu’il se refuse obstinément à admettre. Carole, sa fille aînée, mène un combat de tous les instants pour qu’il ne soit pas livré à lui‐même. Sur un coup de tête, Claude décide de s’envoler pour la Floride. Qu’y a‐t‐il derrière ce voyage si soudain ?"
343702,/pWNSS9YpZzmvv47NwQJuxtqSp9V.jpg,"Michel, la cinquantaine, est passionné depuis toujours par les avions. Un jour, il tombe en arrêt devant des photos de kayak qui lui font penser à un avion. C'est le coup de foudre. En cachette de sa femme, il achète un kayak et part sur une jolie rivière inconnue."
336652,/jK3sNUcuQUZl2y0LByyggZ4XfdD.jpg,"Clément, figurant de cinéma, est fou amoureux de Mona, vendeuse dans une sandwicherie de la gare du Nord. Mais Mona a un secret, qui la rend insaisissable. Quand Clément désespère d’obtenir ses faveurs, son seul et meilleur ami, Abel, vient l’aider. Ensemble, les 2 amis se lancent dans la conquête de Mona."
329809,/mrFW4aVoi907k2rBBg0NbctnRbB.jpg,"Xavier Racine est un président de cour d’assises redouté. Aussi dur avec lui qu’avec les autres, on l’appelle « le Président à deux chiffres ». Avec lui, on en prend toujours pour plus de dix ans. Tout bascule le jour où Racine retrouve Birgit Lorensen-Coteret. Elle fait partie du jury qui va devoir juger un homme accusé d’homicide. Six ans auparavant, Racine a aimé cette femme. Presque en secret. Peut-être la seule femme qu’il ait jamais aimée."
380830,/ttsEDwS5xIH40XTlCKtvyDOJZ1c.jpg,"Sam et Stéphane, deux amis d'enfance, conçoivent avec passion des skis haut de gamme. Soumise à une rude concurrence, leur entreprise est en péril. Pour la sauver, ils se lancent dans un pari fou : qualifier Sam aux Jeux d'hiver sous la bannière du pays d’origine de son père, l'Algérie. Au-delà de l'exploit sportif, ce défi improbable va pousser Sam à renouer avec ses racines."
375898,/4hYp09l6CmNyiW0Czwg6St2j9bd.jpg,"Les Guilby Lacourt forment une famille recomposée typique de notre époque. Entre père, belle-mère, petite sœur, frère, demi-sœur, ou encore demi-oncle, ils ont parfois du mal à s’y retrouver ! Un soir, ils apprennent la mort d'un grand-père avec qui ils ont coupé les ponts depuis une dizaine d'années. Fatalement voués à cohabiter le temps d'un long voyage pour se rendre à son enterrement, ils vont tous très vite devoir s'adapter au concept du ""vivre ensemble"" dans l'espace exigu de la voiture familiale. Pour le meilleur et pour le pire !"
372640,/xTENwzN3RmWjCwfijxjk2mFJsPb.jpg,"Monsieur Sim n’a aucun intérêt. C’est du moins ce qu’il pense de lui‐même. Sa femme l’a quitté, son boulot l’a quitté et lorsqu’il part voir son père au fin fond de l’Italie, celui‐ci ne prend même pas le temps de déjeuner avec lui. C’est alors qu’il reçoit une proposition inattendue : traverser la France pour vendre des brosses à dents qui vont « révolutionner l’hygiène bucco‐dentaire ». Il en profite pour revoir les visages de son enfance, son premier amour, ainsi que sa fille et faire d’étonnantes découvertes qui vont le révéler à lui‐même."
336199,/rzMW3vJLvfFwMHlTXQRJBl7eamo.jpg,"L'ascenseur d'un immeuble HLM tombe régulièrement en panne. Ce problème, ainsi que divers événements inattendus, ont un impact sur les résidents de l'immeuble : nous suivons quelques jours de la vie de certains d'entre eux : Sternkowitz du 1e étage, le jeune Charly, Jeanne, une comédienne ayant eu son heure de gloire, et Mme Hamida, une mère algérienne chaleureuse"
339186,/kP2CKhWex9YAsI1hrdrr5W3ybe6.jpg,"Après une soirée trop arrosée et une nuit inoubliable avec une inconnue, Manu se réveille seul avec un message sur son bras lui donnant rendez-vous à Avignon. Persuadé qu’il s’agit de la femme de sa vie, il est prêt à tout pour la retrouver. Manu embarque, malgré lui, son pote Fred sur la route. Ce qui semblait être une simple virée entre amis va vite tourner à la catastrophe…"
384112,/jbYyGrDIssr5Y5D8yVvOiBq0tmf.jpg,"Antoine, bientôt quarantenaire, dilettante, égoïste et insatisfait ne s’est jamais réellement senti investi d’une mission pour s’occuper de ses filles, âgées de 5 et 9 ans. Infantilisé par sa femme Alice, Antoine n’arrive pas à trouver sa place dans son foyer et décide subitement de la quitter pour une histoire sans lendemain. Lorsqu’Alice lui confie leurs filles quelques jours par surprise, Antoine va se retrouver sur un continent inconnu. Et alors qu’il était incapable d’assumer son rôle de père à l’intérieur du noyau familial, il va finir par devenir une véritable « mère juive ». Après avoir quitté sa femme par nostalgie de sa liberté d’antan, le nouvel Antoine va se retrouver confronté à une nouvelle nostalgie, celle de sa vie de famille…"
331836,/aZ7JWKenzR28H4bCgFJwdCuHovW.jpg,"Franck, Sonia, Sam, Ernest, Alex et Estelle s’envolent pour le Brésil. Ils se rendent en vacances à l’hôtel d’Alain, le père de Sonia. Franck va profiter de ce voyage entre amis pour la demander en mariage. À l’hôtel, ils sont accueillis par Alain et Yolande, la grand-mère acariâtre de Sonia. Les garçons organisent une excursion dans la jungle avec un guide chevronné. Alain leur confie Yolande de peur qu’elle ne trouble le processus de remise du « label éco VWF ». Le soir, les garçons ne sont pas revenus. Ils ont disparu avec la grand-mère et le guide. Le lendemain matin, la caméra GoPro avec laquelle ils étaient partis est retrouvée…"
415034,/hKsQRJrEBdNWpHklNnm0uiKjz1Y.jpg,"Laura, Eve, Anouch et Yaël sont quatre cousines, très différentes et très attachantes, qui ont un point commun : elles mentent, mais toujours par amour ! Quand les trois premières découvrent quelques semaines avant le mariage de leur petite cousine que son fiancé parfait la trompe, elles votent à l’unisson « Faut pas lui dire » !"
384589,/64wd1v3gS1An9D8qRrrJJ5W6mtd.jpg,"""Marie est dangereuse"" , a prévenu Antoine. Ce qui n'a pas empêché Siméon de tout lâcher, ou plus exactement pas grand-chose, pour la suivre en secret. Oscar, son co-locataire somnambule et musicien, et Antoine, le romancier en mal d'inspiration, lui ont vite emboîté le pas. Les voilà au bout de la Terre, c'est-à-dire sur une île. Il est possible que ces quatre-là soient liés par quelque chose qui les dépasse. Peut-être simplement le goût de l’aventure. Ou l'envie de mettre du romanesque dans leur vie..."
381353,/5e3H1yEBARJ1RkV8r0AXCnOadmO.jpg,"Vincent Machot connaît sa vie par cœur. Il la partage entre son salon de coiffure, son cousin, son chat, et sa mère bien trop envahissante. Mais la vie réserve parfois des surprises, même aux plus prudents...  Il croise par hasard Rosalie Blum, une femme mystérieuse et solitaire, qu'il est convaincu d'avoir déjà rencontrée. Mais où ?  Intrigué, il se décide à la suivre partout, dans l'espoir d'en savoir plus. Il ne se doute pas que cette filature va l’entraîner dans une aventure pleine d’imprévus où il découvrira des personnages aussi fantasques qu’attachants. Une chose est sûre : la vie de Vincent Machot va changer…"
359538,/c8hJX328M9mTtVzCxoZuXRNyVr4.jpg,"Au fin fond d'une Bretagne de légendes, le fantôme d'Aliénor de Canterville est condamné à hanter le château de sa famille et à en faire fuir tout nouvel habitant. Elle remplit cette mission à merveille, aidée de Gwilherm, son fidèle serviteur. Mais lorsque les Otis, une famille fuyant la vie parisienne, achètent le château, Aliénor se désole car elle n'arrive pas à effrayer cette tribu du XXIème siècle... Pire : les enfants la ridiculisent et les parents l'ignorent ! Seule Virginia Otis, âgée de quinze ans, émue par le sort du fantôme de Canterville, cherchera à la délivrer de la malédiction qui pèse sur elle…"
325848,/1942l09BWLWoFGkIOd7fiviNf3d.jpg,"Camilla, 30 ans, se rend compte qu'elle n'a pas la vie qu'elle mérite et décide que le seul destin à sa hauteur est celui d'une altesse royale."
334878,/4zSCpdIbs5haF5K69MYDRsQeu7S.jpg,"Lui est inventeur de casse-têtes. Investi corps et âme dans son travail, il ne peut se concentrer que dans le silence. Elle est une pianiste accomplie et ne peut vivre sans musique. Elle doit préparer un concours qui pourrait changer sa vie. Ils vont devoir cohabiter sans se voir..."
369772,/ySC4OKzIe7y0ITGni26OxzsEH6J.jpg,"Un homme, un téléphone portable, plusieurs millions d’euros dérobés, une quarantaine d’établissements bernés. Drogué à l’adrénaline que ses arnaques lui procurent, Gilbert Perez manipule et trompe ses victimes avec brio en se faisant passer tour à tour pour leur président puis un agent de la DGSE. Il rêve d'offrir à sa femme Barbara une vie normale, mais insatiable et sans limite, sa folie le mènera à sa perte."
402907,/vVeuJYiy2bIXqlpu0GsZnVU0Oa9.jpg,"Jacques habite une petite ville dont tous les habitants ont été mis sur la paille suite à un licenciement boursier. L’usine a fermé, sa copine est partie et les dettes s’accumulent. Alors quand le bookmaker mafieux du coin, lui propose de tuer sa femme, Jacques accepte volontiers…"
366564,/jhZtyj9BYECjWVRKUJPQCNNYsMM.jpg,"Après une dizaine d’années de non-productivité, Orel et Gringe, la trentaine, galèrent à écrire leur premier album de rap. Leurs textes, truffés de blagues de mauvais goût et de références alambiquées, évoquent leur quotidien dans une ville moyenne de province. Le problème : impossible de terminer une chanson. A l’issue d’une séance houleuse avec leurs producteurs, ils sont au pied du mur : ils ont 24h pour sortir une chanson digne de ce nom. Leurs vieux démons, la peur de l’échec, la procrastination, les potes envahissants, les problèmes de couple, etc. viendront se mettre en travers de leur chemin. Chemin qu’ils n’avaient de toute façon pas pris dans le bon sens…"
358725,/noVXLOErW3yVZtlwihMyyjY0w1F.jpg,"Tous les ans, Bruno fait la route des vins… sans quitter le salon de l’Agriculture ! Mais cette année, son père, Jean, venu y présenter son taureau champion Nabuchodonosor, décide sur un coup de tête de l’emmener faire une vraie route des vins afin de se rapprocher de lui. Et s’ils trinquent au Saint-Amour, ils trinqueront bien vite aussi à l’amour tout court en compagnie de Mike, le jeune chauffeur de taxi embarqué à l’improviste dans cette tournée à hauts risques entre belles cuvées et toutes les femmes rencontrées au cours de leur périple…"
369781,/4DcYje54hmBsH3HK06PmMXp4fAu.jpg,"Ben Perez, atteint d'un cancer à la suite de l'explosion d'une usine de produit chimiques, dont les propriétaires n'ont pas dédommagé les autres victimes, n'a plus que quelque temps à vivre. Son grand frère, Léo, décide, avec ses deux meilleur amis, Franck et Lounès, de réaliser son plus grand rêve : faire un braquage, un faux bien entendu. Cependant, le jour J, le groupe se trompe de banque à cause d'un malentendu avec le GPS du taxi d'un des deux amis et le faux braquage devient un vrai hold-up. Rapidement en cavale, le groupe décide, aidé de Ana, une connaissance, de continuer les vols, devenant des ""Robin des Banques"", pour pouvoir le donner à une association voulant dédommager les autres victimes de l'accident. Devenant des héros nationaux aux yeux du public et des criminels pour la police, le groupe va tout faire pour affronter les divers obstacles se trouvant sur son chemin."
396920,/lUPdRDYt6KaoFQijTtt6Ei0VyxN.jpg,"Thomas et Thomas cumulent les difficultés. En effet, ils sont trentenaires, parisiens et comédiens... Un jour, ils décident de s'envoler pour Kullorsuaq, l'un des villages les plus reculés du Groenland où vit Nathan, le père de l'un d'eux. Au sein de la petite communauté inuit, ils découvriront les joies des traditions locales et éprouveront leur amitié."
589978,/u3QADuxXvHrddLGBAWmQdaFfXAw.jpg,"Forcé de fuir son Bangladesh natal, le jeune Fahim et son père quittent le reste de la famille pour Paris. Dès leur arrivée, ils entament un véritable parcours du combattant pour obtenir l’asile politique, avec la menace d’être expulsés à tout moment. Grâce à son don pour les échecs, Fahim rencontre Sylvain, l’un des meilleurs entraîneurs d’échecs de France. Entre méfiance et attirance, ils vont apprendre à se connaître et se lier d’amitié. Alors que le Championnat de France commence, la menace d’expulsion se fait pressante et Fahim n’a plus qu’une seule chance pour s’en sortir: être Champion de France."
434273,/gtmeAIvyfpYYH7aVqPoExYjRawm.jpg,"Pierre, veuf et retraité, ne sort plus de chez lui depuis deux ans. Il découvre les joies d'internet grâce à Alex, un jeune homme embauché par sa fille pour lui enseigner les rudiments de l'informatique. Sur un site de rencontre, une ravissante jeune femme, Flora63, séduite par le romantisme de Pierre, lui propose un premier rendez-vous. Amoureux, Pierre revit. Mais sur son profil il a mis une photo d’Alex et non la sienne. Pierre doit alors convaincre le jeune homme de rencontrer Flora à sa place."
366514,/g3s9hIZhMoeJmMwSYSwTp5fsKkv.jpg,"Diane, une avocate, fraîchement célibataire, reçoit un appel d’Alexandre, un architecte charmant qu’elle n’avait jamais rencontré, et qui va l’aider à retrouver son téléphone égaré. Lorsqu’ils se rencontrent, le rendez‐vous prend un tour inattendu."
371865,/9xvLcKQ4Iup89zbIsCCakaWTQ4q.jpg,"Été 1910, baie de la Slack dans le Nord de la France. De mystérieuses disparitions mettent en émoi la région. L’improbable inspecteur Machin et son sagace adjoint Malfoy (mal)mènent l’enquête. Ils se retrouvent, bien malgré eux, au cœur d’une étrange et dévorante histoire d’amour entre Ma Loute, fils ainé d’une famille de pêcheurs aux mœurs particulières et Billie Van Peteghem, la benjamine d’une famille de riches bourgeois Lillois décadents."
369780,/bpOkrfI5EjmGMFzNzKf1njACQPU.jpg,"Depuis 2 ans, Gilles (homme parfait, non-fumeur, bon-cuisinier, qui aime-les-chats) et Joséphine (fille attachiante, bordélique mais sympathique) s’aiment. Tout est parfait. Jusqu’à une nouvelle inattendue : ils seront bientôt 3. Ne pas devenir comme sa mère, garder son mec et devenir une adulte responsable, tout un tas d’épreuves que Joséphine va devoir affronter, avec Gilles… à leur manière."
354430,/fd4gbZktzxGqBaJV3OH42AsI9Kh.jpg,"Rémi, trente ans mène une vie plutôt tranquille. Il travaille dans une petite entreprise au nom original de « Chat va bien », il est amoureux de la fille de son patron. Mais une nuit, il rencontre son « double » avec qui il va devoir cohabiter et dont la présence semble ne pas étonner plus que ça son entourage. Cet alter ego, est-ce un ami, un ennemi, un frère, ou simplement la version dernier cri de Rémi ? Qui de la copie ou de l’originale triomphera sur l’autre ?"
392140,/t57LIV16tfqo0rNaqoAx5X5IaHs.jpg,"Julien, trentenaire bonne pâte et modeste, créateur d’applications pour smartphone, est fou d’amour pour Éva, journaliste dans la presse professionnelle. Après avoir accepté la demande en mariage de Julien, Éva est obligée de le présenter à ses parents qui résident sur l’île de Ré. Au cours d’un week-end de folles péripéties, Julien va faire exploser sa future belle-famille qui ne tenait que par des mensonges et des faux-semblants..."
384727,/kD6RGkd7oOjE0VpXmtI0Zq9ArYA.jpg,"L’ancien concepteur‐rédacteur Octave Parango de « 99 francs » s’est reconverti dans le « model scouting » à Moscou. Cet hédoniste cynique mène une vie très agréable dans les bras de jeunes mannequins russes et les jets privés de ses amis oligarques… jusqu’au jour où il est contacté par L’Idéal, la première entreprise de cosmétiques au monde, secouée par un gigantesque scandale médiatique. Notre antihéros aura sept jours pour trouver une nouvelle égérie en sillonnant les confins de la Russie post‐communiste, sous les ordres de Valentine Winfeld, une directrice visuelle sèche et autoritaire. Entre les réunions de crise à Paris, les castings à Moscou, une élection de Miss en Sibérie, une fête chez un milliardaire poutinien et une quête des « new faces » aux quatre coins de l’ex‐URSS, le fêtard paresseux et la workaholic frigide vont apprendre à se supporter et peut‐être même à se sauver."
384371,/9FpgQeSFHn0wR0ybetcJ20nQyGb.jpg,"Lorsqu’on est veuf depuis peu, il est difficile de s'habituer à sa nouvelle vie... C’est le cas d’Hubert Jacquin, qui passe le plus clair de son temps dans son immense appartement à déprimer devant sa télé. Un beau jour, suite à un quiproquo, sa vie va être bouleversée. Manuela, une jeune et pétillante baroudeuse à la recherche d’un logement s’invite chez lui! D’abord réticent, Hubert va vite s’habituer à la présence de cette tempête d’énergie, qui parvient même à le convaincre de loger deux autres personnes. Entre les errements de Paul-Gérard que sa femme a quitté et les gardes à l'hôpital de Marion la jeune infirmière un peu coincée, la vie en colocation va réserver à Hubert de nombreuses surprises…"
346564,/9tgtfMokj1Z6MtHDdRjCgQV55t0.jpg,"Ce film raconte une histoire vraie enfin révélée au public grâce à la reconstitution d'un incroyable puzzle d'archives de films X récemment déclassifiés par le FBI; ou comment, il y a quelques années, la Confédération Intergalactique vola au secours d'une Terre soudain prise d'une frénésie sexuelle généralisée."
395599,/cPMVS9aWrgOMBPQnA7ZTHxm8MWW.jpg,"Alors que Julie pense décrocher un CDI dans une fabrique d’escarpins de luxe, un plan social vient chambouler ses rêves de stabilité : entre lutter aux côtés d’ouvrières frondeuses ou bien faire profil bas, la jeune femme ne sait sur quel pied danser. Mais quand Samy, un camionneur aussi roublard que charmeur, vient prêter main forte au combat, ce n’est déjà plus la même chanson…"
354148,/dID4rltOMLC9lXIToiUtEnbSIi3.jpg,"Certaines ressemblances sont troublantes. Ainsi celle de ce vicomte guillotiné, pipe au bec, pendant la terreur, d'un aumônier militaire au torse tatoué comme un truand et baptisant à la chaîne des militaires, pilleurs et violeurs, avec un clochard parisien réduit à l'état de planche par un rouleau compresseur et finalement d'un concierge lettré – mais aussi trafiquant d'armes – d'un gros immeuble. Presque tous les personnages du film se croisent dans cet immeuble, sauf bien sûr les sans-abri que les flics transbahutent d'un lieu à l'autre sans ménagement. Et pourtant au milieu de tout ce chaos, il y a des espaces de rêve, des histoires d'amour, de solides amitiés qui peut-être nous permettent d'espérer que demain sera mieux qu'aujourd'hui."
369776,/lQKTIBaI8BrsWY7CPcB8jgvW4vE.jpg,"Les Tuche, une famille française modeste, voit leur vie changer après avoir gagné 100 millions d’euros au loto. Grâce à l’argent de ses parents, le benjamin de la fratrie, Donald, dit « Coin‐coin », part un mois à Los Angeles pour améliorer son anglais. C’est sur le campus de l’université de L.A. qu’il rencontre Jennifer, fille d’un célèbre financier américain. Impressionné par cette famille qui est l’opposé de la sienne, il se sent obligé de mentir sur les Tuche, persuadé que les deux familles ne se rencontreront jamais. Mais les Tuche débarquent à Los Angeles pour faire une surprise à Donald, et les choses ne vont pas se passer comme prévu, mais alors pas du tout."
391700,/aii8JNjXilKECZFX6Dm6RLuMnRz.jpg,"Bastien, 13 ans, est au centre d’une famille recomposée : 6 demi‐frères et sœurs, 8 « parents » et autant de maisons. Son emploi du temps familial est bien plus complexe que celui du collège… Trop c’est trop : les enfants décident de faire leur révolution et inversent les règles. Tous ensemble, ils squattent un grand appart ’, et ce sera désormais aux parents de se déplacer !"
382598,/onCQ5IhUEFuantJuoJE2JtlPiAq.jpg,"Une famille embarque dans son monospace flambant neuf, au petit matin, afin d’éviter les embouteillages pour les vacances d’été. Tom, le père, enclenche son régulateur de vitesse électronique sur 130 km/h. Au moment où une dernière bourde de Ben, le beau‐père, pousse Julia, excédée, à demander qu’on fasse demi‐tour, Tom s’aperçoit qu’il ne contrôle plus son véhicule. L’électronique de bord ne répond plus, la vitesse est bloquée à 130 km/h. Toutes les manœuvres pour ralentir la voiture emballée restent sans effet. Une voiture folle, six passagers au bord de la crise de nerfs et un embouteillage monstre qui les attend à moins de deux cents kilomètres de là…"
456768,/8kEmooUi8kSioxKr6rIths3M1gl.jpg,"L'histoire d'une jeune ouvrière psychorigide dont le seul repère dans la vie est son travail. Lorsqu'elle apprend que son usine fait l'objet d'une délocalisation sauvage, elle accepte, au grand étonnement de l'entreprise, de poursuivre son boulot en Inde. Accompagnée de deux collègues, elle va entreprendre un absurde périple en voiture jusqu'au bout du monde qui se transformera en une improbable quête personnelle."
380879,/l5iHl7G9TXtbijl2Nydi8vbPnCT.jpg,"Philippe Mars, ingénieur informaticien divorcé, essaye tant bien que mal de mener une vie tranquille, entre un fils collégien devenu subitement végétarien, une fille lycéenne obsédée par la réussite, une sœur artiste peintre aux œuvres terriblement impudiques et une ex‐femme qui bosse à la télé… L’irruption accidentelle de Jérôme, un collègue légèrement perturbé, achève de transformer son existence en chaos. Mais dans un monde qui a perdu la raison, la folie est‐elle vraiment si mauvaise conseillère ?"
400148,/cf9A3cPSjA1faiQmozSkN7jdo3d.jpg,"Rocky est employé dans un laboratoire pharmaceutique. Il n’existe dans le regard de personne. Un jour il décide de se rendre au bureau affublé d’un costume de hibou, personne ne réagit. Mais un jour, Rocky le hibou rencontre une Panda dans la rue. Ce sera pour lui le début d’un temps nouveau."
377853,/tppfmEYGHzLHD9CyOlZogTzu6rH.jpg,"Dans une plaine infinie balayée par le vent, Cochise et Gilou, deux inséparables chasseurs de primes, sont à la recherche d’un téléphone volé au contenu sensible.  Leur chemin va croiser celui d’Esther et Willy, un couple en cavale. Et si c’était la fin du monde ?  Dans cette petite ville perdue où tout le monde échoue, retrouveront-ils ce que la nature humaine a de meilleur ? Ce sont peut-être les derniers hommes, mais ils ne sont pas très différents des premiers."
395762,/lvqdwX5w22OnLbvamu05cmSPAWY.jpg,"Jacques et son fils Marc sont policiers et doivent retrouver un de leurs collègues enlevé par Claude Bracci, un redoutable gangster qui veut se servir de l'otage comme monnaie d'échange pour la libération de son fils, Cédric. Pour réussir sa mission, le duo doit convaincre l'avocat du bandit, maître Charles Perronet, de collaborer avec eux. Lorsque celui-ci s'inscrit dans un camp axé sur la psychothérapie père-fils, Jacques et Marc font de même et mettent de côté leurs différends afin d'obtenir la confiance de Me Perronet."
375895,/qPgxFN0hAjOLMZ3y74tTpENSW6J.jpg,"A sa sortie de prison, Dieumerci, 44 ans, décide de changer de vie et de suivre son rêve : devenir comédien. Pour y arriver, il s’inscrit à des cours de théâtre qu'il finance par des missions d'intérim. Mais il n'est pas au bout de ses peines. Son binôme Clément, 22 ans, lui est opposé en tout. Dieumerci va devoir composer avec ce petit ""emmerdeur"". Il l’accueille dans sa vie précaire faite d'une modeste chambre d'hôtel et de chantiers. Au fil des galères et des répétitions, nos deux héros vont apprendre à se connaître et s’épauler pour tenter d'atteindre l'inaccessible étoile."
408274,/bCatQ1aEkqAuDdNmNoG4KI9v0A0.jpg,"Une fille, un garçon. Elle aime la musique, lui aussi (mais pas la même). Ils se détestent, ils se croisent sans cesse. Et surtout : elle est aveugle, il voit parfaitement. Un jour, par provocation, il se fait passer pour aveugle auprès d'elle. Ce qui n'était qu'une mauvaise blague dure, l'amour arrive, la situation se complique, et la supercherie va devenir explosive."
382591,/1AoQQBmNRgOoavOeUisOPHKPDAF.jpg,"Samuel vit sa vie sans attaches ni responsabilités, au bord de la mer sous le soleil du sud de la France, près des gens qu’il aime et avec qui il travaille sans trop se fatiguer. Jusqu’à ce qu’une de ses anciennes conquêtes lui laisse sur les bras un bébé de quelques mois, Gloria: sa fille! Incapable de s’occuper d’un bébé et bien décidé à rendre l’enfant à sa mère, Samuel se précipite à Londres pour tenter de la retrouver, sans succès. 8 ans plus tard, alors que Samuel et Gloria ont fait leur vie à Londres et sont devenus inséparables, la mère de Gloria revient dans leur vie pour récupérer sa fille…"
375950,/8ftmqAWf9Z9s2YljwnRepqtg6DM.jpg,"Tous les habitants, dans ce coin de campagne, peuvent compter sur Jean‐Pierre, le médecin qui les ausculte, les soigne et les rassure jour et nuit, 7 jours sur 7. Malade à son tour, Jean‐Pierre voit débarquer Nathalie, médecin depuis peu, venue de l’hôpital pour le seconder. Mais parviendra‐t‐elle à s’adapter à cette nouvelle vie et à remplacer celui qui se croyait… irremplaçable ?"
392142,/47qB83tIFr9CuX6RHsTapk0W3Ls.jpg,"1939. Max et Léon, 25 ans, deux amis inséparables, totalement immatures et inconséquents, désertent leur bataillon dans le seul but de regagner Mâcon, retrouver leur petite vie tranquille et boire du Chablis. Mais plus ils cherchent à fuir, plus leur petite histoire se retrouve liée à la grande... au point d'aider au débarquement sur les plages de Normandie !"
427890,/aV8TagGQNONiG08d5sO3mHzeymN.jpg,"Dans la famille d’Enguerrand, petit garçon adopté d’origine africaine, rien ne se fait comme ailleurs ! Son père, Eliot, assume si peu d’être un père adoptif qu’il bassine son fils à longueur de journée sur ses origines africaines. Pour sa mère, Ava, Eliot en fait trop : trop aimant, trop étouffant… Une nuit, Enguerrand croise le chemin d’un migrant, Kwabéna, à la peau noire comme la sienne. Pour lui, c’est sûr, il s’agit de son père biologique ! Il décide donc de l’héberger dans sa chambre, à la grande surprise de ses parents… De péripéties en rebondissements, l’aventure pourrait bien souder la famille comme jamais."
416854,/jF6zaUBS8HDdXMDbsCOUtnZGE0G.jpg,"Le test est positif !  Nicole, 49 ans, est enceinte. Catastrophe ou bonne nouvelle ?  Toute la famille est sens dessus dessous."
383869,/nAVRxYsTgr8bnsTFda8wPCgDE77.jpg,"On aime tous nos parents, mais de là à retourner vivre chez eux quand on est adulte, c’est une autre histoire… Une histoire que vivent chaque année plus de 400 000 français qui suite à un divorce ou des problèmes d’argent sont obligés de regagner l’ancien domicile familial.  C’est cette expérience intense que va vivre Stéphanie : d’abord confrontée à une mère aimante mais envahissante puis à ses frères et sœurs qui vont faire ressurgir les rancœurs et les griefs du passé. Le cocon familial idéalisé se transforme en une poudrière bien réelle. Mais il est des explosions salutaires… Bienvenue dans un territoire hostile, inattendu, savoureux et plein de secrets : la famille !"
398366,/wVkwOeFZ6255wiL0eqdqX3vTeSF.jpg,"Marie est une adolescente passionnée de violoncelle et très douée à l'école. Victor est un garçon sympathique, dynamique, mais qui connaît quelques difficultés scolaires. Ignorant que Marie est en train de perdre la vue, Victor tombe amoureux d'elle. Et petit à petit, à sa grande surprise, Marie se met à l'aider... Lorsque Marie lui révèle son secret, un pacte est conclu entre les deux adolescents : Victor l'aide à cacher son état afin qu'elle puisse passer le concours d'entrée au conservatoire. Une amitié indéfectible va naître de ce duo improbable, prêt à tout pour faire front face au reste du monde."
415032,/lpjQjfcg5hufZ27AMzeYyAwWSnt.jpg,"Denis Patar est un père aimant mais débordé qui se débat seul avec l’éducation de ses filles, Janis 13 ans et Mercredi 9 ans, deux boulots et une bonne dose de système D. Un soir Denis oublie, une fois de trop, Mercredi à la sortie de l’école. Une enquêtrice sociale passe alors le quotidien de la famille Patar à la loupe et oblige Denis à un « stage de parentalité ». Désormais les Patar vont devoir rentrer dans le rang…"
366548,/sO1L1imez0iS1Alrhgir23b9nVn.jpg,"Un matin, Lily et ben se réveillent côte à côte dans des corps qui ne sont pas les leurs. Et Magalie, une petite fille dans le corps d'un grand barbu, les attend dans la chambre d'ami. C'est le début d'une aventure rocambolesque, parfois parcours initiatique, où les corps et les identités s'inverseront au gré d'une simple accolade."
421447,/jxmnYUawdlSUctpN1JJ9wvE47ZH.jpg,"« Pour toi, je pourrais gravir l’Everest ! » Samy aurait mieux fait de se taire ce jour-là… D’autant que Nadia ne croit pas beaucoup à ses belles paroles. Et pourtant… Par amour pour elle, Samy quitte sa cité HLM et part gravir les mythiques 8848 mètres qui font de l’Everest le Toit du monde. Un départ qui fait vibrer ses copains, puis tout le 9-3 et c’est bientôt la France entière qui suit avec émotion les exploits de ce jeune mec ordinaire mais amoureux. A la clé, un message d’espoir : à chacun d’inventer son avenir, puisque tout est possible."
427955,/j5RJ3soQFc8p3Tc1poNKm8F4Wbo.jpg,"Mathias Lonisse, créateur de la société Love is dead, est un artisan de la séparation amoureuse.  Il est mandaté pour rompre à la place de celles et ceux qui pour une raison ou une autre préfèrent s’éviter cette tâche bien souvent pénible et délicate.  Mathias assume parfaitement son métier, et effectue chaque mission avec un grand sens du professionnalisme, jusqu’au jour où maman décide de quitter papa…"
432087,/7ufYH6THjpZUmYbT9ygwvD7z61C.jpg,"Jean a quitté sa famille et sa Bourgogne natale il y a dix ans pour faire le tour du monde. En apprenant la mort imminente de son père, il revient dans la terre de son enfance. Il retrouve sa sœur, Juliette, et son frère, Jérémie. Leur père meurt juste avant le début des vendanges. En l’espace d’un an, au rythme des saisons qui s’enchaînent, ces 3 jeunes adultes vont retrouver ou réinventer leur fraternité, s’épanouissant et mûrissant en même temps que le vin qu’ils fabriquent."
415036,/fEH20nWuzDJqS34OU9mf1ZjO2rV.jpg,"Luigi a une nuit pour sauver son théâtre. Une nuit pour trouver un singe capable de monter en scène et récupérer l'estime de son metteur en scène japonais; une nuit pour regagner la confiance de son équipe et le respect de sa meilleure amie qui est aussi sa plus proche collaboratrice; et pour démontrer à la jeune stagiaire de sciences-po, tellement pétrie de certitudes, qu'il existe aussi d'autres façons dans la vie d'appréhender les obstacles. Leurs pérégrinations dans un Paris nocturne où le rire n'est jamais loin de l'émotion transformeront vite cette nuit en un parcours initiatique."
382511,/axdQyS20MtoBnXLpzJhn3g6etqZ.jpg,"François Gautier a un énorme défaut, il est radin ! Il doit déployer des trésors d’ingéniosité pour réussir à avoir une vie sociale à peu près normale et son seul ami n’est autre que son banquier. Tout va changer le jour où Laura, 16 ans, débarque sur le pas de sa porte et lui annonce qu’elle est sa fille. François ne pouvant avouer qui il est en réalité, ce sera pour lui le début des problèmes… d’autant que Laura a une idée derrière la tête. Une idée qui va lui coûter très cher."
426830,/AfUebvbwsS4DPihTNcWpjBBv2Bs.jpg,"Carole est une informaticienne introvertie qui vit encore chez sa mère. Caroline est une pickpocket rebelle qui écume les grands hôtels de la côte d’Azur. Les deux jeunes femmes ne se connaissent pas et n’ont rien en commun. Rien, sinon leur père, envolé avant leur naissance et qu’elles n’ont jamais vu. Jusqu’au jour où… Patrick ressurgit ! Ce voleur international recherché par toutes les polices a frôlé la mort, et décide de rattraper le temps perdu en réunissant ses deux filles autour d’un but commun : le casse d’un Stradivarius à 15 millions d’euros… Entre les bourdes, l’amateurisme et les chamailleries de ses deux filles, Patrick comprend vite que ce braquage ne va pas être une promenade de santé…"
459963,/2isaq0hryvzJgTsABuYhvvszyBM.jpg,"Quel est le point commun entre une vache qui tombe du ciel, un quincaillier célibataire et maniaque, un jeune indien perdu, et une jolie normande qui aime les quincailliers maniaques ?  Une simple question : Tout ce qui nous arrive relève-t-il vraiment du hasard ?"
454549,/97OrQruLLUKo3nuOXlb0p3b5c4Z.jpg,"Dans le parc d’attractions d’épouvante Zombillénium, les monstres ont le blues. Non seulement, zombies, vampires, loups garous et autres démons sont de vrais monstres dont l’âme appartient au Diable à jamais, mais en plus ils sont fatigués de leur job, fatigués de devoir divertir des humains consuméristes, voyeuristes et égoïstes, bref, fatigués de la vie de bureau en général, surtout quand celle-ci est partie pour durer une éternité... Jusqu'à l'arrivée d'Hector, un humain, contrôleur des normes de sécurité, déterminé à fermer l’établissement. Francis, le Vampire qui dirige le Parc, n’a pas le choix : il doit le mordre pour préserver leur secret. Muté en drôle de monstre, séparé de sa fille Lucie, et coincé dans le parc, Hector broie du noir... Et si il devenait finalement la nouvelle attraction phare de Zombillénium ?"
415356,/aliNBheWwVBsADwAqpMW3ikzuGz.jpg,"Juillet 1942. Emmené à l’hôpital de Garches pour une jambe cassée, Maurice Gutman, 12 ans, évite de justesse la rafle qui va emporter sa famille. À l’hôpital, le docteur Daviel lui diagnostique une tuberculose et lui impose un long traitement. Et si cela n’était qu’une ruse pour éviter à Maurice d’être déporté ? Maurice et huit autres jeunes pensionnaires vont vivre, avec le personnel hospitalier, une expérience inoubliable, faite de preuves d’amitié, de solidarité et de courage extraordinaire. Ce sont les enfants de la chance et leur histoire est vraie."
382589,/tkzVWew2NgepjYDWu5WeVXLEeCj.jpg,"Guillaume Canet, 43 ans, est épanoui dans sa vie, il a tout pour être heureux. Sur un tournage, une jolie comédienne de 20 ans va le stopper net dans son élan, en lui apprenant qu’il n’est pas très «Rock», qu’il ne l’a d’ailleurs jamais vraiment été, et pour l’achever, qu’il a beaucoup chuté dans la «liste» des acteurs qu’on aimerait bien se taper… Sa vie de famille avec Marion, son fils, sa maison de campagne, ses chevaux, lui donnent une image ringarde et plus vraiment sexy… Guillaume a compris qu’il y a urgence à tout changer. Et il va aller loin, très loin, sous le regard médusé et impuissant de son entourage."
511793,/cHH1BH8IotpM5FDcRCkjaJBSVju.jpg,"Le jeune réalisateur Géraud Champreux est invité par l’association ""Les Écrans de la Côte"" à présenter au cinéma du Tréport son premier long métrage, Ma Vie avec James Dean. À son arrivée dans cette improbable ville du bout de la terre, il est loin d’imaginer que sa vie est sur le point d’être bouleversée. De rencontres détonantes en projections décevantes, de virées en chalutier en folles courses poursuites, Géraud va trouver une nouvelle inspiration et peut-être même l’amour !"
438790,/oTHXSrpz9HzAScM8OcfGlYhFiJ5.jpg,"Une petite ville perdue au milieu de nulle part, en plein cœur de l’hiver. Un commerce de pompes funèbres agonise lentement, au grand désespoir d’Edmond Zweck, son propriétaire. L’entreprise ne compte plus que deux employés : Georges,  le bras droit de Zweck, et Eddy, un jeune homme serviable, mais encore novice dans le métier. Un beau matin, pourtant, un mort, enfin, pour de bon. Et l’espoir renaît. Eddy et Georges sont chargés de mener ce défunt jusqu’à sa dernière demeure. Mais à la recherche du cimetière qui s’avère introuvable, le convoi funéraire s’égare et le corbillard perd la famille qui suivait. Le voyage tourne au désastre."
393764,/nUOuBg0OAUuJIgyYl35rQ3uxQCa.jpg,"En 1975, Seyolo Zantoko, médecin fraichement diplômé originaire de Kinshasa, saisit l’opportunité d’un poste de médecin de campagne dans un petit village français. Arrivés à Marly-Gomont, Seyolo et sa famille déchantent. Les habitants ont peur, ils n’ont jamais vu de noirs de leur vie. Mais Seyolo est bien décidé à réussir son pari et va tout mettre en œuvre pour gagner la confiance des villageois."
382518,/h0QB2TGtfnl7GxPsWDCLzFKlVDS.jpg,"C'est l'histoire d'un flic de la police des frontières qui ramène un gars dans son pays, sauf que ce n'est pas le bon gars et ce n'est pas le bon pays..."
452016,/raq5PWkfvFwQLOOWWcgv35plr28.jpg,"Un chat sous le bras, des portes closes, rien dans les poches, voici Paula, de retour à Paris après une longue absence. Au fil des rencontres, la jeune femme est bien décidée à prendre un nouveau départ. Avec panache."
430528,/ncDa148htqFhM5EXm32vszTWi0C.jpg,"Qui n’a jamais imaginé ce que ça ferait d’être dans la peau du sexe opposé, ne serait-ce qu’une journée ? Eh bien, pas Jeanne !  Fraichement divorcée, séparée de ses enfants une semaine sur deux, pour elle les mecs c’est fini, elle ne veut plus jamais en entendre parler. Mais un beau matin, sa vie s’apprête à prendre un drôle de tournant, à première vue rien n’a changé chez elle… à un détail près !  De situations cocasses en fous rires avec sa meilleure amie, de panique en remise en question avec son gynéco, notre héroïne, tentera tant bien que mal de traverser cette situation pour le moins… inédite."
398939,/7iawovuxzAurX1OGhG5NtikU042.jpg,"Lila n’a qu’un rêve en tête: devenir une artiste, n’en déplaise à son père. Passionnée et déterminée, elle part à la conquête de Paris. Entre galères et désillusions, elle se bat pour s’imposer dans ce milieu. Réussira-t-elle à avoir un jour son nom en haut de l’affiche, et regagner enfin la fierté de son père?"
418970,/5xZ0x5qZaNM89UpNxeESOcaXf3A.jpg,"Erwan, inébranlable démineur breton, perd soudain pied lorsqu’il apprend que son père n’est pas son père. Malgré toute la tendresse qu’il éprouve pour l’homme qui l’a élevé, Erwan enquête discrètement et retrouve son géniteur : Joseph, un vieil homme des plus attachants, pour qui il se prend d’affection. Comme un bonheur n’arrive jamais seul, Erwan croise en chemin l’insaisissable Anna, qu’il entreprend de séduire. Mais un jour qu’il rend visite à Joseph, Erwan réalise qu’Anna n’est rien de moins que sa demi-sœur. Une bombe d’autant plus difficile à désamorcer que son père d'adoption soupçonne désormais Erwan de lui cacher quelque chose…"
398929,/8K5dvcXq7Lq2qiE9nkjF1Dht60R.jpg,"Greg a fondé une entreprise nommée Alibi.com qui crée tout type d'alibi. Avec Augustin son associé, et Medhi son nouvel employé, ils élaborent des stratagèmes et mises en scène imparables pour couvrir leurs clients. Mais la rencontre de Flo, une jolie blonde qui déteste les hommes qui mentent, va compliquer la vie de Greg, qui commence par lui cacher la vraie nature de son activité. Lors de la présentation aux parents, Greg comprend que Gérard, le père de Flo, est aussi un de leurs clients…"
416186,/q5MhPUi6YziyxjUg1BvAWsIho9A.jpg,"Paris 1967. Jean-Luc Godard, le cinéaste le plus en vue de sa génération, tourne La Chinoise avec la femme qu'il aime, Anne Wiazemsky, de 20 ans sa cadette. Ils sont heureux, amoureux, séduisants, ils se marient. Mais la réception du film à sa sortie enclenche chez Jean-Luc une remise en question profonde.  Mai 68 va amplifier le processus, et la crise que traverse Jean-Luc va le transformer profondément, passant de cinéaste star en artiste maoiste hors système aussi incompris qu'incompréhensible."
396924,/xYgl9KDnNQTENvedOC6WbldKL7P.jpg,"À la mort de son frère jumeau, Willy, 50 ans, quitte pour la première fois ses parents pour s’installer dans le village voisin. « À Caudebec, j’irai. Un appartement, j’en aurai un. Un scooter, j’en aurai un. Des copains, j’en aurai. Et j’vous emmerde! ». Inadapté, Willy part trouver sa place dans un monde qu’il ne connaît pas."
432068,/6XVnhuZIZHWytsiu0GBK9nfzX9F.jpg,"Max est traiteur depuis 30 ans. Des fêtes il en a organisé des centaines, il est même un peu au bout du parcours. Aujourd'hui c'est un sublime mariage dans un château du XVIIe siècle, un de plus, celui de Pierre et Héléna. Comme d'habitude, Max a tout coordonné: il a recruté sa brigade de serveurs, de cuisiniers, de plongeurs, il a conseillé un photographe, réservé l'orchestre, arrangé la décoration florale, bref tous les ingrédients sont réunis pour que cette fête soit réussie… Mais la loi des séries va venir bouleverser un planning sur le fil où chaque moment de bonheur et d'émotion risque de se transformer en désastre ou en chaos. Des préparatifs jusqu'à l'aube, nous allons vivre les coulisses de cette soirée à travers le regard de ceux qui travaillent et qui devront compter sur leur unique qualité commune: le sens de la fête."
424344,/2B4LxgDU9urFlPQyTPpS9gPvu4m.jpg,"Après s'être tenu prudemment à l'écart pendant des années, Gaspard, 25 ans, doit renouer avec sa famille à l'annonce du remariage de son père. Accompagné de Laura, une fille fantasque qui accepte de jouer sa petite amie le temps du mariage, il se sent enfin prêt à remettre les pieds dans le zoo de ses parents et y retrouver les singes et les fauves qui l'ont vu grandir... Mais entre un père trop cavaleur, un frère trop raisonnable et une sœur bien trop belle, il n'a pas conscience qu'il s'apprête à vivre les derniers jours de son enfance."
382597,/hAKCuWPePWyHDeF7XcpVHKRw7Q6.jpg,"Johanna Pasquali est une fliquette pas comme les autres. Distraite, rêveuse et maladroite, elle est une policière sympathique mais totalement nulle. Dotée pourtant de réelles compétences, sa maladresse fait d'elle une menace pour les criminels. Assignée à des missions aussi dangereuses que des voitures mal garées ou des vols à l'étalage, elle s'entraîne sans relâche pendant son temps libre pour réaliser son rêve : être la première femme à intégrer le groupe d'élite du RAID. Acceptée au centre de formation du RAID, elle se retrouve alors avec l'agent Eugène Froissard (dit Poissard), le plus misogyne des agents du RAID. Ce duo improbable se voit chargé d'arrêter le redoutable Gang des Léopards. Mais avant de pouvoir les arrêter, il faudrait déjà qu'ils parviennent à travailler en binôme sans s’entre-tuer au cours des entraînements."
450179,/12KzS7zZ2Kj4p556lvR7UtJsQoT.jpg,"Jeanne et Victor sont deux jeunes parisiens de retour de vacances. En chemin, ils font une halte pour saluer leur ami Jean-Paul, sur la prairie où sa communauté a élu résidence. Le groupe lutte contre la construction d’un parc aquatique sur la dernière zone humide de la région, et plus généralement contre la société moderne, la grande Babylone. Séduits par une communauté qui prône le « vivre autrement », où l’individualisme, la technologie et les distinctions de genre sont abolis, Jeanne et Victor acceptent l’invitation qui leur est faite de rester quelques jours. Lorsqu’un beau matin la barrière de CRS qui leur fait face a disparu… la Communauté pense l’avoir emporté sur le monde moderne. Mais le plaisir est de courte durée… à l’exception de leur campement, la population terrestre a été décimée par une terrible pandémie. Ce qui fait du groupe les derniers survivants du monde. Va-t-il falloir se trouver de nouveaux ennemis pour survivre ?"
430365,/pyPmrM4mouyOl6iKP9cQy4slnfv.jpg,"Figure de la scène littéraire et médiatique française, Jean-Etienne Fougerole est un intellectuel humaniste marié à une riche héritière déconnectée des réalités. Alors que Fougerole fait la promotion dans un débat télévisé de son nouveau roman « À bras ouverts », invitant les plus aisés à accueillir chez eux les personnes dans le besoin, son opposant le met au défi d'appliquer ce qu'il préconise dans son ouvrage. Coincé et piqué au vif, Fougerole prend au mot son adversaire et accepte le challenge pour ne pas perdre la face. Mais dès le soir-même, on sonne à la porte de sa somptueuse maison de Marnes-la-coquette… Les convictions des Fougerole vont être mises à rude épreuve !"
382593,/pm901VBKZ8dUoAXTD4zF1lucx43.jpg,"Deux ans ont passé. Après avoir raté leur séparation, les Leroy semblent parfaitement réussir leur divorce. Mais l'apparition de deux nouveaux amoureux dans la vie de Vincent et de Florence va mettre le feu aux poudres. Victimes de cette nouvelle guerre entre deux papas et deux mamans, les enfants Leroy vont être obligés d'intervenir pour mettre fin à ce cercle infernal."
453191,/opduaXaTUpekvNUkLE7ccXfYmBb.jpg,"Ceux qui pensent que la campagne est un lieu calme et paisible se trompent, on y trouve des animaux particulièrement agités, un Renard qui se prend pour une poule, un Lapin qui fait la cigogne et un Canard qui veut remplacer le Père Noël. Si vous voulez prendre des vacances, passez votre chemin…"
484410,/xJjjaDE17ivJK3bc1k8bU8FfnGs.jpg,"Sans hésiter, Diane a accepté de porter l’enfant de Thomas et Jacques, ses meilleurs amis. C’est dans ces circonstances, pas vraiment idéales, qu’elle tombe amoureuse de Fabrizio."
428558,/oBRoIlvUcGQJNyODHfwsFyNn3EE.jpg,"Gérard en marre d’être pris pour une bonne pomme par sa belle famille.  Il quitte tout et part reprendre un garage dans un village niché au fin  fond du Gâtinais… En face du garage, il y a une ravissante auberge, tenue par Barbara: une femme magnifique, déconcertante, mystérieuse, imprévisible.  Leur rencontre fera des étincelles…"
411626,/ew4ThBsYb5xHIDIVXKRKgH10uln.jpg,"Ruben, Durex et Nora sont tous les trois étudiants en dernière année de fac. Par manque de confiance en lui, Ruben a déjà raté une fois ses examens. Même problème avec Nora, à qui il n'ose avouer ses sentiments. Et ce n'est pas Durex son ami d’enfance, le type le plus gênant au monde, qui va l’aider…Lorsqu’il découvre que Nora est aussi dealeuse et qu’elle part pour Amsterdam afin de ramener un tout nouveau type de drogue, Ruben prend son courage à deux mains et décide de l’accompagner. Ce voyage à Amsterdam, c’est le cadre idéal pour séduire enfin Nora, dommage pour lui que Durex s’incruste dans l’aventure. Alors que tous les trois découvrent la capitale la plus dingue d’Europe, leur vie va franchement se compliquer quand ils vont réaliser que la drogue qu’ils viennent de récupérer appartient aux plus grands criminels d’Amsterdam…Très vite Ruben, Durex et Nora vont comprendre que pour retrouver leur vie d’avant, ils vont devoir cesser d’être des blaireaux, pour devenir de vrais héros."
430005,/qP3gi0oalMlvnwNGvVaND9JpeZN.jpg,"Lucie est guérie, sa maladie est presque un lointain souvenir. Sa famille la pousse à aller de l’avant, vivre, voir du monde… C’est ainsi qu’elle fait la connaissance de Clovis, charmant… charmeur… et terriblement arrogant. Intrigué par sa franchise et sa répartie, Clovis va tout faire pour séduire Lucie, qui n’a pourtant aucune envie de se laisser faire. Au contact de Dalila, prof de danse haut en couleur, Lucie va réapprendre à aimer, à s’aimer, pour devenir enfin la femme qu’elle n’a jamais su être. Pour sa mère, pour sa fille, pour Clovis…"
446038,/smizNL3SsCSohya0wtPVSlIr03Q.jpg,"Sibylle, jeune parisienne aux dents longues, entend briller dans ses nouvelles fonctions professionnelles en rachetant une quincaillerie au Pays Basque afin d’y implanter un supermarché. Elle s’imagine avoir « roulé » le vieux propriétaire mais ce dernier est sous curatelle. Sibylle doit donc faire affaire avec Ramon, le neveu, pour récupérer son argent et signer au plus vite. Sinon, c’est le siège éjectable assuré. Elle va rapidement s’apercevoir que les basques n’ont pas l’intention de se laisser faire par une parisienne, si jolie soit-elle."
438347,/b9Xh6548vTyNhgTcWqFCE8MmdHv.jpg,"Mathias et Alexia sont en couple depuis des années, et pour la première fois, il la trompe avec Juliette, une organisatrice de mariage… Quand Alexia découvre la carte de visite de Juliette dans la poche de Mathias, il perd ses moyens, il bafouille… Elle comprend tout de suite : Juliette étant organisatrice de mariage, il veut donc l'épouser ! Elle dit « OUI ». Sans le vouloir, Mathias va se retrouver au milieu de sa « femme » et de sa « maîtresse », contraint d'organiser son mariage imprévu !"
432613,/gRMs1FweDTh5Jnq5Ogm3BqjqHHT.jpg,"Yassine, jeune étudiant marocain vient à Paris faire ses études d’architecture avec un visa étudiant. Suite à un événement malencontreux, il rate son examen, perd son visa et se retrouve en France en situation irrégulière. Pour y remédier, il se marie avec son meilleur ami. Alors qu’il pense que tout est réglé, un inspecteur tenace se met sur leur dos pour vérifier qu’il ne s’agit pas d’un mariage blanc…"
413655,/RnMRuM0YJzP3jp9hFH5ntnKgJi.jpg,"Cet été, Alex se retrouve moniteur d'une ""colo"" très particulière. Car ici point d'enfants ni de têtes blondes... mais des retraités et des cheveux blancs. Ces charmants pensionnaires vont lui en faire voir de toutes les couleurs. Retraités déchaînés en colo, monos au bout du rouleau : il n’y pas d’âge pour être un sale gosse !"
439155,/9DEdN8s56BzfGJPKlACOEbFRyiW.jpg,"Loïc le Tallec, la soixantaine, ne s’est jamais vraiment occupé de son fils. Quand ce dernier disparaît dans un accident de la route, Loïc est dévasté. Il n’a plus qu’une idée en tête : retrouver celui qui vit désormais avec le cœur greffé de son fils. Il va tomber sur Hugo, un jeune que ce cœur tout neuf rend totalement déraisonnable et incontrôlable. Leur rencontre promet d'être explosive."
428756,/zfcoM69h0EKLXP8Qb0msvbi5rVB.jpg,"Larguée de son couple et de son boulot de chercheuse, Marie-Francine, à 50 ans, va devoir retourner vivre chez ses parents. Les deux, faisant chambre à part, ne lui octroieront que le canapé-lit du salon mais, pensant bien faire, vont lui ouvrir une boutique de cigarettes électroniques dans le quartier. C'est pourtant dans cette petite boutique sans charme où elle vend des fausses cigarettes, qu'elle va, pour la première fois de sa vie, en fumer une vraie, et rencontrer un homme, un vrai, que jamais elle n'aurait pu croiser dans son autre vie. Miguel, chef dans le restaurant à côté, est lui aussi retourné vivre chez ses parents, mais dans leur loge de gardiens et sans oser le lui avouer."
431937,/53Zy4zL31TSjxjQ0awxVQTOVtBn.jpg,"C’est l’enterrement d’un célèbre écrivain. Les hommages pleuvent mais certains s'interrogent sur les étranges circonstances de sa mort. Un jeune biographe demande à la veuve de raconter toute leur histoire. Ne fut-elle pas sa muse, sa première lectrice et sa compagne depuis les années 70? Commence alors un récit retraçant cinquante ans de vie commune, d'amour, de jalousie, de tromperies…"
458956,/wVHhKhgOYf7DxX2t6JDacw6jDOG.jpg,"Reims, 1969. Paul Coutard, séducteur invétéré et journaliste sportif au quotidien Le Champenois, décide d’organiser un match de football féminin pour défier son directeur lors de la kermesse annuelle du journal. Sa meilleure ennemie, Emmanuelle Bruno, secrétaire de direction, se retrouve obligée de l’assister. Sans le savoir, ils vont se lancer ensemble dans la création de la première équipe féminine de football de France."
432618,/lTXjPswcvDIqI72m4nuwEg12oPI.jpg,"Sous la pression de sa patronne, un producteur de musique à la dérive décide de monter un groupe constitué d'un rabbin, un curé et un imam afin de leur faire chanter le vivre-ensemble. Mais les religieux qu’il recrute sont loin d’être des saints…"
398947,/pnofxR6iKomeHJIrKxWbeeBPaR.jpg,"Petit Spirou, comme toute sa famille avant lui, a un destin professionnel tout tracé. Quand sa mère lui annonce qu’il intègrera dès la rentrée prochaine l’école des grooms, Petit Spirou, avec l’aide de ses copains, va profiter de ses derniers jours de classe pour déclarer sa flamme à Suzette. Et pas n’importe comment. Ils décident de vivre une aventure extraordinaire."
446040,/4rjnwQDp6aEWHE228RgWbufHZ8e.jpg,"Léa, 27 ans, est censée être une brillante avocate d’affaires. En réalité, elle n’a jamais passé le concours du barreau comme elle le fait croire à ses parents. Elle cherche à percer comme comédienne et à défaut d’enchaîner les tournages, elle accumule les dettes. Avec Bertille, sa colocataire, elles ont une idée : se faire rémunérer en se “louant”. Voilà, pour Léa, une manière de jouer et de gagner sa vie ! Les deux embarquent dans une aventure en créant une agence où elles vont endosser tout un tas d’identités… jusqu’à en oublier qui elles sont !"
398926,/hbTV5x1u17ZtfzZ6zeY06U8Z02.jpg,"Vincent, 18 ans, se fait larguer par Elina. C’est son premier amour, c’est la fin du monde ! Ses parents décident donc de prendre les choses en main et vont tout tenter pour lui faire oublier cette fille : il devra les suivre dans une cure de désintoxication amoureuse dont ils vont imaginer le programme…"
398933,/kmhnYC9jbHoaDKDCYyuCY7CiGVp.jpg,"Scott, jeune surdoué de snowboard, n’a qu’un rêve  : être le premier. Il veut réaliser ce que personne n’a réussi : aller tout en haut de l’Everest et tenter la descente de la plus pure, la plus raide, la plus dangereuse des pentes. En arrivant à Chamonix, capitale mondiale de la glisse, son destin va croiser la route de Pierrick, ancien champion devenu guide de montagne. Une rencontre qui pourrait bien le conduire jusqu’au sommet."
448779,/6IasOA6Nya8jJHwBBmKoXMAGcwz.jpg,"Maurice a tout d’un pingouin… mais le tigre est en lui ! Élevé par une tigresse, ce pingouin loin d’être manchot est devenu un pro du kung‐fu. Avec ses amis, les As de la jungle, Maurice entend dorénavant faire régner l’ordre et la justice dans la jungle, comme sa mère avant lui. Mais Igor, un koala diabolique, entouré de ses babouins mercenaires pas très futés, a pour projet de détruire la jungle… Les As de la jungle, à la rescousse !"
458252,/l7pIANzqYEHJgjlkpjVyhKDTQQW.jpg,"Lorsqu’Apollon, un grillon baladin au grand cœur, arrive au village des petites bêtes, il ne tarde pas à perturber la vie du Royaume tout entier… Piégé par la cousine de la Reine Marguerite, la jalouse et diabolique Huguette, Apollon est accusé d’avoir enlevé la souveraine, semant la panique dans la ruche… Marguerite est en réalité captive des Nuisibles, complices d’Huguette qui en profite pour s’emparer du trône ! Apollon le Grillon, aidé de Mireille l’Abeille, Loulou le Pou et ses nouveaux amis, se lance alors dans une périlleuse mission de sauvetage.…"
431017,/rTtdyzgMmoQUayRbC45TiDtULGi.jpg,"Isabelle est artiste peintre. Quinquagénaire à fleur de peau, divorcée, elle aimerait trouver enfin l'amour, le vrai. Mais pour le moment, la vie lui offre autre chose : un amant banquier uniquement intéressé par la bagatelle, un jeune acteur qui teste son pouvoir de séduction… Seule et en quête de sens, Isabelle continue à rêver d'amour."
437425,/olKkIJb3e0CRweHxgo4QsDZK38I.jpg,"Frites ou salade ? Amis ou amants ? Droite ou gauche ? La vie est jalonnée de petites et grandes décisions à prendre. Le problème de Juliette c’est qu’elle est totalement incapable de se décider sur quoi que ce soit. Alors, même à 40 ans, elle demande encore à son père et à ses deux meilleures amies de tout choisir pour elle. Lorsque sa vie amoureuse croise la route de Paul puis d’Étienne, aussi charmants et différents l’un que l’autre, forcément, le cœur de Juliette balance. Pour la première fois, personne ne pourra décider à sa place…"
510460,/p5HxDRcwDAPM7YZYTP7UoAsoFLO.jpg,"Paris, 1982. Patrons d’un peep show, Le Mirodrome, criblés de dettes, Franck et Serge ont l’idée de produire des petits films pornographiques avec leurs danseuses pour relancer leur établissement. Le succès est au rendez-vous et ne tarde pas à attirer l’attention de leurs concurrents. Un soir, des hommes cagoulés détruisent le Mirodrome. Ruinés, Franck et Serge sont contraints de faire affaire avec leurs rivaux. Mais ce que ces derniers ignorent, c’est que nos deux «entrepreneurs» sont des enquêteurs chargés de procéder à un coup de filet dans le business du « X » parisien. C’est le début d’une aventure dans le cinéma pornographique du début des années quatre-vingt qui va les entraîner loin. Très loin..."
452187,/l43VMuUg1DoItf9nMcMSj2ZSbn3.jpg,"Neïla Salah a grandi à Créteil. Jeune femme brillante, elle rêve de devenir avocate. Inscrite à l’Université d’Assas, dans les beaux quartiers parisiens, elle suit les cours de Pierre Mazard, professeur reconnu mais provocateur. Pour se racheter une conduite, ce dernier accepte de préparer Neïla au prestigieux concours d’éloquence. Portée par ce mentor à la fois tyrannique et bienveillant, Neïla plonge dans l’univers des joutes verbales, de la rhétorique et de l’excellence."
462503,/kZZFnOKqtGh3LA5BxjzPIxXVfsF.jpg,"François Foucault, la quarantaine, est professeur agrégé de lettres au lycée Henri IV à Paris. Une suite d’événements le force à accepter une mutation d’un an dans un collège de banlieue classé REP+. Il redoute le pire. À juste titre."
505436,/uT9FhaKYzR8XQg0etoPiqQxaMj8.jpg,"Le retour des familles Verneuil et Koffi au grand complet ! Claude et Marie Verneuil font face à une nouvelle crise. Leurs quatre gendres, Rachid, David, Chao et Charles sont décidés à quitter la France avec femmes et enfants pour tenter leur chance à l’étranger. Incapables d’imaginer leur famille loin d’eux, Claude et Marie sont prêts à tout pour les retenir. De leur côté, les Koffi débarquent en France pour le mariage de leur fille. Eux non plus ne sont pas au bout de leurs surprises…"
463858,/7WmpxcBe1kfoWLg0CqTzMILA2LN.jpg,"La première année de médecine va marquer à jamais le destin de Benjamin et d’Antoine, deux jeunes bacheliers. Une année studieuse faite de renoncement à toute vie sociale, de compétition, de détresse mais aussi d’espoirs."
505747,/3onSWigYspp34uqOnvVqT054OnG.jpg,"Margaux, 20 ans, fait la connaissance de Margaux, 45 ans : tout les unit, il s'avère qu'elles ne forment qu'une seule et même personne, à deux âges différents de leur vie…"
498249,/4OCg7ISCuWnPT2HsAbrjR8YiADj.jpg,"Waël, un ancien enfant des rues, vit en banlieue parisienne de petites arnaques qu’il commet avec Monique, une femme à la retraite qui tient visiblement beaucoup à lui.  Sa vie prend un tournant le jour où un ami de cette dernière, Victor, lui offre, sur insistance de Monique, un petit job bénévole dans son centre d’enfants exclus du système scolaire.  Waël se retrouve peu à peu responsable d’un groupe de six adolescents expulsés pour absentéisme, insolence ou encore port d’arme.  De cette rencontre explosive entre « mauvaises herbes » va naître un véritable miracle."
474313,/6VUtghV1BJzDhBCuVQxwPoWOxrU.jpg,"Un quinquagénaire est victime d’un mal de dos fulgurant. Tous les médecins, les radiologues et les ostéopathes du monde ne peuvent rien pour lui : la racine de son mal est psychologique. Mais de son travail, de sa femme ou de sa famille, que doit-il changer pour aller mieux ?"
458534,/h065db1br7f9VW0x0LkOVfdtZqG.jpg,"Jocelyn, homme d'affaire en pleine réussite, égoïste et misogyne, lassé d'être lui-même, se retrouve malgré lui à séduire une jeune et jolie femme en se faisant passer pour un handicapé. Jusqu'au jour où elle lui présente sa sœur elle-même handicapée…"
515841,/jYkMixEOTGYzdZPDuM7MeHxWqd1.jpg,"Damien, Don Juan célibataire, se retrouve propulsé dans une société matriarcale où il tombe amoureux d'Alexandra, femme puissante et croqueuse de jeunots. Pour lui plaire, Damien tente de décrypter les codes inversés de ce nouveau monde..."
456165,/nm2L53AHKX2aju50reUfRmzMksn.jpg,"Valentin D. et Constance Brandt, un couple d’architectes designers en vogue préparent le vernissage de leur rétrospective au Palais de Tokyo. Mais ce que personne ne sait, c’est que pour s’intégrer au monde du design et du luxe parisien, Valentin a menti sur ses origines prolétaires et ch'tis. Alors, quand sa mère, son frère et sa belle-sœur débarquent par surprise au Palais de Tokyo, le jour du vernissage, la rencontre des deux mondes est fracassante. D’autant plus que Valentin, suite à un accident, va perdre la mémoire et se retrouver 20 ans en arrière, plus ch’ti que jamais!"
504603,/djRVmvYxKHxJESq1BIdqqWmIByM.jpg,"François, petit dealer, a un rêve : devenir le distributeur officiel de Mr Freeze au Maghreb. Cette vie, qu’il convoite tant, vole en éclats quand il apprend que Danny, sa mère, a dépensé toutes ses économies. Poutine, le caïd lunatique de la cité, propose à François un plan en Espagne pour se refaire. Mais quand tout son entourage : Lamya son amour de jeunesse, Henri un ancien beau-père à la ramasse tout juste sorti de prison, les deux jeunes Mohamed complotistes et sa mère chef d’un gang de femmes pickpockets, s’en mêle, rien ne va se passer comme prévu !"
532938,/5bLZL1D5bLgwzvTaTATqapvFWfT.jpg,"Après avoir tenu des propos homophobes, Mathias Le Goff, vice‐champion du monde de natation, est condamné à entraîner les « Crevettes Pailletées », une équipe de water‐polo gay, davantage motivée par la fête que par la compétition. Cet attelage explosif va alors se rendre en Croatie pour participer aux Gay Games, le plus grand rassemblement sportif homosexuel du monde. Le chemin parcouru sera l’occasion pour Mathias de découvrir un univers décalé, qui va bousculer tous ses repères et lui permettre de revoir ses priorités dans la vie."
492550,/mgo8GkDdqs78zLuawRdQNYtKYS.jpg,"Au Mêle sur Sarthe, petit village normand, les éleveurs sont touchés par la crise. Georges Balbuzard, le maire de la ville, n’est pas du genre à se laisser abattre et décide de tout tenter pour sauver son village…  Le hasard veut que Blake Newman, grand photographe conceptuel qui déshabille les foules, soit de passage dans la région. Balbuzard y voit l’occasion de sauver son village. Seulement voilà, aucun normand n’est d’accord pour se mettre à nu…"
467482,/taSCLOLz1yHL0TLvVPgxX6hvQmt.jpg,"Alain, un homme d’affaires pressé, court après le temps. Dans sa vie, aucune place pour les loisirs ou la famille. Lorsqu’un jour, un AVC lui fait perdre le langage et employer un mot pour un autre ! À l'hôpital, il est pris en main par Jeanne, une jeune orthophoniste, qui lui réapprend, comme un enfant, le langage et la patience. Alain comprend que, s'il semble être passé à côté d’une partie de sa vie, tout est encore possible : des petits plaisirs de la vie, à la réconciliation avec sa fille."
486521,/tkenlpzAu0SbUKGYvbJklER4NkL.jpg,"Castro, autrefois star du petit écran, est à présent un animateur sur le déclin. Aujourd'hui, son chauffeur, Manu, le conduit à la pendaison de crémaillère de sa productrice et amie de longue date, Nathalie, qui a emménagé dans une belle maison près de Paris. Hélène, sœur de Nathalie et ex-femme de Castro, est elle aussi invitée. Quand ils étaient jeunes, ils partageaient les mêmes idéaux mais le succès a converti Castro au pragmatisme (ou plutôt au cynisme) tandis qu'Hélène est restée fidèle à ses convictions. Leur fille, Nina, qui a écrit un livre librement inspiré de la vie de ses parents, se joint à eux. Alors que Castro assiste, impuissant, à la chute inexorable de son audimat, Hélène tente désespérément d'imposer dans son émission un réfugié afghan. Pendant ce temps, la fête bat son plein..."
501590,/9fBCtngkS5Z7cM4dzrYiSy2zpim.jpg,"Yoav, un jeune Israélien, atterrit à Paris, avec l'espoir que la France et le français le sauveront de la folie de son pays."
451500,/mrz2fC1F9H8kbdKu2vOwyeMAzvg.jpg,"Rien ne va plus à l'approche du réveillon : les 92 000 lutins chargés de fabriquer les cadeaux des enfants tombent tous malades en même temps ! C'est un coup dur pour Santa (Claus), plus connu sous le nom de Père Noël... il n'a pas le choix : il doit se rendre d'urgence sur Terre avec ses rennes pour chercher un remède. À son arrivée, il devra trouver des alliés pour l'aider à sauver la magie de Noël."
457435,/7kNyyQHdosdRvCkI8ndPPV3rMmp.jpg,"Le capitaine Neuville est un grand séducteur. Il vient demander sa main à la jeune Pauline, sous le regard méfiant d'Elisabeth, la sœur de cette dernière. Mais Neuville est appelé au front et Pauline reste sans nouvelles. Alors qu’elle dépérit peu à peu, Elisabeth prend la plume et commence une correspondance avec Pauline, sous le nom de Neuville, faisant de lui un véritable héros de guerre. Mais le capitaine finit par réapparaître, au grand dam de la jeune femme…"
424619,/9IcXXWC1aenAY0LrDowsBFMRTrp.jpg,"Jeff Tuche, se réjouit de l’arrivée du TGV dans son cher village. Malheureusement, le train à grande vitesse ne fait que passer, sans s’arrêter à Bouzolles. Déçu, il tente de joindre le président de la République pour que son village ne reste pas isolé du reste du territoire. Sans réponse de l’Élysée, Jeff ne voit plus qu’une seule solution pour se faire entendre : se présenter à l’élection présidentielle…"
525916,/kLeBccUQV88Dv5dILPQcG18tq1u.jpg,"Le Père Marc souhaite récolter des fonds pour construire un hôpital pour enfants en Haïti. Avec son groupe de musique chrétienne, il organise une tournée dans toute la France. A 33 ans, Christophe vit encore chez sa mère. Chanteur raté mais guitariste de talent, il croise le chemin du Père Marc qui le recrute. Condition sine qua non : Chris doit se faire passer pour un membre du clergé ! Planqué sous une soutane, au sein de son groupe d’Apôtres un long chemin de croix commence alors pour Christ(Off)…"
522531,/7LH7DlJeIykHQVfog6IUWQ1fXVP.jpg,"Zoé a 21 ans. Et Zoé en a sa claque d'entendre « c'est normal, t'es jeune ! ». Alors qu’elle emménage en colocation, elle prend conscience qu’elle n’est pas seule à se débattre entre cours, stages et petits boulots mal payés. Déterminée à bouleverser le complot qui se trame, elle unit autour d'elle une génération d'affamés. Ensemble, ils sont bien décidés à changer les choses et à faire entendre leur voix !"
474331,/77yP5fJpODFrQ1WIK23sscz70Ur.jpg,"Le commissaire Buron est chargé d’enquêter sur le meurtre d’un homme retrouvé gisant dans son sang par Fugain. Celui‐ci est logiquement considéré comme le principal suspect, il s’ensuit alors un interrogatoire qui va durer toute la nuit."
467746,/g7VHIYIgLi4H741sGycNo4OGdea.jpg,"Paris et sa banlieue. Cinq filles, cinq garçons. Deux histoires. Un jour d’été.  Premier conte - L’Amie du dimanche Milena et Lucie, deux collègues de travail, profitent d’un dimanche ensoleillé pour aller se baigner sur l'île de loisirs de Cergy-Pontoise. Leur rencontre avec un agent de prévention très entreprenant met à mal leur amitié naissante.  Deuxième conte - Hanne et la fête nationale Tandis que les festivités du 14 juillet battent leur plein, Hanne, une étudiante norvégienne, se trouve successivement aux prises avec trois hommes. Tout ce petit monde passe la soirée ensemble à la Cité Universitaire."
348745,/n8NSoOobpR7QEoL8UYdoEkRR1le.jpg,"Ils les avaient tournés mais ils n'avaient pas oser les mettre dans le films. Michaël Youn et sa bande vous présente les 11 nouveaux commandements intégralement inédits pour repousser encore plus loin les limites de leur connerie : livrer une pizza en moins de 4 minutes, faire un combat de boxe à Colin Maillard, pêcher au bazooka ou faire une course de moto dans un appartement... Rien ne peut les arrêter !"
521092,/lLWj2jXRghK6mGQmeUHI7pwWzI2.jpg,"Lauren, ravissante it-girl de 29 ans, tente de percer dans le milieu de la mode en écumant les soirées parisiennes. Olivia, 28 ans et un rien psychorigide, a deux obsessions : sauver la confiserie de ses parents, et se trouver le mari idéal. A 26 ans, Salma, jeune professeur d’histoire fougueuse, vit encore chez sa mère en banlieue. Leurs routes n’ont aucune raison de se croiser… Jusqu’au jour où, à la mort de leur père biologique qu’elles n’ont jamais connu, elles héritent ensemble d’un splendide appartement parisien.Pour ces trois sœurs qui n’ont rien en commun, la cohabitation va s’avérer pour le moins explosive…"
495671,/4cMTOfXbpD0Z9CVuDtkBiz9kMcj.jpg,"Monique dirige une communauté Emmaüs près de Pau. Après plusieurs années d’absence, elle voit débarquer son frère, Jacques, un bon à rien qui n’a qu’une obsession : trouver l’idée qui le rendra riche. Plus que des retrouvailles familiales, ce sont deux visions du monde qui s’affrontent."
434355,/cRY6NShGF0FFDnRHEDTj0spUGHU.jpg,"Sylvain Marot, super flic parisien et pilote d’exception, est muté contre son gré à la Police Municipale de Marseille. L’ex-commissaire Gibert, devenu Maire de la ville et au plus bas dans les sondages, va alors lui confier la mission de stopper le redoutable « Gang des Italiens », qui écume des bijouteries à l’aide de puissantes Ferrari. Mais pour y parvenir, Marot n’aura pas d’autre choix que de collaborer avec le petit-neveu du célèbre Daniel, Eddy Maklouf, le pire chauffeur VTC de Marseille, mais le seul à pouvoir récupérer le légendaire TAXI blanc."
533932,/juvvBa9oS1OKlEi1CCmNMK7SAOS.jpg,"Arnaud Jaurès, 25 ans, novice en politique, intègre par un concours de circonstances l’équipe de campagne d’un candidat à l’élection présidentielle. Il devient l’assistant de Agnès Karadzic, directrice de la communication, une femme de pouvoir et d’expérience qui l’attire et le fascine.  Sans l’épargner, elle l’initie aux tactiques de campagne, et à ses côtés il observe les coups de théâtre et les rivalités au sein de l’équipe, abandonnant peu à peu sa naïveté pour gravir les échelons, jusqu’à un poste très stratégique."
513302,/xYOD9vaXc6vx0ZkWsX2lKV73j8l.jpg,"Alors que l’hiver s’installe dans les montagnes du Mercantour, une très jeune coccinelle se laisse enfermer par accident à l’intérieur d’une boîte en carton remplie de pots de châtaignes. Elle se retrouve embarquée à destination de la Guadeloupe où elle va faire des rencontres surprenantes et affronter tous les dangers. Mais c’est sans compter sur son aïeul la Coccinelle qui a bien décidé de la retrouver et de la ramener à la maison saine et sauve."
512418,/29NQpKqPW5wK9cUs8VpaJDGjHk0.jpg,"Vincent Barteau, un homme solitaire et très sûr de lui, entraîne une équipe de jeunes footballeurs au centre de formation de La Rochelle. Les enfants, ce n'est pas sa tasse de thé. Or, un soir, rentre dans sa vie son neveu Léonard, atteint du syndrome d'Asperger. Ils vont d'abord se jauger, se fuir, avant de s'épauler pour avoir une vie meilleure."
512865,/c57VybgJzqiAp9uozh2xrcZupL6.jpg,"Depuis que sa femme est partie, Mario tient la maison. Désormais, il doit élever seul ses deux filles, adolescentes en crise. Frida, 14 ans, lui reproche le départ de sa mère. Niki, 17 ans, rêve de quitter la maison. Mario, lui, attend toujours le retour de sa femme."
498247,/bzgcI6xyfHsY1ic2xskTEpuvAr6.jpg,"Stéphane et Suzanne sont parents de trois jeunes femmes, le tableau peut sembler idéal mais Stéphane n’a jamais eu de fils et a toujours rêvé d’en avoir. Pour combler cette frustration, il s’accapare ses gendres et en tombe plus vite amoureux que ses filles. Quand Alexia sa fille cadette, décide de quitter Thomas, magnifique rugbyman et nouvel idole de son père, pour un jeune médecin qu’il ne supporte pas, Stéphane va se débattre."
701437,/oitZCX1LQhoqpJnHqnBMxonuuiz.jpg,"Emma et Victor, couple divorcé, sont des parents formidables et à ce titre, ils ne méritent absolument pas la crise d’adolescence de leur fille de 14 ans, Lila. Emma va réagir ou plutôt sur-réagir comme sa propre mère Rose, l’a fait avec elle, et passer de la bienveillance au talion ""oeil pour oeil, dent pour dent""."
499723,/tKlKyXSlo29QFPyOVswQvqw66Eg.jpg,"A la mort du comte, la comtesse de Montarbie d’Haust doit transmettre le titre de noblesse et le domaine à un homme de la famille, comme le veut la tradition aristocratique. Elle ne peut cependant se résoudre à transmettre le domaine à Gonzague, un neveu arrogant et cupide, plutôt qu’à sa fille.  Quand Abdel, un jeune de cité débrouillard et astucieux, trouve refuge dans leur château, sa rencontre avec la comtesse va faire des étincelles !  Issus de deux mondes que tout oppose, ils pourraient bien s’aider mutuellement…"
481762,/jIP32EgEP98PZOBuq9A0xsu7nqM.jpg,"En 2008, Sami Benboudaoud découvrait l’enfer de Neuilly‐sur‐seine ! Dix ans plus tard, alors que tout va pour le mieux pour Sami qui termine brillamment ses études de sciences politiques, plus rien ne va pour son cousin Charles de Chazelle. Depuis la défaite de son idole Sarkozy aux présidentielles, il a sombré dans une profonde dépression quand sa famille perd toute sa fortune et doit quitter Neuilly. Rejetés de tous, les Chazelle trouvent refuge chez Sami, cité Picasso, à Nanterre ! Dès lors, pour Sami et les habitants de sa cité, la vie ne sera plus jamais un long fleuve tranquille."
504054,/2V5psYsUdmz5og3gy6xSQfPpeuT.jpg,"Loïs, 16 ans, n'a qu'un rêve depuis toute petite : devenir spationaute... s’envoler loin de cette Terre où elle se sent si étrangère. Mais elle a beau être surdouée en maths et physique, il y a un problème : Loïs pèse 100 kilos... et pas moyen d'échapper à ce truc de famille qui lui colle à la peau. Alors que tout semble perdu, Loïs rencontre Amélie, Stannah, et Justine, trois adolescentes abîmées comme elle par la vie, prêtes à tout pour partir avec elle dans l'espace…"
484747,/yDEbvbal7kmap5oxyekJ05EsNdi.jpg,"Odette, jolie trentenaire, est une danseuse drôle, extrême, et totalement rock’n roll. Grâce à ses séances chez le psy, elle va se remémorer sa jeunesse chaotique, dramatique, cocasse. En revivant des séquences de sa vie, elle sera confrontée au déni, à l’indifférence et surtout à sa propre question : sera-t-elle capable de surmonter sa douleur et de vivre enfin ?"
469056,/1uGVfubxwE1YfBDaWAxdKA0PlUr.jpg,"Tamara s’est séparée de Diego depuis deux ans, sur une dispute non réglée... Elle vient d’avoir le BAC. Avec Sam, elles partent vivre l’aventure étudiante à Paris ! Les boutiques chics, les nuits folles, les beaux gosses branchés… Et aussi les taudis hors de prix ! Du coup Tamara et Sam acceptent une colocation providentielle que leur propose Wagner dans un bel appartement Hausmannien. Seul problème : le coloc surprise qu’il leur impose est… Diego, qui a intégré le Racing Club en natation et ne trouve pas non plus de quoi se loger."
487004,/fE5eOWDf110gx7iobA1iXMQPBS6.jpg,"Célibataire et fêtard invétéré, Antoine, bientôt 40 ans, bénéﬁcie d’un plan appart en or qu’il partage depuis plusieurs années avec son colocataire Thomas. Lorsque celui-ci lui annonce son départ à l'étranger et lui envoie comme remplaçante Jeanne, une ravissante jeune femme célibataire, Antoine croit d’abord au Père Noël. C’est avant que débarquent Lou et Théo, ses enfants de 5 et 8 ans: la situation vire alors brutalement au cauchemar..."
519106,/mr6Daq6iaiZp3bnWgZfPW8KB6MM.jpg,"Yvonne, jeune inspectrice de police, découvre que son mari, le capitaine Santi, héros local tombé au combat, n’était pas le flic courageux et intègre qu’elle croyait, mais un véritable ripou. Déterminée à réparer les torts commis par ce dernier, elle va croiser le chemin d’Antoine, injustement incarcéré par Santi pendant huit longues années. Une rencontre inattendue et folle qui va dynamiter leurs vies à tous les deux."
516780,/zFLYR5qaK0PYSKbTGIUfcAveyRq.jpg,"Quoi de plus réjouissant que d'avoir son Bac ? Lou, Malik, Fiona, Solal, Paul et Théo sont enfin libres ! Libres de faire ce qu'ils veulent et prêts à tout pour vivre le meilleur moment de leurs vies. Ensemble, ils referment derrière eux la porte du lycée, pour partir à l'aventure. C'est en train et à travers toute l'Europe que les six amis vont découvrir qu'est-ce que devenir adulte, au détour de rencontres et d'aventures qu'ils ne sont pas prêts d'oublier..."
542828,/4py7Zxvmo0Muo1YZYNk46uNgHWk.jpg,"Joseph et ses deux fils, Joachim et Ivan, formaient une famille très soudée. Mais Ivan le plus jeune est en colère contre ses modèles qu’il voit s’effondrer: son grand frère Joachim ressasse inlassablement sa dernière rupture amoureuse et son père a décidé de troquer sa carrière réussie de médecin pour celle d’écrivain raté. Pourtant, ces trois hommes ne cessent de veiller les uns sur les autres…"
500902,/e6mf2OT05ybIqpWbzl1G3ZucUlm.jpg,"Nina est une mère un peu folle, Baptiste un fils un peu trop sage. Fâchés depuis longtemps ils se retrouvent pour l’aventure de leur vie. Au cours d’un voyage improbable, drôle et émouvant, ils vont rattraper le temps perdu, apprendre à se connaître enfin et s’aimer à nouveau."
514239,/1jdVhl8M0PG17bomIcHpGbd8s7S.jpg,Deux septuagénaires se rendent en Toscane afin d’empêcher que leur vieil ami ne tue l’homme qui l’a cocufié cinquante ans auparavant.
789578,/nmFJoDFzXf5D0j3E8dLXiFB1UgI.jpg,"Michel, ancien junkie, est un éternel gamin qui ne rêve que de motos et traine avec son grand fils Léo et ses copains. À cinquante ans, il doit gérer le bébé qu’il vient d’avoir avec son ex, et se bat pour ne pas répéter les mêmes erreurs et être un mec bien."
543633,/yQBNI6atiQdSkym9R5ewIkDeKbv.jpg,"Lola a deux frères : Benoît, qui se marie pour la troisième fois, et Pierre, qui débarque en retard au mariage… Excuses, reproches, engueulades, brouilles, chacun essaie de vivre sa vie de son côté. Benoît va devenir père sans y être prêt. Lola fait la rencontre de Zoher alors qu’elle s'occupe de son divorce. Quant à Pierre, ses problèmes professionnels s'enveniment. Tout dans leur vie devrait les éloigner, mais ces trois-là sont inséparables…"
499720,/AmErmXJIefJaFX2HPLcSwFjaTVP.jpg,"Port Vendres est un port magnifique situé en Catalogne française... Magnifique et tellement français : un maire bling-bling et des employés municipaux toujours à fond !  À fond dans les acquis sociaux, à fond contre les cadences infernales, à fond... dans la déconne... celle qui fait qu'on les aime... Et si de plus ils deviennent des héros alors il n'y a plus aucune raison de ne pas s'inscrire à ce voyage dans la vraie vie."
515816,/7fZCy3Fy6vIKdqIjLMmwvLgtApS.jpg,"Raoul Taburin, c’est l’histoire d’un petit garçon devenu grand sans savoir faire du vélo. L’histoire d’un immense malentendu vécu comme une malédiction. Un imposteur malgré lui."
604563,/m3iAyhvWHyp9xith6ydOeBVh9bq.jpg,"1981. Hubert Bonisseur de La Bath, alias OSS 117, est de retour. Pour cette nouvelle mission, plus délicate, plus périlleuse et plus torride que jamais, il est contraint de faire équipe avec un jeune collègue, le prometteur OSS 1001."
527729,/bMYpBVc0bS0ykEXSjRXIat6ooJf.jpg,"À la suite d’une chute lors de la cueillette du gui, le druide Panoramix décide qu’il est temps d’assurer l’avenir du village. Accompagné d’Astérix et Obélix, il entreprend de parcourir le monde gaulois à la recherche d’un jeune druide talentueux à qui transmettre le Secret de la Potion Magique…"
550738,/jvv313GJcCYbPbRDqKt2Vi3BDzt.jpg,"Un duo fantaisiste d’agents secrets, composé de l’exigeant mais rebelle Vladimir et d’Hector le geek vaurien, tient le sort du monde entre ses pattes : suite au vol de la radiésite, matériau classé top secret sur une plateforme offshore, le tandem devra sauver la planète d’une menace climatique au cours de son enquête, menée tambour battant !"
515818,/tJDCu7m3dFyOVxBbs2pAiFlVx8o.jpg,"Depuis son village au nord du Sénégal, Yao est un jeune garçon prêt à tout pour rencontrer son héros : Seydou Tall, un célèbre acteur français. Invité à Dakar pour promouvoir son nouveau livre, ce dernier se rend dans son pays d’origine pour la première fois. Pour réaliser son rêve, le jeune Yao organise sa fugue et brave 387 kilomètre en solitaire jusqu’à la capitale. Touché par cet enfant, l’acteur décide de fuir ses obligations et de le raccompagner chez lui. Mais sur les routes poussiéreuses et incertaines du Sénégal, Seydou comprend qu’en roulant vers le village de l’enfant, il roule aussi vers ses racines."
529784,/2AVjeE0yITLVT9IuP65EU7pqSIt.jpg,"Abel et Marianne sont séparés depuis 10 ans.  Alors qu’ils se retrouvent, Abel décide de reconquérir Marianne.  Mais les choses ont changé : Marianne a un fils, Joseph, et sa tante, la jeune Ève, a grandi.  Et ils ont des secrets à révéler…."
569814,/rpZqsW1tScm62fhTPzCj2dFBTS.jpg,"Sans boulot ni diplôme, Sandra, ex miss Pas-de-Calais, revient s'installer chez sa mère à Boulogne-sur-Mer après 15 ans sur la Côte d'Azur. Embauchée à la conserverie locale, elle repousse vigoureusement les avances de son chef et le tue accidentellement. Deux autres filles ont été témoins de la scène. Alors qu'elles s'apprêtent à appeler les secours, les trois ouvrières découvrent un sac plein de billets dans le casier du mort. Une fortune qu'elles décident de se partager. C'est là que leurs ennuis commencent..."
490445,/utb73E9kvYGeYawkH1BG8lEENS6.jpg,"Rose et Alice sont deux sœurs très différentes. Rose est libre et rock n’roll. Alice est rangée et responsable. Elles ne sont d’accord sur rien, à part sur l’urgence de remonter le moral de Françoise, leur mère, fraîchement quittée par leur père pour une femme beaucoup plus jeune. La mission qu’elles se sont donnée est simple « sauver maman » et le cadre des opérations bien défini : un club de vacances sous les Tropiques…"
570132,/mHIeGGpbSbtW2pVuap4vdewyhvQ.jpg,"Comme chacun sait, les enfants ne font aucune différence entre les classes sociales, les couleurs de peau ou les religions. Mais alors pourquoi Corentin, le fils de 9 ans de Paul et Sofia, n’a-t-il à l’école de Bagnolet que des amis qui lui ressemblent? Et quand ses amis partent tous dans une école privée parisienne, ses parents prennent peur. Désormais, Corentin est le seul dans sa classe. Mais le seul quoi ?"
582883,/xkU5T0jes88ITi0tlvqkm8Mx4jV.jpg,"Georges, la quarantaine, quitte du jour au lendemain sa femme et son travail pour s'offrir le blouson de ses rêves, une veste en daim à franges. Le vendeur lui cède avec un caméscope numérique. Très fier du nouveau style que lui confère son achat, Georges prend une chambre d'hôtel dans une station des Pyrénées. Dans un bar, il fait la connaissance de Denise, une serveuse cinéphile qui rêve de devenir monteuse. Il lui fait croire qu'il est un réalisateur en repérage pour un prochain tournage. L'homme développe par ailleurs une véritable obsession pour son blouson."
542830,/fzUvcARz82u9ZL1MIQPJXhSwBhB.jpg,"Préoccupé, Max est parti dans sa maison au bord de la mer pour se ressourcer. Sa bande de potes, qu’il n’a pas vue depuis plus de 3 ans débarque par surprise pour lui fêter son anniversaire ! La surprise est entière mais l’accueil l’est beaucoup moins… Max s’enfonce alors dans une comédie du bonheur qui sonne faux, et qui mettra le groupe dans des situations pour le moins inattendues. Les enfants ont grandi, d’autres sont nés, les parents n’ont plus les mêmes priorités... Les séparations, les accidents de la vie… Quand tous décident de ne plus mettre de petits mouchoirs sur les gros bobards, que reste-t-il de l’amitié ?"
590986,/jCViLcfHi2VrgvOvBBbhQnecUAh.jpg,"Suite à une opération de chirurgie esthétique ratée, une comédienne fait appel à un sosie pour la remplacer sur son prochain tournage... sans se douter qu’il s’agit de sa propre sœur jumelle dont elle ignorait l’existence."
486519,/ibfyFHXlZROfmK9emRVmlh1VL05.jpg,"Elles sont Présidente de la République, nounou, boulangère, comédienne, prof, fleuriste, journaliste, sans emploi, pédiatre. Elles sont possessives, bienveillantes, maladroites, absentes, omniprésentes, débordées, culpabilisantes, indulgentes, aimantes, fragiles, en pleine possession de leurs moyens ou perdant la tête. Bien vivantes ou déjà un souvenir ... Fils ou fille, nous restons quoiqu'il arrive leur enfant avec l'envie qu'elles nous lâchent et la peur qu'elles nous quittent. Et puis nous devenons maman ... et ça va être notre fête !"
566454,/anN8IURd68mqxYAFdA9O3mV4wCp.jpg,"Une éditrice découvre un roman extraordinaire dans une bibliothèque qui recueille les manuscrits refusés par les éditeurs. Le texte, signé Henri Pick, devient un best-seller. Pourtant, ce pizzaïolo breton décédé deux ans plus tôt, n’aurait jamais lu de livre ni écrit autre chose que sa liste de courses. Un célèbre critique littéraire va mener l’enquête avec l’aide de la fille de l’énigmatique Henri Pick."
570131,/6SltsxgH5feW5cJTxjmJupEGgme.jpg,"Du jour au lendemain, Raphaël se retrouve plongé dans un monde où il n'a jamais rencontré Olivia, la femme de sa vie. Comment va-t-il s’y prendre pour reconquérir sa femme, devenue une parfaite inconnue?"
580600,/9i8VCKTd9Xh74VlyTjGPW1V2C1i.jpg,"Suite à la destruction de leur vaisseau, le jeune Willy est séparé de ses parents avec lesquels il voyageait dans l’espace. Sa capsule de secours atterrit sur une planète sauvage et inexplorée. Avec l’aide de Buck, un robot de survie, il va devoir tenir jusqu’à l’arrivée d’une mission de sauvetage. En attendant, Willy, Buck et Flash, une créature extra‐terrestre avec laquelle ils se sont liés d’amitié, partent à la découverte de la planète, de sa faune, sa flore… mais aussi de ses dangers."
520725,/6agXZJo5sMA837eM1hu2rqzG58c.jpg,"Sofia, 8 ans, vit seule avec son père. Tous les soirs, il lui invente une histoire pour l’endormir. Ses récits extraordinaires prennent vie dans un monde imaginaire où l’héroïne est toujours la princesse Sofia, et son père, le Prince courageux. Mais trois ans plus tard, quand Sofia rentre au collège, elle n’a plus besoin de ces histoires. Désarmé, son père va devoir accepter que sa fille grandisse et s’éloigne de lui. Dans leur Monde imaginaire, le Prince va alors devoir affronter la plus épique de toutes ses aventures pour conserver une place dans l’histoire."
539531,/hTbMGlx7atKkVe22lQchUyZPfoR.jpg,"E.S. fuit la Palestine à la recherche d'une nouvelle terre d'accueil, avant de réaliser que son pays d'origine le suit toujours comme une ombre. La promesse d'une vie nouvelle se transforme vite en comédie de l'absurde. Aussi loin qu'il voyage, de Paris à New York, quelque chose lui rappelle sa patrie.  Un conte burlesque explorant l'identité, la nationalité et l'appartenance, dans lequel se pose une question fondamentale : où peut-on se sentir « chez soi » ?"
515820,/ePxeIwodTq2ZNxnmFr6K2YGv2FY.jpg,"Dany Versavel a un souci avec son fils : à 15 ans, Sullivan ne veut plus d’un père qui fait le king derrière les barreaux. Pour Dany, son « ket », c’est sa vie, hors de question de le laisser filer. Il décide donc de s’évader de prison prématurément ! Entre cavales, magouilles et petits bonheurs, il a tant de choses à lui enseigner. Un apprentissage à son image. Au pied de biche, sans pudeur ni retenue.  Mais là où l’on pouvait craindre le pire, se cache peut-être le meilleur…"
528668,/2A5ELUnmZmbhb8QpPe8pp6si6aT.jpg,"Damien est pion dans une école primaire, et mène une vie tranquille. Pour sauver l’un de ses jeunes élèves Bahzad, et sa mère, d’une expulsion de territoire imminente, Damien renoue avec le passé militant de ses parents et convainc sa soeur Mélanie, devenue redoutable avocate d’affaires, son meilleur ami Rudy et une bande de potes improbables de l’accompagner dans son nouveau combat. Ensemble, ils vont enfreindre la loi par solidarité. Et très vite se faire complètement dépasser…"
538065,/mKeWkbAtlXw4kNcVNBft8oiOiGf.jpg,"Thomas et Francis braquent Wilfrid, propriétaire d’un ensemble de carwash. Contre toute attente, celui-ci se montre ravi de cette compagnie venant égayer sa vie solitaire, et les autorise à piquer dans la caisse. Bientôt, Hélène et Lucie, deux copines du Sud, les rejoignent pour profiter de l’été à Poitiers."
510465,/5s4xhgZm2teeMDrq6LusNFCfGIJ.jpg,"Tout va pour le mieux dans la vie sans histoires de Fanny… jusqu’au jour où elle découvre que son fils chéri, Arthur, neuf ans, est le bouc émissaire de trois garçons de son école… Fanny ne laissera pas seul son fils face à ces petits bourreaux : elle va rendre à ces sales gosses la monnaie de leur pièce. Coups fourrés et pièges de cours de récré, désormais ce sera “œil pour œil et dent pour dent !”"
538675,/anCwdplXqITmCnXQvpwTMCy24Np.jpg,"Fabien a toujours l’air égaré, et même un peu perché, quand il se réveille. Ephémère vedette d’une sitcom des années 90, il perd régulièrement la boule et la mémoire depuis la disparition de Corinne, sa partenaire à l’écran qu’il aimait tant. Plus rien de l’étonne, pas même sa rencontre avec Yoni, un jeune garçon plein de larmes, qui trimballe dans un sac la tête de son amant, beau comme un rêve, troublant comme un souvenir, comme un reproche… Pour Fabien, il est l’heure de remonter le temps."
469274,/gVKfVxoHE34nUUoehs0shNzpEVe.jpg,"Nicky Larson est le meilleur des gardes du corps, un détective privé hors-pair. Il est appelé pour une mission à hauts risques : récupérer le parfum de Cupidon, un parfum qui rendrait irrésistible celui qui l’utilise…"
574861,/fzXjaN6CpJ9qD4nBcGYrfSlOIoH.jpg,"Béatrice célèbre avec les siens la sortie de son livre, dans lequel elle raconte l’accident de son mari qui a bouleversé leur vie. Frédéric a perdu la vue et ne peut s’empêcher de dire tout ce qu’il pense : c’est devenu un homme imprévisible et sans filtre bien que toujours aussi drôle et séduisant. Mais ce livre, véritable hymne-à-la-vie, va déclencher un joyeux pugilat car même si Béatrice a changé les noms, chacun de ses proches cherche à retrouver son personnage. Le groupe d’amis et la famille tanguent… mais certaines tempêtes sont salutaires."
593475,/2wlsMun2WbQpRigsuDydSl08hPt.jpg,"Coline et André sont en parfaite harmonie avec leur fille, Garance, et leur gendre Harold. Mais Garance se sépare d’Harold et ordonne à ses parents de ne plus jamais le revoir. Les beaux-parents ne peuvent s’y résoudre : elle l’a largué, mais pas eux ! Ils devront mener une double vie pour continuer à voir leur gendre adoré, en cachette de leur fille, qui ne va pas les lâcher…"
510475,/fTEcN4BLlv7ADMeSplu4VqpCEqK.jpg,"La vie de Piotr et Marilyn, jeune couple de la banlieue lilloise, va être bouleversée suite à un accident de voiture. Traumatisé crânien, Piotr, s’il garde son physique avantageux, n’a plus toute sa tête : tantôt matou apathique, tantôt fauve en rut à l’hypersexualité débridée. Pour Marilyn, convaincue que son amour pour lui peut le sauver, c’est le début d’une épopée menée vaille que vaille et cul par-dessus tête."
570260,/7UbCvdOeVAq7Jefm4df0URzrrP0.jpg,"Émile, 14 ans, traverse comme il peut son adolescence dans une petite ville de la région parisienne, entre un père représentant de commerce, fantasque et doux dingue, et une mère pas tellement plus saine d’esprit, qui teint les cheveux en blond de son fils tous les mois, parce que, paraît-il, il est plus beau comme ça. Persuadé de la pertinence de cette décoloration capillaire, Émile en a néanmoins terriblement honte, tout comme il a honte de vivre dans une caravane sur le terrain où Bernard et Annie, ses parents, doivent faire bâtir leur maison… le jour où ils obtiendront le permis de construire. Quand Pauline, la fille du lycée dont il est amoureux, invite Émile à Venise pour un concert à la Fenice, Bernard décide que toute la famille va l’accompagner avec la caravane, pour un voyage aussi rocambolesque qu’initiatique."
616821,/2PcOpwLIIToZltmO95uvSC8CrsH.jpg,"Stella, une actrice sur la touche, perd sa faculté de rire suite à une lésion cérébrale. Sans humour, elle ne peut plus travailler, sa vie la désespère, elle touche le fond... Sur les conseils de son neurologue, elle rencontre Frank, un géologue, foreur-dynamiteur dans une carrière, qui souffre du même syndrome. Ils décident de s'entraider et partent suivre un workshop de yoga du rire dans le Far West belge."
489415,/odgUTXXjm5toRY5qisbYfT10j01.jpg,"Julien sent comme une présence hostile derrière lui en permanence. Alex, son fils, apprend qu’Eva, lycéenne de 17 ans, a oublié de le prévenir qu’il allait être père. La mère d’Eva, Véro, dans une sale passe depuis sa naissance pense qu’elle va être obligée d’arracher le sac des vieilles pour nourrir le futur enfant. Elizabeth, dont le mari Bertrand s’est volatilisé, voit sa maison dévastée par une perquisition. Lucie exaspérée par les délires paranos de Julien, son mari, est au bord du burn-out conjugal. Serena, la maîtresse de Julien, sent qu’il lui ment. Julien ne sent pas que Serena lui ment aussi. Loïc, fils aîné de Véro, seul élément stable de la bande, ne l’est pas tant que ça. Sans oublier un absent toujours très présent…"
587301,/awmVj0xmD8CP4g0uD7dUrM8nqi.jpg,"Une année au cœur de l’école de la république de la vie… et de la démerde! Samia, jeune CPE novice, débarque de son Ardèche natale dans un collège réputé difficile de la ville de Saint-Denis. Elle y découvre les problèmes récurrents de discipline, la réalité sociale pesant sur le quartier, mais aussi l’incroyable vitalité et l’humour, tant des élèves que de son équipe de surveillants. Parmi eux, il y a Moussa, le Grand du quartier et Dylan le chambreur. Samia s'adapte et prend bientôt plaisir à canaliser la fougue des plus perturbateurs. Sa situation personnelle compliquée la rapproche naturellement de Yanis, ado vif et intelligent, dont elle a flairé le potentiel. Même si Yanis semble renoncer à toute ambition en se cachant derrière son insolence, Samia va investir toute son énergie à le détourner d’un échec scolaire annoncé et tenter de l’amener à se projeter dans un avenir meilleur…"
510456,/jR1JIDQe01q1ajSgjjRXvUDcs0y.jpg,"Martin, coach de l’équipe française de basketteurs déficients mentaux, est au pied du mur. En pleine préparation des Jeux Paralympiques, ses meilleurs joueurs viennent de le laisser tomber. Refusant de perdre la subvention qui est vitale pour sa fédération, il décide de tricher pour participer coûte que coûte à la compétition. Il complète son effectif par des joueurs valides, dont Stan et Pippo, deux trentenaires désœuvrés. Même Julia, la psychologue de la fédération, ne s’aperçoit pas de la supercherie. En s’envolant pour Sydney, Martin est loin d’imaginer le mélange explosif qu’il vient de créer."
592480,/O7vbzSGmP7nl0mGvCP9HwKWkAK.jpg,"Le maire de Lyon, qui est au bout du rouleau. Il n'a plus une seule idée. Après trente ans de vie politique, il se sent complètement vide. Pour remédier à ce problème, ses équipes décident de lui adjoindre une jeune et brillante philosophe… Un dialogue se noue, qui rapproche Alice et le maire et ébranle leurs certitudes. Peu à peu, une question se pose : la pensée et la pratique politique sont-elles compatibles ?"
535754,/92kSLh9VUsddYRSdxMJkMg3W8j1.jpg,"Isabelle est bénévole dans de multiples associations caritatives, surinvestie, addict à l’humanitaire. Mais sa famille commence à se lasser. Son mari Ajdin et leurs deux adolescents lui réclament l’affection et l’attention qu’elle distribue continuellement à l’extérieur."
613345,/xzfEsACN1ma7ArFjFC5JvuThvov.jpg,"Après une bagarre, toute l'équipe de foot de Clourrières est suspendue jusqu'à la fin de la saison. Afin de sauver ce petit club du Nord qui risque de disparaître, le coach décide de former une équipe composée exclusivement de femmes pour finir le championnat. Cette situation va complètement bouleverser le quotidien des familles et changer les codes bien établis de la petite communauté..."
613348,/w7bS4nnqZArSgkFU96uPIhxNP6v.jpg,"Au cœur du Morvan, Nico, dernier véto du coin, se démène pour sauver ses patients, sa clinique, et sa famille. Quand Michel, son associé et mentor, lui annonce son départ à la retraite, Nico sait que le plus dur est à venir. «T’en fais pas, j’ai trouvé la relève.» Sauf que… La relève c’est Alexandra, diplômée depuis 24 heures, brillante, misanthrope, et pas du tout d’accord pour revenir s’enterrer dans le village de son enfance. Nico parviendra-t-il à la faire rester?"
543636,/rQz3uz5Xe9uLO6GvGfSabB9kdj6.jpg,"Angèle avait 8 ans quand s’ouvrait le premier McDonald’s de Berlin-Est… Depuis, elle se bat contre la malédiction de sa génération : être né « trop tard », à l’heure de la déprime politique mondiale. Issue d’une famille de militants, sa sœur a choisi le monde de l’entreprise et sa mère a abandonné du jour au lendemain son combat politique, pour déménager, seule, à la campagne. Mais son père, ancien maoïste chez qui elle retourne vivre, lui, est resté debout. En colère, déterminée, Angèle s’applique autant à essayer de changer le monde qu’à fuir les rencontres amoureuses. Que lui reste-t-il de la révolution, de ses transmissions, de ses rendez-vous ratés et de ses espoirs à construire ? Tantôt Don Quichotte, tantôt Bridget Jones, Angèle tente de trouver un équilibre."
589230,/qPxEavTE3zcZUGP05mC3G2Lmuzn.jpg,"Victor et Ben, la trentaine, ont pour projet d’ouvrir leur propre salon de coiffure. Mais, rapidement leur rêve tourne dramatiquement court. Déterminé à poursuivre sa quête de liberté et d’indépendance, Victor parvient à convaincre Célia, qu’il a connue lorsqu’ils étaient encore à l’école de coiffure, de le suivre dans l’aventure. Entre leur travail respectif, les paperasses, la réglementation, les dettes, la famille...et les troubles amoureux qui resurgissent du passé, les deux jeunes associés doivent faire front commun pour surmonter tous les obstacles et tenter de mener à bien leur projet de vie."
592782,/Y19yeHiAKBINqvm1DheUSrMr0Y.jpg,"Alors que Miranda, la dernière baleine au monde, fait la une des journaux, Daniel, physicien obstiné, tente de redonner aux poissons l’envie de copuler. Célibataire désabusé, il est lui-même hanté par le désir d’être père et compte bien traiter ce problème scientifiquement.  Le hic c’est qu’à Bellerose il y a seulement 3 femmes en âge de procréer, soit une chance sur 6232,33 de rencontrer la mère de ses futurs enfants. Pourtant un jour, en sauvant de la noyade un étrange poisson à pattes, Daniel va réapprendre à tomber amoureux."
595975,/3M3kgXQYFPjQUzgNUptiu3EU4ge.jpg,"Victor, un sexagénaire désabusé, voit sa vie bouleversée le jour où Antoine, un brillant entrepreneur, lui propose une attraction d’un genre nouveau: mélangeant artifices théâtraux et reconstitution historique, cette entreprise propose à ses clients de replonger dans l’époque de leur choix. Victor choisit alors de revivre la semaine la plus marquante de sa vie: celle où, 40 ans plus tôt, il rencontra le grand amour..."
544398,/t37i63GN6ja3piv3BhOrbEFZmfy.jpg,"Tom, un adolescent timide et sensible, s’apprête à faire sa rentrée dans un nouveau lycée. Pour l’aider à s’intégrer, il peut compter sur les conseils de Léo, son grand frère et véritable mentor. Léo s’emploie à faire de Tom un mec, un vrai, mais son omniprésence va rapidement se transformer en une influence toxique. Tom va devoir batailler pour s’affranchir de l’emprise de Léo et trouver son propre chemin…"
600479,/ckFZCD9l0NQBeGvTicxpcHrDEq6.jpg,"Crooner au cœur brisé, Gaspard s’était juré de ne plus retomber amoureux. Quant à Lula, jolie sirène, elle n’a que le chant pour se défendre des hommes, en faisant s’emballer leur cœur jusqu’à l’explosion. Lorsque la Seine en crue vient déposer Lula au pied du Flowerburger, la péniche-cabaret où chante Gaspard, c’est un mini-tsunami qui va bouleverser leur existence. Lui, l’homme qui a souffert d’avoir trop aimé, et elle, la créature qui n’a jamais connu l’amour, vont apprendre à se connaître. Et à chanter d’une même voix…"
582206,/A3aI1wH2lIeKZ5ML4AO0IevACv0.jpg,"Suite à un énorme malentendu, deux amis d’enfance, chacun persuadé que l’autre n’a plus que quelques mois à vivre, décident de tout plaquer pour rattraper le temps perdu."
575463,/4FfRj0P6d5qHGRZQZbZzlk8OaQP.jpg,"Patience Portefeux est interprète judiciaire franco‐arabe, spécialisée dans les écoutes téléphonique pour la brigade des Stups. Travail précaire, payé au noir. Un jour, Patience met le doigt dans l’engrenage d’un réseau et devient la Daronne, en plein cœur de Belleville."
613368,/ow6wuveiqHIsSUoj3hgkxUZs9FL.jpg,"Nour, une petite grosse de 25 ans qui ne semble être une option pour aucun mec, décide d’apprendre la féminité et la séduction en se mettant... au pole dance. Sissi, ancienne danseuse un peu bancale, va tenter de lui enseigner les bases de cette danse, mais aussi de l'acceptation de soi. Avec ses deux meilleurs amis tout aussi paumés qu’elle, Nour va filer droit dans le mur, avant d’apprendre enfin à s’aimer."
589976,/wL0vHMW028IwaxHokWLZeP42oI9.jpg,"Marilou et Philippe se préparent avec jubilation à leur future retraite au Portugal. Ils sont en pleine forme et ont bien l’intention de profiter de la vie. Quand leur fille Cécile met son conjoint Arnaud à la porte, leurs projets tombent à l’eau car la garde des petits-enfants et tout un cortège de sollicitations s’abat sur eux."
582911,/aBr17CJG3WLHZqVrtFltH68Erb7.jpg,"Adrien est un Peter Pan des temps modernes. Il a beau approcher la trentaine, il vit encore comme un enfant. Petit, il a connu le succès en tant qu’acteur mais c’était il y a plus de dix ans et aujourd’hui Adrien n’a plus un sou. Il retourne ainsi vivre chez ses parents et tente de redonner un coup de fouet à sa vie. Entre la possibilité d’une histoire d’amour et celle d’un retour qu’il s’imagine triomphant en tant qu’acteur, le chemin d’Adrien sera semé d’embûches."
740076,/yFmGIHZsSzLScB2WFGUlzTqIpYr.jpg,"Francis, petit comptable officiant dans un cabaret miteux de Charleroi, a des soucis conjugaux avec Martine, son épouse. Après une violente dispute, il se réveille un matin pour découvrir une bien mauvaise nouvelle dans son propre congélateur. C’est le point de départ macabre et loufoque d’un polar burlesque parfumé de « gueuze » bien fraîche, de musique tzigane, sous fond de déni de la désagrégation du couple, où vont se croiser toutes les variétés de névroses et de folie."
575479,/umOllMBRB1zMFMJFRnTlQorApSM.jpg,"Naïma a 16 ans et vit à Cannes. Alors qu'elle se donne l'été pour choisir ce qu'elle veut faire dans la vie, sa cousine Sofia, au mode de vie attirant, vient passer les vacances avec elle. Ensemble, elles vont vivre un été inoubliable."
582897,/1sBMFQhT3UkO3GjLsUDZT5O3aOb.jpg,"Selma Derwish, 35 ans qui, après avoir exercé en France, ouvre son cabinet de psychanalyse dans une banlieue populaire de Tunis. Les débuts sont épiques, entre ceux qui prennent Freud et sa barbe pour un frère musulman et ceux qui confondent séance tarifée avec ""prestations tarifées"". Mais au lendemain de la Révolution, la demande s'avère importante dans ce pays schizophrène. Alors que Selma commence à trouver ses marques, elle découvre qu'il lui manque une autorisation de pratique indispensable pour continuer d'exercer…"
723294,/hG4yUTzeWk7728l1C0xZzKLIPtJ.jpg,"Cette fois-ci, c’est elle qui débarque ! Jacqueline, en pleins travaux dans son appartement, est joyeusement contrainte d’aller vivre « quelques jours » chez sa fille aînée Carole et son gendre, en pleine thérapie de couple. Ces « quelques jours » se transforment en « quelques mois », Jacqueline se sent vite chez elle, prépare les dîners, accapare la télévision, réorganise la cuisine … Elle est là et on ne sait pas pour combien de temps !"
587311,/hkVDiWGE98cfOtYhXz3gkhTkqWS.jpg,"1863, dans un convoi qui progresse vers l’Ouest avec l’espoir d’une vie meilleure, le père de Martha Jane se blesse. C’est elle qui doit conduire le chariot familial et soigner les chevaux. L’apprentissage est rude et pourtant Martha Jane ne s’est jamais sentie aussi libre. Et comme c’est plus pratique pour faire du cheval, elle n’hésite pas à passer un pantalon. C’est l’audace de trop pour Abraham, le chef du convoi. Accusée de vol, Martha est obligée de fuir. Habillée en garçon, à la recherche des preuves de son innocence, elle découvre un monde en construction où sa personnalité unique va s’affirmer. Une aventure pleine de dangers et riche en rencontres qui, étape par étape, révélera la mythique Calamity Jane."
589181,/Aec2aHRpwSntw084WnAZBOBJig1.jpg,"Théo, alias «Fourmi», est fils unique de parents divorcés. Tandis que sa mère Chloé vit les prémices d’une nouvelle histoire d’amour, son père Laurent semble s’enliser dans une vie sans perspectives. Du haut de ses 12 ans, Théo a un don pour le football. Lorsqu’un recruteur d’un club anglais prestigieux s’intéresse à lui, il y voit l’opportunité de redonner un peu d’espoir à son père. Mais malgré ses efforts, «Fourmi» n’est pas sélectionné en raison de sa petite taille. Il décide de mentir à son père et lui fait croire qu’il a été retenu pour la rentrée prochaine. Ce mensonge va vite dépasser Théo et bouleverser sa vie et celles de ses proches."
579898,/7vjSChjX7pEsazduXnwQCZJOKpt.jpg,"Après deux ans de joyeuse collocation, la tribu des 7 demi-frères et sœurs doit quitter le grand appart’ avant la rentrée. Alors que chacun part en vacances pour l’été avec ses parents respectifs, Gulliver, le petit dernier, est envoyé tout seul chez sa grand-mère au bord de la mer. Mais l’excentrique Mamie Aurore n’est pas une baby-sitter comme les autres et préfère faire la fête plutôt que de garder son petit-fils… Le reste de la troupe décide de venir à sa rescousse. C’est le début d’une nouvelle révolution.  Elle voulait se la couler douce… Ils vont lui mener la vie dure !"
605734,/yxHDlr90ww0XZt3U26W95JNExf3.jpg,"Stéphane mène une vie paisible au Pays Basque entre ses deux fils, aujourd’hui adultes, son ex-femme et son métier de chef cuisinier. Le petit frisson dont chacun rêve, il le trouve sur les réseaux sociaux où il échange au quotidien avec Soo, une jeune sud-coréenne. Sur un coup de tête, il décide de s’envoler pour la Corée dans l’espoir de la rencontrer. Dès son arrivée à l’aéroport de Séoul, un nouveau monde s’ouvre à lui…"
577242,/4mcovnajaLoy7dbv5arykJjDFFC.jpg,"Le tyrannique Lancelot-du-Lac et ses mercenaires saxons font régner la terreur sur le royaume de Logres. Les Dieux, insultés par cette cruelle dictature, provoquent le retour d'Arthur Pendragon et l'avènement de la résistance. Arthur parviendra-t-il à fédérer les clans rebelles, renverser son rival, reprendre Kaamelott et restaurer la paix sur l'île de Bretagne ?"
667071,/yhAiRXQUkMRnalRZFr1jiRCohjM.jpg,"Pour Tim et Chloé, le bonheur c'est au jour le jour et sans attache. Mais demain l'été s'achève. Leur fille, Tommy, rentre au collège et cette année, c'est promis, elle ne manquera pas ce grand rendez vous. C'était avant que Chloé ne disparaisse, que Tim vole une voiture et qu'un cosmonaute débarque dans l'histoire."
589970,/jTO4vaDMxRnlzx7d3mHRkIjI2Is.jpg,"Pour l’aider à retrouver sa fiancée disparue, Romain, médecin en hôpital psychiatrique n’a d’autre choix que de faire évader l’un de ses patients Léo Milan, qui prétend être un agent secret… Mais Romain n’est pas tout à fait sûr d’avoir fait le bon choix, Léo dit « le Lion » est-il vraiment un agent secret ou simplement un gros mytho ?"
1048595,/uMSJTJLHge0vBJ2ZlCmK0ZENYKP.jpg,"A la manière du premier show présenté en 1983 sur Antenne 2, ce Show retrace la vie de Dorothée depuis sa petite enfance jusqu’au succès, racontée en sketchs et en chansons à travers ses différentes étapes : bébé à la crèche, élève dissipée à l'école avec un professeur joué par l'académicien Alain Decaux, adolescente montant son groupe de rock avec ses copines et jeune adulte voulant travailler à la télévision et faisant face à de nombreuses péripéties avant d'y parvenir. Le scénario et les dialogues sont signés Jean-François Porry (alias Jean-Luc Azoulay) évidemment et sont mis en image par Robert Réa."
265998,/VQjrU0X7x7BvB6kXrhWPUeEMr2.jpg,"La 1ere est ambitieuse et dynamique. A 30 ans, elle est promise à un bel avenir dans la société de cosmétiques bios où elle travaille. Sa vie est scrupuleusement organisée jusqu’au jour où débarque sa sœur, Lola. Cette dernière mène une vie de vie bohème. Passant d’un boulot à un autre continuellement, elle est insouciante, tête en l’air, et passe son temps à voyager à l’autre bout du monde. Un jour, Lola s’installe d’elle chez sa sœur. Comment Audrey va –t-elle réagir ? Acceptera-t- elle de prendre en charge sa sœur et de la supporter ?"
266804,/99D1rmiyHxGFJHypJYSAjVd5FOo.jpg,"Venus fêter l'anniversaire de leur père sur l'Ile de Ré, quatre frères et sœurs verront leurs préparatifs voler en éclat lorsque le patriarche trouvera la mort à la suite d'un malaise cardiaque. Pendant tout un week-end, la fratrie en deuil tentera de maintenir le lien qui l'unit."
1317357,/rhu6lSxXfRxmsKVQacUDNzbOfg9.jpg,"Fary est de retour sur scène pour sonder, sans compromis, les affres du couple et de l’amour. Après deux premiers spectacles diffusés dans plus de 190 pays, il revient avec un nouveau show : “Aime-moi si tu peux”. Fary démontre avec ce nouveau spectacle une extraordinaire capacité à se renouveler, tout en continuant à aborder avec subtilité les thèmes qui lui sont chers."
533846,/h6QFXr3IBA8cZVq8jt0Gu2NWTbf.jpg,"Monsieur Jourdain, parvenu enrichi et naïf, rêve d’être reconnu dans la haute société. Il engage à cet effet des maîtres de musique, de danse, de philosophie. La folie des honneurs, des décorations, de la puissance s’est emparée de notre bourgeois."
797265,/4t0O0POljTCFX4Rdj6VHIlJOs1U.jpg,"A travers cette tragi-comédie de quartier, Simon Abkarian célèbre ses racines méditerranéennes et rend hommage au théâtre de la Grèce antique. Dans cette fresque contemporaine, les femmes jouent un rôle de premier plan. Elles ne veulent plus subir l’enclos de la tradition et c’est en se heurtant à un patriarcat millénaire qu’elles forcent la porte de leur destin. C’est en affûtant leur langue qu’elles croisent le fer avec les hommes et font trembler l’ordre établi jusque dans ses fondements. Les discussions sont âpres et ardentes, les images fleuries et les sentiments extrêmes. Le printemps est à portée de main. Mais un terrible secret pèse sur le quartier. Qui le mettra à jour ?"
797403,/cGA7zWfF7FSq7L8Vc6t8ms6wRHY.jpg,"Au début de l'hiver, le père Amédée et son fils Manu sillonnent la campagne avec leur alambic. Ils distillent pour les paysans ""bouilleurs de cru"" leurs fruits macérés.  Ils sont aidés par une polonaise, Wanda, que Manu a fait venir en France dans l'espoir de l'épouser. La jeune femme ne supporte pas l'alcool. Son père est décédé d'une cirrhose. Amédée rejète cette fille étrangère venue lui voler son fils. Les rapports passionnels de cette drôle de famille se cristallisent autour de l'alambic, à la fois diabolique et nourricier.  Amédée est bourru mais séduisant, sauf quand il calcule ce qu'il faut dire ou faire pour faire souffrir la jeune femme. Wanda n'a pas froid aux yeux ni aux mains. Poussant l'infernale machine dans des chemins boueux et enneigés, le trio est accompagné de ""La Grenouille"". Compagnon de beuverie, le petit homme philosophe"
797517,/lgGwRrmNtux6nd8gDoq7wyJS3qO.jpg,"Après trente-sept ans de bons et loyaux services dans la Haute administration du ministère de la Santé, Jean-Jacques Daloiseau prend enfin sa retraite. Il projette de réaliser un rêve d'enfance, faire le tour du monde en bateau avec son ami Robert. Si ce dernier est libre comme l'air, Jean-Jacques en revanche, doit compter avec une famille composée que de femmes et de filles, certes attachante, mais exigeante, perturbante, accaparante, absorbante, et qui met à mal son projet maritime..."
535497,/kAz2mQePUCVakezGkmPQbKXHt9u.jpg,"Les Fourberies de Scapin est une comédie (d'inspiration italienne) de Molière en trois actes (comportant respectivement cinq, huit, et treize scènes) et en prose, créée au théâtre du Palais-Royal le 24 mai 1671."
797805,/7ByD5kziELXg1iYhVbkido6fPlc.jpg,"La Grande Duchesse Alice de Hassenbourg apprend dans un journal à potins que son ex-majordome, Pierre, dont elle est secrétement éprise, se meurt. Elle profite d'un voyage officiel à Genève pour lui rendre visite. Elle a alors l'idée de se faire remplacer à la conférence internationale réunissant des chefs d'état, par son sosie, Eva, connue pour ses imitations de la Grande Duchesse. Mais au cours des cérémonies, Eva se fait tuer. Alice décide alors de renoncer au trône pour vivre son amour avec Pierre."
535713,/141tA75P9fwIipC5geRQ3lFmfcX.jpg,Sketches et parodies mémorables des Inconnus sont compilés dans cette émission afin de les découvrir ou de les revoir.
535722,/nVkNcMBMPoTHf3NZH0DDYkTnBop.jpg,Sketches et parodies mémorables des Inconnus sont compilés dans cette émission afin de les découvrir ou de les revoir.
536819,/rdc9CbYSsIVBdQVd5kHdtmvY2rC.jpg,"Pourquoi se rend-on si souvent à des dîners où l’on n’a pas envie d’aller, pour voir des amis qui n’en sont plus vraiment? Par habitude? Par gentillesse? Par lâcheté? Grisés à l’idée de faire le ménage dans leurs agendas en faisant le tri parmi leurs vieux amis, Pierre et Clotilde Lecoeur (ERIC ELMOSNINO et LYSIANE MEIS) décident d’organiser des dîners d’adieu, forme ultime de divorce amical. Mais, en choisissant - comme première victime - Antoine Royer (GUILLAUME DE TONQUÉDEC), leur plus vieil ami, Pierre et Clotilde ignorent qu’ils mettent le doigt dans un engrenage infernal."
1061543,/l8PUsV2sAmZ3QInaXUFtGra8sQe.jpg,"Connu pour son énergie spectaculaire et son rythme effréné, l’humoriste trentenaire présente son nouveau one-man-show : Ensemble ou Rien. Il se plonge dans l’actualité pour nous parler sans détours des grands thèmes de notre époque : l’éducation, l’écologie, la condition féminine ou la fracture sociale. Chaque sujet est finement analysé et l’artiste propose des solutions... ou pas !"
1062061,/epIO6cmyXJoYuX5qAF2cpDQbi8s.jpg,"Pour cette nouvelle année, Pierre, le directeur du Grand Restaurant voit les choses en grand pour tenter d’obtenir la fameuse étoile du célèbre guide Michalon ! Et pour cela, il s’installe au pied de la Tour Eiffel. Pierre fait face à un critique culinaire sans scrupule, qui va lui proposer un accord pour le moins douteux : limoger son chef historique en échange de cette fameuse étoile. Le directeur du Grand Restaurant acceptera-t-il ?"
800040,/3ICno3RYSENivcKw1BpPgglGHaq.jpg,"Le sommet de la francophonie est décimé par une intoxication alimentaire. Bilan : trois chefs d’État et quatre ambassadeurs à l’hôpital. Il faut un coupable, pour l’exemple : ce sera celle de Vincent, organisateur de la « fruits de mer party » qui a mal tourné. Le voilà en chômage, non sans de substancielles indemnités de licenciement et des projets plein la tête en province, loin des tumultes parisiens, bien inutiles..."
294663,/qpOtwQ0B2MwVhmxn7zPyTjN51HR.jpg,"Marianne Riblon est à la tête d'une petite entreprise de matériel de construction, dans le Sud de la France. Veuve et fâchée avec sa fille depuis quinze ans, elle ne compte pas ses heures de travail et vit dans la solitude. Active au sein du conseil municipal, elle a des idées conservatrices et racistes. Un jour, Charlotte, sa fille, l'appelle pour lui annoncer qu'elle est grand-mère. Son petit-fils, Nicolas, a 12 ans. Il est en route pour lui rendre visite. Charlotte veut lui confier l'enfant, le temps de guérir d'une leucémie, un long combat. A la gare, Marianne découvre que le garçon est métis. Tous deux apprennent à se connaître..."
32616,/8516UR3uyqOSu2PoklljX2LepBf.jpg,"Dans une banlieue de Strasbourg, on suit le chemin d'un petit garçon, Max, qui lors de ses vacances d'été fera une merveilleuse rencontre avec la musique et l'amour. En effet, il suit le rythme énergique de Swing, une jeune Manouche aux allures de garçon manqué, qui lui fait découvrir sa communauté (leur mode de vie, leurs traditions, leurs origines, leur liberté...). Fasciné par les musiciens manouches, Max prend des cours de guitare avec l'un d'eux, Miraldo (inspiré et interprété par un des plus grands guitaristes de jazz manouche, Tchavolo Schmitt), qui est un génie de la musique. Entre de nombreux, forts et entraînants moments musicaux (chants, danse, musique...), le jeune garçon tombe peu à peu amoureux de son amie Swing. Mais ses vacances se terminent et sa condition de jeune écolier gadjo (terme rom désignant ceux qui ne sont pas de cette ethnie comme dans Gadjo Dilo) le rattrape... (wikipedia)"
560548,/2I5r2B7U7jlWX4nSdC0ullQ8Mf7.jpg,"Interné dans un hôpital psychiatrique, Issa se livre à travers ses personnages, tout aussi délirants les uns que les autres. Sa schizophrénie se révèle le temps d'une consultation épique chez le psy où il incarne tour à tour une monitrice d'auto-école, un postier antillais, un professeur de graisse défense ou encore Issana Jones. Avec beaucoup d'énergie et d'autodérision, il alterne sketches et improvisation, en interaction avec un public tout acquis à la cause de l'humoriste, révélé par «Les Lascars» et «Nos chers voisins»."
299114,/jZn4218xFTDHSZUmA19PdFrLdoL.jpg,"Pour la première fois, le Palmashow s'installe en prime time, emmené par les irrésistibles Grégoire Ludig et David Marsais. Au programme, des sketches, des parodies et des «very bad blagues» 100 % inédites, mais aussi une fiction où l'on retrouve le duo au top de sa forme. Tout au long de la soirée, des vedettes de la scène humoristique ou des comédiens viendront faire une apparition surprise. Florence Foresti, Christophe Lambert, Alex Lutz ou encore Kyan Khojandi se sont prêtés au jeu avec bonne humeur."
562216,/kNOz7hJzzCrgqbNzobJLzhxVPyK.jpg,"Imaginez-vous rire de tout, tout le temps, en permanence, même en cas de coup dur ? A priori, cela ressemble à une vie idéale… pour vous ? …Mais pour les autres ? Vu à la fois comme  un  monstre, un messie, une star, un cobaye de laboratoire, un cadeau, une plaie, un punching-ball, un demeuré, un homme idéal... Voici l’histoire de Golri, l’enfant né en riant …"
825331,/cmh0szg0jgK2ja7Am0gvRBHCRwD.jpg,"A l'encontre de toute évidence, leur compatibilité amicale atteint les 100 % selon le programme informatique! Serge Marron se transforme alors en véritable boulet, prêt à tout pour vivre cette amitié inespérée, quitte à faire du chantage à Pierre. Ce dernier n'est pas aidé dans ce calvaire par sa femme Martine, totalement séduite par Marron et très heureuse de la perspective d'un petit weekend à trois dans la Creuse..."
826689,/wdzLpCp5jL6OVlDWjUITyarCaff.jpg,Sketches et parodies mémorables des Inconnus sont compilés dans cette émission afin de les découvrir ou de les revoir.
567558,/z0VNnghWfKjXjaQ8QezVL2Fbdaj.jpg,"TVN 595 est une émission de télévision française figurant une chaine de télévision fictive créée par le groupe d'humoristes Les Nuls, et diffusée à l'occasion d'une soirée spéciale le samedi 26 novembre 1988[réf. souhaitée] sur la chaine Canal+."
567585,/3qA0vv9IxXbjCdua7OiDhmK419u.jpg,"Ne vous êtes-vous jamais demandé qui était cette petite voix qui vous murmurait des idées insensées dans votre tête ?  Redouanne la connait trop bien et a décidé de la faire parler sur scène.  Entre absurde et concret, le miracle va opérer sous vos yeux.  Pendant plus d'une heure, Redouanne va aborder des thèmes peu communs.  Car comme il aime le penser : ""Le meilleur moyen de célébrer la vie n'est-il pas de rire de la mort ?"""
305743,/fzCcj1VkwFqIHiESPRPtAtQSvfm.jpg,"DING ET DONG AUX LUNDI DES HA! HA! nous replonge dans l'univers absurde des deux cloches qui ont révolutionné l'humour avec leur rythme trépidant et une merveilleuse imbécillité. En 16 numéros où triomphent les « Tiens-toi », « Est bonne, est bonne » et « Est effrayante », ils nous ramènent au Club Soda des années '80, à l'époque où l'on faisait la file pour assister aux légendaires Lundis des Ha! Ha!  ""'Sur scène""'  Le pape Le marché aux puces La petite vie 1 L'anniversaire de mariage Christian Diaure Le voyage en Europe Noël et Janvier Denuy Le pickpocket La ligue d'improvisation Spleen et Baudelaire Le Grand échec Le scout L'interurbain La Petite Vie 2 Parents Anonymes Dors mon public dors  ""'En bonus""' La famille Paré - Prise 1"
830667,/rgGIdcY8N0VWVzDRC5C2LRFjcC7.jpg,"Ancienne vedette de music-hall, Amanda a toujours vécu au jour le jour. Mais cette période de relative sérénité semble révolue. Amanda affronte maintenant de sérieux problèmes financiers. Afin de sortir de ce mauvais pas, elle envisage de publier de croustillants souvenirs. Philippe Morhange, son ex-mari, devenu ministre, ne l'entend pas de cette oreille. Il resurgit aussitôt dans la vie d'Amanda et s'oppose vigoureusement à son projet. En dépit de leur séparation, une certaine complicité unit toujours ces deux êtres très différents. Il est, pour sa part, le symbole même de la réussite. Quant à Amanda, elle a, d'une certaine manière, gâché ses chances. Mais grâce à sa fougue et à son optimisme, elle est convaincue que l'on peut, en toutes circonstances, faire table rase du passé et tout reprendre à zéro...  Capté au Théâtre de Paris à Paris 9ème."
1094579,/jdAWJpSjSsROflDE5e7fgxJu2KW.jpg,Making of du film Astérix et Obélix : Mission Cléopâtre
570564,/a41Qgoqki0s7A4cHbsbijMcBIVH.jpg,
309345,/8cpI3epzIwNfpi6lUgdPmPEypaK.jpg,"Le matin de son mariage, Fadinard, un rentier parisien, quitte sa future belle-famille et se rend à son domicile. En chemin, le cheval de son cabriolet mâchonne malencontreusement un chapeau de paille suspendu à un arbre. C’est celui d’une femme en escapade au bois de Vincennes avec son amant. L’homme veut alors empoigner Fadinard qui prend finalement la fuite. Mais le couple illégitime retrouve bientôt sa trace et demande réparation. Il en va de l’honneur de la dame. Si elle rentrait sans chapeau chez elle, son mari s’imaginerait des choses… Tout pourrait être réglé rapidement, mais il s’agit de retrouver une coiffe identique, au coquelicot près. Bref, ce n’est pas gagné pour Fadinard."
835351,/xpwEsQpEiFNtF9ENAmrsduNNgLl.jpg,"Après sept ans de mariage, Richard Sherman, un publiciste new-yorkais, est resté un mari fidèle et entend bien le demeurer. Lors d'une soirée brûlante de juillet, sur un balcon de Manhattan, un pot de fleur en fonte pulvérise la chaise sur laquelle Richard Sherman était assis quelques secondes auparavant. La sublime voisine de l'étage au-dessus vient de faire accidentellement tomber son tomatier. Cet incident, qui aurait pu être fatal à Richard, est la plus belle chose qui pouvait lui arriver. Lui qui était plein de bonne volonté pour rester fidèle..."
573255,/wMKDcZqF4W8gVaiFoOMRW9ez93y.jpg,"Le Gala d'ouverture du Festival du Rire de Liège, qui se fait toujours dans cette salle mythique qu'est le Forum de Liège, proposera une revanche à nos Diables Rouges ! Vous aurez droit à un match France-Belgique comme vous n'en avez jamais vu ! Les Chevaliers du Fiel sont bien décidés à accorder leur revanche aux Diables rouges de l’humour sur le terrain de la déconne. Face à une fine équipe d’artistes Français surentrainés, la technique des Belges, jouant de surcroit à domicile, saura-t-elle déjouer l’efficacité de l’équipe de France, qui ne sont pas des bleus ? Tous les sketchs seront permis."
1101444,/i2n3BThTQGbRPgdTiShxtUhJnM3.jpg,"Quatre ans après une première soirée diffusée sur TF1, David Marsais et Grégoire Ludig, les comparses du Palmashow, sont de retour avec un nouveau prime time. Pour l'occasion ils ont écrit et réalisé des sketches inédits, des parodies d'émissions télé, de films ou de séries, des clips musicaux et des fausses publicités dont ils ont le secret. Le duo s'est entouré de nombreux invités : Valérie Lemercier, Blanche Gardin, Benoît Poelvoorde, Éric Judor, Alain Chabat, Florence Foresti, Florence Loiret Caille, Laura Felpin, Jean-Pascal Zadi, Benjamin Tranié et bien d’autres !"
315491,/rephXFrCUdlhdNgOSNCTMAbjiyR.jpg,Liz et Hugh se vantent de vivre en parfaite harmonie depuis quinze ans. Mais sous le vernis du couple idéal se profilent une lassitude engendrée par la routine et les habitudes nées du quotidien. Un projet de voyage va bientôt sonner l'heure des règlements de compte...
60601,/RMyTK4vWv6b1H0WVTSrB9Q3DJz.jpg,"C'est l'histoire d'une Diva allemande et de sa pianiste française : Maria Ulrika Von Glott et Yvonne de Saint-Coffre ne se supportent plus. Elles entrent en scène comme on entre dans l'arène. Ce soir, pour leur grand retour en Europe, leur corps à corps musical sera le dernier."
60832,/fr3irgpzqFibki6EzPL6Zs0ZmZF.jpg,"Marc est invité par son ami Serge à venir voir sa nouvelle acquisition : Une toile d'environ un mètre soixante sur un mètre vingt peinte en blanc, avec de fins liserés blancs transversaux, que Serge vient d'acheter 200 000 francs. Atterré par cet achat, Marc s'interroge et va trouver Yvan, leur ami commun, pour lui faire part de son incompréhension à propos de ce geste. Entre les trois amis s'engage alors une discussion qui ira bien au-delà de la seule question de l'art contemporain...  « Art » ( Les guillemets font partie du titre )"
323278,/8S5BZAG9zQIqWvmzWtVAGAj1x4B.jpg,"Dans un village de haute Provence, un boulanger récemment installé découvre un matin que sa jeune femme est partie avec un berger. Il décide de faire la grève du pain tant que sa femme n'est pas revenue. Le village se mobilise pour pouvoir retrouver sa boulangerie."
324152,/vioVOWO6YHuN8aXxjJynho2Edxo.jpg,"A 48 ans, Alexandre Legrand vient de prendre sa retraite après vingt-quatre ans d'aventures, de risques et d'adrénaline dans l'Armée de terre. Autant dire que son retour à la vie civile n'est pas aussi palpitant que ses dernières années en Afghanistan. Il met pourtant toute sa conviction pour animer un stage de récupération de points de permis de conduire. A l'occasion d'une réunion parents professeurs organisée au collège de son fils, Alexandre constate que l'absence prolongée de son professeur d'histoire menace la réussite de son brevet. A la surprise générale, le vétéran propose de le remplacer. Les méthodes militaires sont-elles applicables en milieu scolaire ?..."
62629,/pGDxu2HNMQ6SmsKNS1TZ6EufiSN.jpg,"Stéphane Guillon, le chroniqueur acide, cynique et caustique de 20h10 pétantes et du Fou du roi nous présente son nouveau spectacle. Moins féroce avec les stars que sur le plateau de Canal+, Stéphane Guillon réserve ici ses coups de griffes à quelques sujets de société : la sécurité routière, l'obsession du bio, la chirurgie esthétique, l'écologie, etc..."
587467,/8gbK7J6FeIxDUlNzBPdmOzEma7u.jpg,"Julie Toronto est comptable dans une entreprise parisienne. A 32 ans, elle décide de quitter sa ville et son emploi pour suivre en province Antoine, l'homme de sa vie, dont elle garde également les enfants. Une nouvelle vie commence pour cette petite femme ! Antoine la demande en mariage et les enfants sont ravis d'accueillir leur nouvelle maman. Pourtant, le tableau s'assombrit lorsqu'Antoine, brillant avocat, prétend au poste de bâtonnier. Cette fonction n'est pas forcément compatible avec l'amour qu'il porte à Julie, une nana pas comme les autres..."
326707,/zmkHfqhPStC4hCodLhVrdr1yd8g.jpg,"Alain Kramer, avocat sérieux et mari fidèle, se réveille nu chez lui avec un de ses collègues de bureau.  L’incompréhension est totale, et aucun des deux hommes n’arrive à expliquer comment ils ont pu se retrouver dans cette situation.  Quand la femme de l’avocat découvre les deux hommes dénudés dans son salon, Kramer invente n’importe quoi pour sauver son couple.  Il est prêt à tout pour rétablir une vérité qui lui échappe.  Où se trouve la vérité ?  Dans le salon de kramer, ou dans son inconscient ?  Quand on fouille au fond de soi, sait-on jamais ce qu’on va trouver ?"
1375926,/hY0uDeDm4tytdhI5uZYO0fVB5jY.jpg,"Quasiment pendant deux ans, quasiment tous les jours, quasiment à 20 heures quasiment sur Canal+, Moustic et son équipe de quasiment reporters faisaient un quasiment journal. Retrouve ""l'esprit 20H20"", tout de beauté, de finesse, d'intelligence et de poésie dans une vidéo légère comme un parpaing !"
1115404,/tDsCXhsUCZfAxPYIA35oJXBhVJh.jpg,"Pour ce one-man-show, Arnaud Ducret a choisi la scène du Casino de Paris. L'humoriste passe en revue, avec son énergie et son humour ravageur, les différentes étapes de sa vie, notamment celles qui l'ont amené à être le fils, l'homme, le comédien, le papa, le mari qu'il est devenu, et même peut-être le grand-père qu'il deviendra. Arnaud Ducret dresse un autoportrait familial irrésistiblement drôle avec des personnages touchants et délirants, librement inspirés de son entourage. Ce spectacle est une ode à la vie, à la famille, à l'amour et surtout à l'humour."
331142,/w45JlQDG8aWqbb8zFvNeEquQB0I.jpg,"Maturin (l'ours), Bob (le père), Renate (la mère), Greg (le fils)... Après avoir fait les beaux jours de ""Coucou c'est nous !"", ils reprennent du service et du poil de la bête (surtout Maturin) pour un festival de situations cocasses, loufoques, absurdes, délirantes, troublantes, décalées, grotesques... bref, irrésistibles !"
69766,/izyy3KFMLVOYKoWo3X5RDFWKIrf.jpg,"Trois couples se donnent rendez-vous chez l'un d'eux pour une soirée de projection de diapositives. Mais personne ne prend plaisir à cette soirée, où triomphe la banalité des échanges : c'est une socialisation forcée par les liens du voisinage, dépourvue d'empathie ou de sincérité. Une crise cardiaque vient troubler l'ennui de la rencontre."
333070,/v4dU2Ja3OBCglGTrTa5QxEQkIV6.jpg,"Deux jeunes Algériens nés en France, quittent la région parisienne pour rentrer avec leurs parents, dans le village de leurs origines. Ils ne parlent ni l'Arabe, ni le Berbère. Première barrière qui les isole de leur nouveau milieu et qu'accentue encore le problème des générations, présent ici comme en France. Celui que pose aux jeune émigrés, la position sociale de la femme algérienne est plus immédiatement ressenti et se révèle générateur de confilts. A la faveur de l'intrigue, c'est tout le le problème de la réinsertion des émigrés sur leur terre d'origine que le film pose et illustre."
597671,/ggpgB3LPAoRaVQ2wR6XX9v8s2F4.jpg,"Boom ! Au beau milieu d'une campagne cruciale pour sa carrière, Théo, jeune politicien ambitieux aux idées xénophobes, se réveille dans la peau de sa femme de ménage, une demandeuse d'asile kurde, musulmane et voilée ! Vont-ils réussir à dépasser leurs préjugés respectifs pour ne pas tout perdre ?"
1386638,/ehCvnPX5b7KZFwLGancWeVbWOxh.jpg,"Après « Bigre », Molière de la Comédie 2017, l’irrésistible duo comique Pierre Guillois et Olivier Martin-Salvan invite à un voyage imaginaire dans un feu d’artifice de bouts de carton, fusion des délires d’un cabaret de cartoons et d’une épopée shakespearienne.  Il quitte les plaines du Grand Nord, maudit par une sirène pêchée par accident. Il s’évade en patins, à trottinette, en avion cartonné. Il découvre l’Écosse, repart vers le sud à dos de mulet, assassine quelques cornemuseurs au passage, cherche l’amour, toujours. Mais l’acteur en costume trois pièces reste assis, c’est la folie du spectacle. Son acolyte en maillot de bain s’agite autour de lui avec des centaines de morceaux de carton où sont inscrits les noms des pays, accessoires ou bestioles rencontrées. Aventures rocambolesques déployées à force d’astuces et de gags, c’est une explosion d’idées géniales et farfelues.  Une odyssée poétique et déjantée !"
76453,/tzcdobGEDkAf28Qm94N3MzWRtu8.jpg,"Darren, un Anglais, vient de se fiancer à Londres avec une Française, Ludivine. Pour fêter l'événement, la jeune femme retourne là où elle est née : dans le Périgord, à Sauvadieu, accompagnée de Darren, qui va être amené à découvrir la région et à rencontrer ses futurs beaux-parents. Mais ce week-end s'annonçant à priori idyllique ne va pas se dérouler comme prévu... Darren se retrouve victime de la légendaire inhospitalité des français vis-à-vis de l'envahisseur britannique et en proie au machiavélisme d'un beau-père pour qui aucun homme n'est digne d'épouser sa fille, et surtout pas un ennemi héréditaire ! Un voyage qui ne sera pas de tout repos."
76873,/mK9ER5PgWpQvxF4ejTDgP8JBKt4.jpg,"Pendant 7 ans Antoine de Caunes et José Garcia ont écrit l'histoire de l'humour à la télévision tous les soirs en prime-time dans ""Nulle part ailleurs"". Retrouvez dans ce coffret le meilleur de Didier Lembreouille, Ouin Ouin, Aquarium, Raoul Bitenbois, Gérard Languedepute et les autres personnages délirants du duo..."
76895,/iiX6A2eirhGGZMuNqMLMPlJoOko.jpg,"Intro Brialy,  I'm voyais déjà,  Les défaites de la musique,  Céline et son R'né,  La chance aux chansons,  La vie de Jésus,  Mobilisez-vous,  Football gagnant,  Hossein monte ""Le cid"",  Le monsieur de Chanonat,  L'an 2000 va rien changer,  Le paysage politique français,  Jean-Paul Vieux,  La zigounette,  Bonjour, c'est Johnny,  L'abbé Pierre,  Bêêêlle,  Ma cabane au fond du jardin,  Gainsbarre s'est pas bourré, Gainsbourg s'est pas barré,"
339844,/lWYhWOf6O9rKE8EX00BpB6GLVjc.jpg,"Réputé pour sa précision et son humour corrosif, Guillaume Wagner aborde avec audace des sujets comme l'homophobie, l'évolution de nos rituels collectifs et la superficialité. Sans tomber dans le cynisme, il rit habilement de nos travers individuels et collectifs, sans oublier de s'inclure au passage. Lauréat de trois prix prestigieux décernés à la relève, il a conquis un public déjà fidèle qui attendait avec impatience ce tout premier spectacle. Comme il le dit lui-même, Cinglant est un spectacle pour tous, qui ne s'adresse pas à tout le monde…"
340014,/6k5hMIIH4WGQCHA2eVczVJJ3sQW.jpg,"Aujourd'hui plus libre que jamais, Mustapha se permet enfin de pratiquer l'humour qu'il a naturellement dans la vie."
1389337,/lZl2e7jMHLDRXjxHToH6tWvRetl.jpg,"Un ermite reclus du monde. Une caissière aux rêves brisés. Son voisin aux penchants troublants. Un chômeur en quête d’emploi. Un enfant laissé seul chez lui avec son ami imaginaire. Toutes ces personnes solitaires aux destins croisés ont été les patients d’Arthur Morhan, un psychanalyste au bord de la crise de nerf..."
340963,/dhNlfBgxh1lYpBw2N9X7lXozxhu.jpg,"Pour la seconde fois, le Palmashow s'installe en prime time, emmené par les irrésistibles Grégoire Ludig et David Marsais. Au programme, des sketches, des parodies et des «very bad blagues» 100 % inédites, mais aussi une fiction où l'on retrouve le duo au top de sa forme. Tout au long de la soirée, des vedettes de la scène humoristique ou des comédiens viendront faire une apparition surprise."
79048,/lL8djpTjfUoOKeFyiJnZiMwxL87.jpg,"Dans un centre médical spécialisé où les cas désespérés viennent finir leur vie, un nouvel arrivant, Dimitri, la cinquantaine avancée, se lie avec Suzanne, une soignante trentenaire qui se dévoue aux malades depuis le décès de son mari. Ces deux blessés par la vie vont faire un bout de chemin ensemble jusqu’à ce que Dimitri s’éteigne en paix auprès de Suzanne que cet amour aura régénérée."
81606,/cKWClBG8q8f8qQ9C0MccmjvjNW8.jpg,"13 ans après son dernier spectacle, Patrick Timsit remonte enfin sur scène avec un nouveau one man show, plus drôle et plus corrosif que jamais..."
1130379,/vspEEwjx4wprh3oFV5fllZFQJIh.jpg,"Le One More Joke, collectif de soirée itinérantes, organise depuis 2016 des représentations d'humour dans toute la France. Aucune d'entre elles n'avait encore été captée : une anomalie réparée avec ces deux shows enregistrés à la tour Eiffel. Dans ce premier épisode, Certe Mathurin accueille le public dans une ambiance cabaret digne des Années folles. Une façon moderne de revisiter le Paris des années 1920."
82275,/md1U90dzZDRKrPBiWZ09l4gy9pA.jpg,La vie en entreprise vue à travers la machine à café en 20 sketches corsés !
83076,/y2TyZwtudD35gxViGlYbSyHqjTO.jpg,"Margot, âgée de 40 ans, décide de fuir le domicile familial le jour des 18 ans de sa fille, fatiguée de ne donner qu'aux autres sans jamais penser à elle. Au bord d'une nationale avec ses valises, elle va faire la rencontre de Claude, 80 ans, qui, elle aussi, a fugué, mais de sa maison de retraite des Glaïeuls, où son fils l'a placée plus ou moins pour s'en débarrasser. D'une rencontre houleuse entre deux femmes de générations différentes mais poursuivant le même but, fuir un enfer pour trouver un idéal, va naître une amitié sincère et semée d'embûches."
83424,/uv4GLBzHkt9vL1ueTGrDSLpyMeW.jpg,"Aziz dirige une usine de confection qui emploie une cinquantaine d'ouvrières qu'il terrorise, tout comme il terrorise sa femme, sa fille... Un jour, sa femme découvre que son mari peut être aussi un gentleman, un prince charmant, lorsqu'il doit faire bonne figure devant une cliente étrangère... Elle décide de lui jeter un sort, pour que cet instant de bonheur ne finisse jamais.... Aziz devient féministe malgré lui... Sa vie devient un enfer..."
345691,/h4wrBboWeqxeD48cAsUZ4NQXRLX.jpg,"Entre un père et une fille, la séparation est inéluctable. Un jour elle part avec un autre, il faut l’accepter, faire bonne figure. Pas facile de donner à un inconnu ce qu’on a de plus précieux.   Julie a 20 ans. Elle rêve de liberté et d’émancipation. Et en plus elle est amoureuse. Seulement voilà, elle vit avec son père.   Veuf depuis douze ans, il n’a pas l’intention de voir Julie quitter la maison.   Alors elle lui propose un marché. Lui présenter son amoureux et faire la connaissance dans la même soirée de la femme que son père voit de temps à autre."
608110,/iq4JEg3blyAtJoOYY7dSG6erSEH.jpg,"One man show humoristique. Pourquoi lire les livres en entier ?  Pourquoi lire les livres en entier ? Que doit-on crier entre les morceaux pendant un concert ? Est-ce que c'est grave d'avoir un survêtement qui sent le tabac ? A-t-on vraiment besoin de mettre des DJ partout ? Attend-on une réponse quand on demande à son chienchien ""qui c'est le pépère"" ? Est-ce qu'un bébé ça doit manger tous les jours ? Le djihad pourrait-il s'organiser uniquement avec des jeux d'eau ? À 40 ans désormais, Thomas VDB ne lésine plus quand il s'agit de poser des questions existentielles."
347355,/s6svPhNIitzbbvUGQ6eAe3tpGhJ.jpg,"Entouré de nombreux invités, Jamel Debbouze célèbre les cinq ans de ce festival du rire (dont il est le créateur) au prestigieux palais El Badi de Marrakech. Tout au long de cette soirée de gala, une pléiade d'humoristes confirmés mais également de nouveaux talents se succèdent sur scène pour présenter leurs sketches inédits. Ont notamment répondu présent Michaël Youn, Elie Semoun, l'imitateur et chanteur Michaël Gregorio, les humoristes Eko, Nawell Madani, Alban Ivanov, Redouanne Harjane mais aussi Maître Gims ou le duo de danseurs hip-hop, les Twins."
610676,/nNfwzSzDTKAnIocGuho9L0kkJmP.jpg,"Les Guignols ont 30 ans, Putain 30 Ans ! Retrouvez les meilleurs moments des Guignols de 1988 à 2018 dans un best-of de 8 heures réalisé par Rayane Messagier et Matthiew Baudry. Best-of disponible sur Youtube, pendant 7 jours uniquement, avec l'accord exceptionnel de Canal+."
86966,/25ygxvpwi4WAHITAsighvNtrr5S.jpg,"Du 20H20 à 7 jours au Groland en passant par Groland Sat, le meilleur de 15 ans d’humour iconoclaste…"
1135569,/h7VUWW67SMygAUQYhGKAU24caZw.jpg,"A 13 ans, Pierre revient vivre à la ferme de son père après le décès brutal de sa mère. Harcelé à l'école, il se réfugie dans sa passion : le skate. Il rencontre Bertrand, un marginal qui cache un passé d'ancien skateur, et qui le prend sous son aile. Ensemble, ils vont tenter de se reconstruire."
613584,/gbTgdlsnqQ2n604PJ2dH3kalIHX.jpg,"Faustus, conseiller de l’empereur Maximus, est au bout du rouleau. Il se voit promettre la liberté s’il réussit à marier son patron avec Cléopatre, la Reine d’Égypte. Sur le papyrus c’est un plan simple, mais quand l’équation combine famine, révoltes, chrétiens, grévistes, putschistes et deux caractériels à marier... on sort du plan simple."
356642,/1rhqV8yCIrlKuVZRzey3PAP6WKv.jpg,"Quand Alice, dix-huit ans, décide d'abandonner ses études à la veille du bac et d'aller travailler chez son grand-père, Louis, boulanger-pâtissier de son état, c'est la catastrophe dans la famille. Mais c'est auprès de Louis que cette crise résonne tout particulièrement : il n'a jamais eu les moyens de faire d'études et, pourtant, il en aurait rêvé... Au fond, le meilleur moyen de soutenir Alice et de la convaincre ne serait-il pas de retourner avec elle sur les bancs de l'école ?"
357073,/zzvnyLZjsI6RN5qETxb4YuI4FlN.jpg,"Le Cantal est attaqué par le Puy de Dôme. Le roi Thorin ne pourra faire face seul. Accompagné de Bilbon le Hobbit et de Gandalf le Magicien, il devra parcourir le Cantal à la recherche d'alliés. Les villageois de Boisset leur viendront-ils en aide ? Le Seigneur de Marcolès se ralliera-t-il à leur cause ? Et de quel côté se situe réellement le Seigneur d'Aurillac ?"
368745,/3Ef8hIYea0TQ9dkQbawCdFCq3pG.jpg,"Cette série de sketches courts met en scène toute une galerie de personnages interprétés par les comédiens de la troupe de Jérôme Deschamps et Macha Makeïeff. On y trouve pêle-mêle des recettes de cuisine, un radio-crochet, des cours de langue, une télé-boutique, des petites annonces (3615 Code Qui n'en veut)... Les Deschiens ont un style très personnel et reconnaissable: décor minimaliste, costumes au kitsch volontaire, cadrage immuable. Les dialogues, en langage courant voire relâché, font surgir l'absurde dans le quotidien de personnages incarnant un certain bon sens populaire, mais virant parfois à la folie."
631368,/2Scto5SInQy1JWgdo5e9MsN3wz7.jpg,"Continuer à rire dans un monde devenu fou, telle est mon ambition. Pèlerin de la farce et du bon mot, j'affronte les intempéries d'une époque malade. Sous une pluie incessante de mensonges et de perversions, le clown que je suis ouvre le parapluie de la vérité pour faire rire, pour apaiser."
369613,/cEPbhEuVUOZr4HNu3XDGjZaMYZj.jpg,"Dans un hôpital de Trappes, en banlieue de Paris, trois jeunes employés, Jamel le standardiste, Aymé l'infirmier et Sabri le brancardier entretiennent une ambiance farfelue, entre gaffes, plaisanteries de mauvais goûts et fautes professionnelles. Il s'agit d'une série de sitcom dont les rires ne sont pas enregistrés, mais proviennent d'un public. Bien que se déroulant dans un hôpital, seuls les personnages principaux et épisodiques ainsi qu'invités sont entendus tandis que de nombreux figurants muets jouent le personnel et les patients à l'arrière-plan."
369617,/c79fVfEO3qzkjHX5crDL8Ny1RW5.jpg,"Henri Désiré Landru fut le 1er Serial Killer célèbre du XXe siècle.  Il tua 11 fois, niant l'évidence et faisant preuve d'un rare cynisme  et d'un réel talent d'humoriste pendant tout le procès.  Bien que soupçonné d'avoir brûlé les femmes recrutées par petites annonces,  il fit rire tout Paris et rendit célèbre son avocat.  Laurent Ruquier a décidé de vous faire revivre l'historique vie de Landru,  de la période vaudevillesque pendant laquelle il jonglait entre les rendez-vous  avec ses futures victimes, avec sa maîtresse et ceux avec sa femme et ses enfants  jusqu'à son arrestation, son procès et sa condamnation à mort."
369873,/kMqut90pYj6kUagFwqKbdcbw82.jpg,"Brett est amoureux de Dora, mais Dora se refuse à lui. Par dépit, Brett se donne librement à son chien. Quand soudain entre son esthéticienne accompagnée d’un dindon réfractaire du nom de Yurgen. Quand soudain, le chien nous montre sa chatte. Quand soudain…"
373497,/3I9M6OMA3HoZOHFiz7BUKgK3Uba.jpg,"Pour son dernier spectacle donné à Marseille - la ville qui l'a vu grandir -, Élie Kakou avait réuni l'ensemble des personnages de son répertoire. De l'incontournable mémé Sarfati, en bisbille avec son mari et sa fille Fortunée, jusqu'à Mongola, l'ancienne «Clodette», l'humoriste invitait à un voyage dans son univers si particulier, en revisitant pêle-mêle les classiques de la littérature enfantine, les chefs-d’œuvre de la chanson française et même les vers du grand Molière. Un programme varié, entre grands succès et nouveaux sketches, entrecoupé de chorégraphies signées Kamel Ouali."
373505,/ciJRnlhKgX9goIMWzU69YBRgIIE.jpg,"Alors que comme chaque matin Lionel Jospin doit se rendre à Matignon, il trouve sa voiture sans chauffeur. Il prend donc le volant et découvre avec stupeur que les rues de Paris sont désertes... Que peut-il bien se passer ?"
113533,/m1Y3WMs0UDAvVd96lJ5373CUhMg.jpg,"La comédie déjantée de Laurent Baffie. 6 personnages atteints de Troubles Obsessionnels Compulsifs se retrouvent coincés dans la salle d'attente du docteur Stern, grand spécialiste des TOC. Les particularités de chacun se croisent et s'entrechoquent dans cette pièce drôle et rythmée"
377173,/6cCesZ1JJAvAuJ1VJYhzlsrkHLC.jpg,"Le problème de Garnier &amp; Sentou, c'est qu'ils se sont vus hier, et avant hier...  Et tous les jours depuis trop longtemps.  Ils sont au bord de l'overdose d'amitié puisqu'ils sont amis d'enfance, amis de vacances, amis de travail et amis Facebook, depuis 1987.  Dans ce spectacle, Garnier &amp; Sentou s'affrontent dans une aventure inspirée de leur(s) histoire(s) vraie(s) mais pas trop quand même. Et si leur amitié ne survit pas à la représentation de ce soir, c'est qu'il fallait venir hier..."
639799,/qm0IGIhDF4hv3dsBzc3G7RofZLT.jpg,"Jules et Caroline sont mariés, Jules à 45 ans, Caroline en a 26. ils vivent le parfait amour, sauf que Jules a une maîtresse... elle s’appelle Geneviève et elle a 57 ans ! Pas certain que le week-end soit très tranquille..."
118006,/mJtaXFqRwv8Np41UcXLvfQUKU7M.jpg,"Jean et Polo sont deux vieux amis qui décident de partir en Thaïlande afin de se changer les idées. En effet, Jean est célibataire depuis son divorce 3 ans plus tôt et il ne supporte plus d'être seul. Sur place, Polo veut aller passer du bon temps dans un bar à hôtesses, mais son ami refuse... Il ne veut pas payer pour être avec une femme. Au cours de leur périple, Jean rencontre une belle thaïlandaise du nom de Pat..."
382852,/8e7nMUmKXtIXAAaqeDHNrdqvk8R.jpg,"Trois égratignées de la vie, Annie, Micky et Martine, cohabitent chez cette dernière pour atténuer les effets angoissants d'une jachère à la moitié de leur existence. C'est le bonheur! Elles revivent leur adolescence dans cet appartement rebaptisé «la roulotte des Amazones», jusqu'au moment où débarque Guillaume, le fils d'une vieille copine, pour les vacances. Il va vite devenir la proie d'un safari «d'invendues» faisant voler en éclat les bonnes résolutions des Amazones..."
907339,/sd0vsu9dtvkitjNwiDM3pTaV5wA.jpg,"A l'occasion de la 8e édition de ses ""Duos impossibles"", Jérémy Ferrari monte sur la scène des Folies Bergère accompagné d'une ribambelle d'artistes choisis par ses soins. Chacun s'est vu attribuer un binôme, et ensemble, les duos ont eu pour mission d'écrire et de jouer un sketch sur le thème de l'année : l'amour."
122169,/mfCnFi5c24m3usIx2wQIvz716TW.jpg,"Pour clôturer la deuxième édition du Festival international du rire de Marrakech, qui s'est tenu du 6 au 10 juin, Jamel Debbouze présente un spectacle unique au cours duquel des vedettes de l'humour se succèdent, le tout dans le cadre du Palais Badia. Ce gala met à l'honneur la ville-hôte et se place sous le signe du rire et de l'hospitalité. Parmi les artistes présents, Omar Sy, Gad Elmaleh, Franck Dubosc, François-Xavier Demaison, les Belges Virginie Hocq et Stromae, Bérengère Krief, Julie Ferrier et Jérôme Commandeur, sans oublier ceux qui se sont révélés au sein du Jamel Comedy Club, tels Malik Bentalha, Redouanne Harjane ou Tony Saint-Laurent."
1433379,/rEgUyQW4wO3sqDz9rZoWCPemIjj.jpg,"Je m’appelle Arnaud. Je vais jouer dans le spectacle du Trio avec Baptiste et Jérémy. On m’a chargé d’écrire le pitch du spectacle. Au moment où j’écris ces lignes, j’en sais rien. Mais en gros voilà comment ça va se passer : on va écrire un spectacle et ça devrait ne pas se passer comme prévu à cause d’une personne. A priori moi. Grâce à ma grande expérience, je sauverai la soirée. Baptiste me suivra les yeux fermés car il m’aime. Jérémy me gueulera dessus. Car c’est un con. Mais ce qui est certain, c’est que vous allez beaucoup rire. Et nous aussi. Captation les 17 et 18 mai 2025 au Zénith Paris - La Villette, à Paris 19ème."
647194,/fE1Ia7mKuutMrjhKbWagZ0JCS3M.jpg,"Spectacle 1905 enregistré à Montréal  Populaire, provocateur, et unique en son genre, Dieudonné excelle dans l'humour noir et aborde comme personne les sujets les plus tabous. Il s'agit du 6e one man show de l'humoriste, dont le thème est la laïcité. Dieudonné fête ainsi les 100 ans de la promulgation de la loi sur la séparation des églises et de l'état, et y constate son échec, sensée dissoudre le communautarisme et mener la république sur le chemin de l'universalisme, tout en essayant d'en analyser les raisons."
648545,/ayZ6xWo703W6ht8Rhvc7Yow10Ck.jpg,"Jacques Le Kervelec est fou de joie. Il est parvenu à réunir la famille pour des vacances dans la maison de Bretagne. Mais tout le monde ne partage pas son enthousiasme. Brigitte aurait préféré passer des vacances en couple. Quant aux petits-enfants, ce n'est pas mieux : Chloé vit un chagrin d'amour et Antoine aurait voulu séjourner pendant les congés dans le Sud avec Yvan, leur père. Peu après, celui-ci débarque. Roxane, quant à elle, arrive sans Kader."
1435445,/hw0EsXRS55H19LXRS2pKz4gwtiS.jpg,"Claquer la porte de la Police Nationale et devenir détective privée : c'est un pari osé, mais tout à fait dans les cordes de Candice. Enfin terminées les galères et pesanteurs administratives, les enquêtes de l'IGPN à l'étroitesse de vue urticante. Mais lâcher l'Institution pour découvrir l'inconfort de l'indépendance, ses fins de mois aléatoires et son statut de "" rien du tout "" : à 30 ans, c'est pas gagné. A 50 ans, c'est l'enfer. Enfin une première enquête digne de ce nom se profile : Comme dans les films noirs, une ravissante cliente déboule dans son bureau et vient se plaindre d'une tentative de meurtre que la police refuse de prendre au sérieux. Candice s'emballe puis réfléchit. Cette cliente est-elle vraiment qui elle prétend ?"
1173546,/wev6LFOZuun42yQpFKxcASXm3us.jpg,"Alors que son épouse s’est absentée pour le week-end de Pâques, Stéphane invite une jeune femme à prendre un dernier verre chez lui. Sophie, sa femme, rentre plus tôt que prévu et les surprend ensemble à une heure tardive. Dans la précipitation de ne pas se faire démasquer, il lui annonce que la belle Julie n’est autre que sa fille issue d’un précédent mariage dont il lui a caché l’existence. De là, de mensonges en inventions, avec la complicité de Julie, il brode un passé rocambolesque… au risque que la situation lui échappe complétement !"
387346,/yWMaDkGjuwlS9N0ywNW7iqDKrWa.jpg,Compilations des 20 ans des Guignols de l'info reprenant des sketchs sur plusieurs années.
649549,/svr3a4wwJertww8rXe9scJhGpL7.jpg,"Maria vit à la ferme depuis toujours et cela lui a visiblement réussi : ne va-t-elle pas sur ses 87 printemps ? Veuve coriace, elle partage son quotidien avec son vieux garçon de fils, Christian. Elle mène la vie dure au 'gamin' et c'est tout juste s'il a son mot à dire. A la cinquantaine bien sonnée, il va cependant prendre un nouveau départ dans la vie : dans quelques jours, il va se marier avec Claudine. Mais en attendant le jour des noces, Christian a du pain sur la planche : il doit nourrir les bêtes, assurer la vente des fromages de chèvre maison, faire les comptes ! Il doit aussi faire face à Julie, sa petite cousine, qui débarque sans prévenir pour donner son avis sur tout."
126824,/jlThiS97JKpTK1JVZEqCuluvQr0.jpg,"Désormais en couple avec Pat, une ancienne prostituée thaïlandaise, Jean emménage avec elle à Paris. Mais cette dernière n'est pas du tout appréciée par sa belle-famille et commence à avoir le mal du pays. A cela se rajoute, leur ami Polo, sur le point de divorcer, il sombre dans la déprime. Afin d'être enfin heureux, ils décident tous les trois de repartir en Thaïlande et de s'y installer pour de bon. Mais le voyage ne sera pas de tout repos.."
389226,/rvdbwkOiWwjWt6VJAqmboUFeob1.jpg,"3 ans plus tard, nos 3 sympathiques quadra, en jachère sur le marché de l'amour, sont de retour. Les données ont un peu changé avec l'arrivée d'un bel Argentin. Leur amitié n'en sera pas émoussée et une fois réunies, elles deviennent l'explosif et le détonateur de cette nouvelle comédie réglée sur le diapason du rire..."
391063,/zN9a7scZlxKBaypwZoTpnYs9W8w.jpg,"Française d'origine habitant Montréal, Hannah, chanteuse passionnée de musique classique, dirige une chorale avec son mari Daniel, pianiste. Ils vivent de concerts de musiques françaises sacrées, véritables trésors du patrimoine, composées pour les synagogues de France fin XIXe - début XXe. Mais depuis quelques temps, ils peinent à maintenir leur groupe vocal à flot, ce qui vient perturber l'engagement d'Hannah. Et alors qu'ils recrutent Abigail, une jeune fille fragile et surdouée qui leur redonne de l'espoir, l'ancien professeur d'Hannah, Samuel, arrive à Montréal avec une très ancienne partition. Hannah devra remettre en question son équilibre pour réinventer son art, sa vie, au-delà de son idéal."
1440304,/bLKDM4BEowhzck0Bdhy2hbMDecp.jpg,"​Arrêté par erreur et confondu avec l’homme le plus recherché de France, Serge Martin, paisible retraité, devient la cible des médias. Pris dans un tourbillon sans fin, il va tout tenter pour prouver son innocence et retrouver sa vie... si c’est encore possible !"
129692,/2GtildWr3TRPiDyQi90vLXOepXk.jpg,"Le professeur Rollin, fidèle à lui-même et à ses engagements, donne une conférence sur l'épineux thème du pas diagonal. Pour profiter pleinement de cette conférence, le professeur invite les spectateurs à lire ou à relire, avant de venir, les ouvrages suivants : Physique des fluides à haute température. Diagrammes de viscosité de Gilles et Caroline. L'abeille en zone urbaine de Véronique Jago. Un amour blessé de Lucile Makaszic. Tables de logarithmes et chaises aussi de Matthieu Prunus. Et Belgique, terre de contrastes de Pierre Gervais et Mélanie Oriol."
658205,/kVGhGizD0xHG42rKfRTNZABXH7f.jpg,"Le célèbre Montreux Comedy Festival fête ses 30 ans d'existence avec une pléiade d'artistes. Se succèdent ainsi Eric Antoine, Yann Marguet, Tom Villa, La Bajon, Jérémy Demay, Les Bodin’s et Gad elmaleh, notamment."
658920,/hv50Zp3HEQRRE9plX1jrtv6kysa.jpg,"A seulement 28 ans, Kev Adams fête déjà ses 10 ans de scène ! Pour célébrer cet évènement, TF1 a décidé d’offrir à ses téléspectateurs son dernier spectacle « Sois 10 ans » en direct du Zénith de Nantes.10 ans après s'être fait connaître dans la série SODA, l’ancienne star des ados est devenu un jeune homme de 28 ans. Dans son dernier spectacle il nous parle de tout : de sa famille, de sa carrière, de ses voyages, de ses amours – et même de ceux qui ne l’aiment pas."
659385,/eibHdOPH0D2QU4hs6eNNk6O7GlK.jpg,"La tribu Le Kervelec s'apprête à vivre un Noël particulier. Jacques et Brigitte vont rencontrer pour la première fois Evelyne et Bernard Escourrou, les parents de Jean-Pierre qui fréquente leur fille Marjorie. Ce dernier confie d'ailleurs à Antoine qu'il veut demander sa mère en mariage devant tout le monde pendant la soirée. Mais Brigitte n'est pas emballée par cette invitation. Son autre fille, Roxane, déprime car elle n'est pas avec ses enfants pour ce réveillon. Les deux familles, très différentes, vont devoir composer."
661568,/Ag0gzbjcdUu8t0eeFks2USP9a5V.jpg,"Amin revient à Sète après ses études à Paris, rêvant toujours de cinéma. Un producteur Américain en vacance s’intéresse par hasard à son projet, Les Principes essentiels de l’existence universelle, et veut que sa femme, Jess, en soit l’héroïne. Mais le destin, capricieux, impose ses propres règles."
923914,/6EZW0nViQwyqOMJYTpAdIfQ58wR.jpg,"L'histoire d'un comédien, au mauvais caractère, cabossé qui affectionne trop le whisky qui va devoir coacher une actrice débutante pour une audition pour Roméo et Juliette. Une audition fictive et une rencontre arrangée et manigancée par le frère du comédien qui souhaite qu'il reprenne goût au métier."
404383,/7NiFdAOmrqmVj58b8kFB3mkShW4.jpg,"Le festival international d'humour « Le Marrakech du rire » fête sa 6e édition. Jamel est rejoint par ses amis pour repousser les limites de l'humour avec un spectacle inédit et plein de surprises !  Dans l'enceinte du prestigieux palais Badii et devant plusieurs milliers de spectateurs, c'est sous les ailes protectrices des indélogeables cigognes que Jamel Debbouze, Anne Roumanoff, Franck Dubosc, Fatsah Bouyahmed, Alban Ivanov, Les Fills Monkey, Marc-Antoine Le Bret, Ahmed Sylla, Dj Abdel, Elie Semoun, Younes Et Bambi, Waly Dia et beaucoup d'autres dévoileront leurs sketches inédits et d'énormes surprises !"
1193440,/4P3mSEpMtDdxUa2vGEQxfjCZND1.jpg,"Nice, de nos jours. Laura, la trentaine, essaie de se reconstruire après une relation tumultueuse avec Joachim. Elle mène une vie en apparence tranquille, en élevant seule sa petite fille. Mais l’accident de Shirine, la nouvelle compagne de Joachim, va faire ressurgir son passé. Les deux femmes, en proie à la violence du même homme, vont peu à peu se soutenir…"
935659,/eeZG3XPE1CXIM0XpsE8LKRCYD9q.jpg,"Thomas Wiesel revient avec un nouveau spectacle.  Après avoir vanné la Suisse Romande et tout ce qu'elle compte de politiciens et personnalités, il débarque à Paris avec une nouvelle cible, lui.  Il se livre, se raconte, se plaint, beaucoup, se moque, et surtout tient à vous rassurer : ça va, promis."
151232,/n937nGKbYIepi8OjY8z8AuK9bfx.jpg,"Plus de quarante ans ont passé depuis l'arrivée d'Azad Zakarian à Marseille. Il s'appelle maintenant Pierre Zakar et ses œuvres sont jouées sur toutes les scènes du monde. Ses souvenirs d'enfance vont resurgir quand, à la mort de son père, il va retrouver sa mère, Mayrig."
151272,/qhonaO1FnFYBItu0BELsIO7UV6L.jpg,"René Altrus est chercheur. Il ne pense qu'a soulager ses contemporains. Sa dernière invention destinée aux non-voyants, n'a pas remportée la gloire qu'elle méritait. Mais René a bien d'autres idées encore.  Mélissa, sa compagne, avec l'aide de Mario, leur voisin de palier, vient de sortir un disque : Je m'en vais. Cette chanson, à la grande surprise de René, vient de connaître un certain succès.  Comme chaque soir, René attend sa promise dans un café près de l'endroit où elle donne son spectacle. Mais ce soir, Mélissa tarde à arriver...  René prend à partie les autres clients du bar et, peu à peu, nous raconte sa vie..."
151751,/qjWWgr93YCOqpU7sZUh589LDD60.jpg,"Une parcours atypique : débute le One man show sur le tard après de brillantes études de droit. D'après Olivier de Benoist, les hommes sont malmenés par la gent féminine depuis plusieurs siècles. Les scientifiques sont d'accord sur ce point, et vous, Mesdames et Messieurs, qu'en pensez-vous ?"
1200635,/ibm5AnyIycG7TjUkhQoineXBkae.jpg,"Sociétaire des Grosses Têtes et pilier de La Revue de presse depuis 17 ans, Bernard Mabille est avant tout un adepte des bons mots . Fort de plus de 30 ans d'insolence et de plus de 40 ans d'écriture, il utilise sa plume acerbe pour questionner l'époque, mais surtout pour rire. Le sujet de son spectacle Miraculé est comme toujours l'actualité ..."
676586,/ySGqsWOvkZKtNbfDiRXhthzecAb.jpg,"Un ogre casse ses dents la veille de la Saint- Festin, la grande fête des ogres. Un magicien rate son tour de la femme coupée en deux en perdant les jambes de son assistante. Un randonneur suréquipé reste coincé plusieurs jours dans l’ascenseur. Un vieux monsieur tombe amoureux d’une paire de jambes en fuite. Une maman confie ses enfants au voisin le soir de la Saint-Festin... Dans un immeuble, les destins entremêlés de dix vrais voisins ou voisins de voisins aux prises avec les drames, les plaisirs, les surprises et les hasards de la vie quotidienne."
153541,/hStnPqDo9xl1prmdmcKb2VW0tZe.jpg,"Franky est un acteur de seconde zone en pleine dépression. Arsène, son manager, croit en son potentiel de star, et l’embarque sur les routes d’une Europe improbable, à la recherche d’un cinéaste mythique, direction le cercle polaire.Une odyssée « mélancomique » entre vitamines et somnifères, rock’n roll et femmes fatales."
155012,/sINvATfdHE1aj0Ys0TxUqTwGdcP.jpg,"Ses spectacles, des shows exceptionnels aux multiples facettes, sont toujours une référence.  Retrouvez maintenant le plus grand spectacle d'Élie Kakou, avec tous les personnages mythiques interprétés par le comique. De madame Sarfati, au défilé de mode, en passant par la relation publique, un grand moment de rire vous attend."
1204839,/xVHpnPmB10zHc83o9RUh59Ft9PT.jpg,"Morgane a 30 ans et elle en a marre d'enfiler tous les jours le costume de la citoyenne parfaite. Elle en a aussi marre de la dictature du bonheur, de la pression, de l'astrologie, des perturbateurs endocriniens. Elle répond à un tas de questions que personne ne se pose et s'interroge au passage sur sa place dans un monde de plus en plus compliqué."
682002,/xQPYDGt3BTrsD5njUC3WE14TEGG.jpg,"Quoi de plus efficace pour régler un problème que de s'en débarrasser de manière « définitive »  ?... Un soir, comme tous les soirs de sa petite vie bien ordonnée, une femme va commettre le pire : l'indicible et inavouable acte d'empoisonner son mari. Une comédie délirante et pleine de rebondissements.  Virginie Hocq et Zinedine Soualem forment un couple diaboliquement drôle. Toute leur folie, leur inventivité, leur virtuosité d’acteur est mise au service de la comédie. Ainsi, ils donnent vie à deux personnages qui brillent par leurs failles, leurs fragilités, leurs maladresses, à la fois drôles et attachant. Captation au Centre Culturel de l'Arrondissement de Huy, en Belgique."
682355,/Ahjia3HXQEWAwDmFPLsXC7hWLPF.jpg,"Marre des vannes en dessous de la ceinture dans les spectacles d’humour ? Las d’entendre les artistes se narrer par le menu leur vie sexuelle ? Ce qui sans doute cache un manque, puisque c’est souvent ceux qui en parlent le plus qui… Bref, si vous avez envie de rire, avec un soupçon d’élégance à la française ? Cela existe. Et c’est en Suisse que ça se passe. Le tout orchestré par un belge !"
425898,/yHFmLAxCfAV3iQ1ZODmryzK2AnE.jpg,"Pour la troisième fois, le Palmashow s'installe en prime time, emmené par les irrésistibles Grégoire Ludig et David Marsais. Au programme, des sketches, des parodies et des «very bad blagues» 100 % inédites, mais aussi une fiction où l'on retrouve le duo au top de sa forme. Tout au long de la soirée, des vedettes de la scène humoristique ou des comédiens viendront faire une apparition surprise. Florence Foresti, Christophe Lambert, Alex Lutz ou encore Kyan Khojandi se sont prêtés au jeu avec bonne humeur."
1213868,/prSc39FvPk3MnijhMPUa1b1odOi.jpg,"Curtis, cinéphile passionné de 22 ans, n'a jamais quitté son Amérique natale. Il débarque à Paris avec un seul but en tête : rencontrer son cinéaste préféré, Pierre Bertrand, un grand artiste d'autrefois. Un jeu de piste à Paris avec des trouvailles inattendues."
690091,/fNGgtmpeInsWwYfu7dNUnBdCCDh.jpg,"Après 20 ans de mariage, il la quitte pour une jeune blonde glamour.  Julie, artiste-peintre déjantée et fantasque, est au bord de la crise de nerfs.  Après vingt ans de vie commune, elle apprend que son mari, fonctionnaire à la RATP, quitte précipitamment le domicile conjugal pour une jeune blonde glamour, rencontrée sur son lieu de travail. Furieuse, elle se précipite à la station de métro et réclame des explications auprès du chef de station, le bourru et tendre David. Une confrontation explosive. Un face à face tonitruant. Une rencontre choc.  Une comédie irrésistible, virevoltante et romantique, incarnée avec panache par Charlotte Valandrey et Christian Vadim, duo tendre et complice."
690646,/gBzXYWkuHsuxu3gMRrLzaR0LZIu.jpg,"Dédo, la rockstar du stand-up hexagonal, revient enfin ! Revendiquant plus que jamais l’influence des maîtres du stand-up anglo-saxon (Eddie Murphy, Ricky Gervais, Louis CK, Eddie Izzard…) Dédo, toujours très concerné par la culture geek et les chemins hasardeux que prend parfois l’Amour, rit de tout avec un timing endiablé : religions, sexe, mots, idées, animaux, humains. Tout le monde à droit à un  hilarant chapitre dans son Encyclopedia Universalis de la répartie !"
692984,/339LFJE2L3aJg2CNkCwiQGlMOqM.jpg,"C’est sûr, quand elle sera grande, la petite Antonia sera une immmmmense artiste, adulée dans le monde entier ! Bah oui : de la comédie à la tragédie, cette gamine aime jouer, chanter, parler 8 langues et faire rire. Alors Antonia joue, s’amuse, s’épanouit !"
695789,/ntW6lTS2k6bjeN5awe8dY6LXXPh.jpg,"Hutton Buscel, un petit village du Yorkshire. Celia Teasdale, l'épouse du directeur de l'école, fait gaiement son ménage de printemps. Sur une table du jardin, elle trouve un paquet de cigarettes et décide de s'autoriser quelques bouffées du délicieux poison. Arrive Lionel Hepplewick, le gardien de l'école, secrètement amoureux de Celia, qu'il sent prête à tromper son époux. Sylvie Bell, la bonne des Teasdale, a bien une amourette avec Lionel, mais celui-ci n'y accorde pas beaucoup d'importance. En revanche, le sentiment qu'il porte à Celia, dont il bichonne, à sa demande, le jardin, est plus sérieux. Celia elle-même, délaissée par Toby, son ivrogne de mari, est mûre pour l'aventure avec Lionel..."
695792,/6dMgBWnLnRmYVseagm7XMi2WrXk.jpg,"Hutton Buscel, un petit village du Yorkshire. Celia Teasdale, l'épouse du directeur de l'école, Toby, un insupportable ivrogne, savait-elle ce qu'elle faisait en renonçant à fumer la cigarette qui lui faisait envie, posée là, sur la table du jardin ? Son destin va s'en trouver modifié. Cinq secondes après avoir pris la décision de ne pas fumer cette cigarette, Miles Combes, le meilleur ami de Toby, fait son apparition. Grâce à cette rencontre, ils dîneront peut-être ensemble en tête à tête cinq jours plus tard. A chacun des menus hasards qui orientent le cours de leur existence, d'autres dénouements lient et délient les personnages, Celia et Toby, naturellement, mais aussi Miles, l'ami intime, Sylvie, la bonne, Lionel, le jardinier lubrique et Joséphine, la belle-mère envahissante..."
172016,/wtG6CR4duJdtI4AbNZEIhH79s0R.jpg,"C’est l’histoire de trois potes qui se connaissent depuis l’enfance.  Alex l’aveugle, Dani le sourd et Benjamin le muet.  Même si nos personnages ressemblent beaucoup aux 3 singes de la sagesse, leur irrésistible envie de copuler les range définitivement dans la catégorie des bonobos !  Mais comment faire pour avoir une sexualité non tarifée quand on est handicapé ?  La solution est simple, il suffit de ne plus être handicapé…"
1220777,/bv2jhpo1Rwm5jdOmxcVIve9HJU3.jpg,"On ferme! Pour le gala de clôture du Montreux Comedy 2023, c'est Thaïs qui invite et qui prend les commandes. Soyez les bienvenus dans son bar favori pour une soirée mémorable."
1221719,/5s2TmudKv5urU5lHXtbxZoYTt4D.jpg,Romane décide d’adapter pour le cinéma le livre de Clémentine Autain consacré à sa mère. Ce projet va l’obliger à se confronter à son passé et à sa propre mère qui l’a abandonnée quand elle avait neuf mois…
1222412,/76nbgSozfCwMzefVLNWtxPAeqNT.jpg,"Gerda et Kay, deux jeunes enfants sont inséparables et aiment passer tout leur temps libre à jouer ensemble. Ne manquant jamais d'imagination, ils ne sont jamais à court d'idées pour inventer un nouveau jeu. Un jour, Kay est blessé par mégarde quand un miroir lui tombe dessus. Peu après, le jeune garçon change de caractère et devient méchant, ce qui n'est pas sans inquieter Gerda et son entourage. Mais les choses se compliquent lorsque Kay se fait enlever par la Reine des Neiges. Gerda part à la recherche de son ami en bravant mille et un dangers."
962526,/9MC5WcCBz71VDjHiXEP1C600Sm9.jpg,"Instantanés de la vie de neuf hommes qui habitent dans le même immeuble. Parmi eux, Simon le célibataire qui doit convaincre sa mère qu'il n'est pas gay, Olivier qui cède au désir de sa compagne de pimenter leur vie sexuelle, ou Thomas, qui ne parvient pas à accepter son divorce et se bloque le dos."
964875,/nAlRqbqR9MUN07cm9hOrVlGzCGm.jpg,"Tout débute avec les photos d'une famille. Une famille inconnue, qu’on a l’impression pourtant de connaître.  Au centre : ce garçon. Qui est-il ? Quelle est son histoire ?  Et si chaque individu était aussi le héros involontaire d’un conte ?  Une enquête familiale vertigineuse, où réalité et fiction se mêlent jusqu’à se confondre parfois."
441821,/1KSLIneeApu4zi0fGPMp1kZQRM2.jpg,"Un paisible notable de province sauve la vie d’un homme qui vient d’avoir un accident de voiture. Il ne se doute pas que sa vie va être totalement chamboulée… . Car Jean-Bernard Hollier est ce qu’on peut appeler un « boulet ». Un boulet au grand cœur mais surtout un boulet… Et en voulant à tout prix remercier son sauveur, il va juste faire de sa vie un enfer ! Des mafieux pas contents, des cambriolages et des ennuis en tous genres vont pleuvoir sur les deux hommes et leur famille… Il ne leur reste plus qu’à collaborer ensemble pour se sortir de ce pétrin… Mais cela n’est pas gagné d’avance…"
442529,/odTjItNZFNy2dGyKMRtWl8NLGnx.jpg,"Les Franglaises est un spectacle mêlant humour, musique, théâtre et danse. Le principe est simple: représenter en français les plus grands tubes anglophones traduits de manière littérale et malicieuse, un peu à la façon contemporaine des traductions automatiques d'internet.  Chaque chanson est accommodée à la sauce Tistics avec des arrangements vocaux originaux et des chorégraphies aussi soignées que décalées. Entre hommage et fine moquerie, la troupe des Tistics détournent la pop-culture pour offrir une revue théâtrale irrésistible, intégrant le public, et faisant de ce spectacle hybride et débridé un vrai régal musical.  L'occasion pour certains de découvrir la face cachée de ces chansons qui appartiennent à la culture mondiale, et pour tous de passer un moment jubilatoire et convivial. Les Tistics testent vos connaissances musicales et entendent bien égratigner quelques grands mythes au passage..."
442581,/1JNgLy5zYUlk4aNCNaDZW4oZaGe.jpg,"Pièce de théâtre. Julie, une jeune parisienne délurée, qui fait les 400 coups et le désespoir de ses parents, est placée, pendant les grandes vacances, chez des cousins éloignés, au cœur de la France profonde : la famille Bodin. La mère Maria est une mamie ravageuse et autoritaire de 87 printemps, et le fils Christian est un grand benêt de 50 ans et puceau incurable. Au milieu de leurs bestiaux, chez eux, dans leur ferme, les Bodin’s n’ont pas l’intention de se laisser marcher sur les charentaises par cette effrontée venue de la capitale…"
446755,/AalBmr3humGAcYCLUQKNRJAm60n.jpg,"En 1928, pendant l'Entre-deux-guerres, à Sainte-Apolline dans le Vaucluse, un paisible village provençal, trois années après le départ des « Mouettes » arrivent une jeune femme Allemande, Julia, et Liselotte, sa fillette. Elles viennent retrouver Casimir, un soldat français, ancien prisonnier par les Allemands et placé dans une ferme en Allemagne. Il est le père de Liselotte... Mais elle arrive le jour-même de son enterrement. Cette arrivée inopinée sèmera le trouble, lorsque la jeune Allemande découvrira qu'il avait caché à tout le village ses conditions de vie en Allemagne, conditions pas si inconfortables qu'il le prétendait pourtant dans ses lettres. Honorin, le maire, recueillera les deux étrangères, tandis que le village se divisera entre les bienveillants, et les opposants à la présence de ces deux ressortissantes de l'ancien pays ennemi. Il semblerait que Casimir a laissé un testament par devant notaire..."
710176,/6CVRphTfGURG89cqZAW31LCFPgw.jpg,"Alex Vizorek a bien des choses à dire au sujet de l'art. Il a un avis sur la musique, la sculpture, le cinéma et même l'art moderne. L'humoriste emmène ses spectateurs dans son univers flamboyant, où Magritte, Bergman et Visconti côtoient Pamela Anderson, Luis Fernandez et Paris Hilton. Sa mission : faire rire tout en apprenant. A moins que ce ne soit l'inverse. Une envolée de jeux de mots, paradoxes et calembours pour une heure de sketchs délirants. Pour l'occasion Alex Vizorek s'est entouré d'amis humoristes: Kody, Guillermo Guiz, PE et Fanny Ruwet."
712091,/eBbdqltPe5f7FwR5iNsdrhUFjjO.jpg,"Blanche, la reine du stand-up et du politiquement incorrect a quelque chose à vous dire !  Découverte dans le Jamel Comedy Club, puis sur Canal+ dans les séries Bref et Working Girls, Blanche Gardin nous prouve avec Il faut que je vous parle qu'on peut rire aux larmes de tous les sujets, mais pas avec n'importe qui !  Il faut que je vous parle, un spectacle inédit joué par l’humoriste en 2015 et qui n’est jamais passé à la télé. La raison ? Aucune image du spectacle n’est disponible… Pour diffuser un spectacle qui n’a jamais été filmé, Canal+ a récupéré la bande-son existante du one-woman-show et a demandé au célèbre illustrateur Fabcaro de dessiner Blanche Gardin sur scène, derrière un micro. Un procédé original qui permet tout de même de profiter des blagues inédites de l’humoriste."
713554,/pd0AWiXh1xtD5uQRE9EKDgnuUw2.jpg,"Guillaume Bats prépare actuellement son grand retour sur scène.  La bête noire de l'humour est de retour avec son spectacle décapant. Est-il contagieux ? Est-ce qu'il penche à droite par conviction politique ? Est-ce qu'il s'appelle "" Bats "" parce qu'on le confond souvent avec une chauve-souris ?  Allez voir Guillaume Bats pour : - Ne plus avoir peur de lui - Perdre vos idées reçues sur le handicap - Découvrir quelques techniques pour choper des nanas en leur faisant pitié - Avoir honte de rire avec lui !  Guillaume Bats est touchant, irrévérencieux, explosif et repousse vos limites et celles de l'humour."
191273,/otMeqyGytDSxCniVUK5iJV7X4CF.jpg,"Le Cirque d'Hiver marque à la fois la consécration et les adieux d’Élie Kakou à son public. Il s'agit du show le plus abouti de l'artiste qui mélange le grand spectacle et l'humour par un délire sonore et visuel incroyable. Avec 22 sketches pour passer 90 minutes de plaisir en compagnie de danseurs, trapézistes, échassiers et personnages fantasques... Un des plus beaux hommages rendus au monde du cirque."
453501,/9uEW91CH2JqjqLomTiF2sLzBSZG.jpg,"Le divorce qui s'annonce semble perdu d'avance pour Francis qui craint de se voir dépouiller. Et puis, il aime toujours Rosalie.  Alors pourquoi ne pas signer la paix ?  Mais on ne rattrape pas un mensonge par un autre mensonge. La maladresse et la mauvaise foi de Francis vont provoquer les pires représailles de Rosalie."
455795,/nXqVEmIXY1bynjXVw7QYb6ypYBr.jpg,"Bruno et Florence ont invité Sophie et Alex pour la soirée mais rien ne se passera comme prévu entre l’auteur à succès, le brillant chef d’entreprise et leurs épouses : une réjouissante cascade d’incidents va rapidement transformer la réunion de famille en une nuit folle où les secrets, les bouteilles et les non-dits vont voler en éclats jusqu’à amener les deux couples, pris dans un irrésistible tourbillon, à formuler les projets les plus inattendus… Captation en direct le 2 mai 2017 depuis le Théâtre des Nouveautés à Paris 9ème."
456147,/fAV5zoCSLJ6exwppwxfb6AWrQ49.jpg,"Valentine, cultivatrice de légumes bios, est convoitée par Xavier et Grégoire, deux frères à la tête de son exploitation. Mais derrière cette romance, l'esprit de Valentine est occupé par la faillite qui menace son domaine."
718539,/mi1hLbbvWCYXy3kIXKj7pqu9Thv.jpg,"Enchaînant des duos improbables, surprenants et inédits, ce gala d'humour place sa septième édition sous le thème de l'ambition. Sur scène se retrouvent plusieurs générations, des confirmés aux jeunes, qui n'ont qu'un seul objectif : faire rire, quoi qu'il en coûte. Au Théâtre Royal de Bruxelles, Jérémy Ferrari avait notamment invité Philippe Croizon, Le Cas Pucine, Guillaume Bats et Olivier De Benoist."
1243503,/a1rhnfNSYDNtYxKZHtdeof1qszJ.jpg,"Élodie Poux a décidé de se marier… avec un Belge. Pour cette raison, c’est la Belgique qu’elle choisit pour célébrer son union."
1244289,/fDzKQjkXEWKmG3Wk8l5zqfStQ8M.jpg,"Prix de l'immobilier parisien, délires de milliardaires, relations tarifées, méthodes éducatives : l'humoriste Certe Mathurin traite de l'argent et de son pouvoir mais aussi des mythes de la vie quotidienne. Cet amoureux des mots interroge le fondement de la société, en souligne l'absurdité et invite à s'en moquer. À travers une succession d'anecdotes et de blagues à bâtons rompus, le show tranche dans le vif."
982181,/ratWsOwnRd7pXEXbEJx7luJ0GE8.jpg,"Le tout nouveau président de la République s'apprête à prononcer son discours d'investiture quand il est pris d'une intense démangeaison nasale. Refusant de se gratter furieusement le nez en direct devant la France entière, il se résout à rencontrer un psychanalyste censé le débarrasser de ce chatouillement qui tombe mal. Ils n'ont qu'une heure avant le rendez-vous fatidique, soit la durée d'une séance. Alors que le temps presse et que les secrets les mieux gardés remontent peu à peu à la surface, les deux hommes s'affrontent et tentent mutuellement de prendre le pouvoir. Qui, du psy ou du président, sortira vainqueur de ce duel intime ?..."
720661,/5d8yGpdO1M9FZBhp7ZxPqtY5BeD.jpg,"C'est l'histoire d'un jeune trentenaire qui fait le point sur ce qu'il est devenu, alors que c'était un chouette enfant, dans ses souvenirs. Quelqu'un de bien ou pas, au final ? Est-ce que ses actions, parfois glorieuses, parfois beaucoup moins, voire pas du tout, font de lui un chic type ou une ordure ? A moins que l'on puisse être les deux."
460817,/pfnVd19w0kBq47teiBSbn14teY6.jpg,"Et oui, car avant d'être la série télévisée à succès Columbo était... Une pièce de théâtre. Et déjà à l'époque, la création de William Link et Richard Levinson avait connu son heure de gloire à Broadway.  Aujourd'hui, Didier Caron se met au défi d'adapter et de mettre en scène le premier opus en reprenant les codes et l'esthétique de l'inspecteur anti-héros. Musique d'origine, ambiance new-yorkaise des années 1970, vieille Peugeot 403,...  Qui mieux que Martin Lamotte pour revêtir l'imperméable élimé de l'inspecteur, son costume fripé, ses mimiques et airs naïfs, ses rengaines, son flegme... En fouineur invétéré, le comédien se plaît à poser son ton, embobiner criminels et spectateurs, sans donner une ride à l'original.  Une pièce policière aux accents malicieusement drôle et aux clins d'oeil savoureux!"
461378,/47dXyVxE76rch0CiyOo18MHknLt.jpg,"Le best of de leurs parodies, fausses émissions, pubs et séries TV…"
985732,/m3UtsYyDbYPTqrewC0qNsUVeQXG.jpg,"Marina Rollman est une humoriste franco-suisse et le titre de son spectacle est très clair : il est drôle. Dans cet exercice de stand-up, la trentenaire se pose beaucoup de questions et y répond en maniant bien sûr l'humour mais aussi l'absurdité, la nonchalance, la finesse et bien d'autres choses. ""J'ai tendance à m'ennuyer rapidement. En ce moment, le spectacle parle de couple, de mariage, de dépression, de handicap, d'addiction, de sport et de sexualité"" : Marina Rollman fait donc évoluer son show au fur et à mesure de ses envies. Ses sketchs, eux, s'inspirent des gens qu'elle adore observer, et de son analyse de la société d'aujourd'hui envisagée à travers la pop culture et ses incarnations. Le résultat ? Un stand-up, capté au Paradis Latin, empreint de finesse, d'amour, de fulgurances humoristiques et de réflexions pratiques."
200252,/gMw5BIS0bdCmF2GJw8k93Yudnb0.jpg,"Vous choisissez une femme entre trente et soixante ans, ni jolie, ni pas jolie. Elle s'appellera Lisa. Vous l'habillez en metteur en scène un peu perfectionniste. C'est simple : un pantalon, une chemise. Croyez-moi, ça fait du monde et des soucis. Beaucoup de soucis. Il faut gérer tout ça. La vraie vie et la fausse. La vie tout court. Celle de Lisa tient en une heure quarante. Elle a souvent envie de crier : ""au secours"". Comme nous tous..."
462958,/1tUPmQqQk0DWqY2hCXcmUUoGH0A.jpg,"Suite logique de son premier spectacle, Je peux maintenant mourir (2010), qui se voulait très personnel et anecdotique,  Philippe nous offre ici la version la plus « sexy » de lui-même : une version assumée, heureuse et fière du chemin  qu’il a parcouru. Fort de son expérience en télévision et à la radio, l’humoriste possède une facilité déconcertante  pour divertir le public, notamment grâce à son incroyable sens du timing et son aisance sur scène hors du commun.  Fidèle à lui-même, il vous charmera avec ses histoires savoureuses et son énergie scénique contagieuse !"
200828,/jrv9WW3ay9eKd8e9NMMZFlbCZXt.jpg,"Il s'agit d'une caricature assez délirante d'un jeu télévisé de culture générale sur le mode comique et débridé. Les spectateurs du théâtre participent en tant que public improvisé du jeu télévisé.  Sur le plateau d'un jeu télévisé baptisé Culture pour tous, Paulette, candidate assez âgée est victorieuse depuis 18 semaines... Pour le producteur du jeu, elle doit impérativement être éliminée car elle plombe l'audimat de la chaîne, qui tombe à 23 %. Il décide de lui mettre comme adversaire une candidate à la plastique avantageuse, mais à l'intellect limité, qui portera une oreillette afin que les bonnes réponses lui soient soufflées. Un ensemble de faits inattendus va contrecarrer le plan du producteur pour éliminer Paulette."
471597,/yzWWZsjb60p6soE4x061J8Qubjs.jpg,"Une blonde qui préfère les homos, Deux homos qui s'aiment, un homo qui aimerait être aimé, et un hétéro qui préfère la blonde... qui préfère les homos ! Avec comme toile de fonds le milieu gay, une histoire d'amour pleine de vérité entre un homme et une femme d'aujourd'hui, qui nous entraîne dans un tourbillon explosif. Quiproquos, rapports ambigus, révélations et rebondissements ont fait le succès de cette comédie de moeurs très actuelle au rythme effréné..."
209571,/b6hMFNL0qm0ZIXyfKqslNPLaPDi.jpg,"En 1992, Albert Dupontel arrête les one-man shows pour se consacrer pleinement au cinema. Il laisse derrière lui une multitude de fans inconsolables... La 2ème partie du « Sale Spectacle » enregistré à l'Olympia avec Les Pourris d'or, Le jugement dernier, Les filles, La pause, Thérèse Burt, Vive la vie, Le Hard-rockeur.."
1261141,/4bS17DsUiy8268T4qG0KFinO3Wq.jpg,"Pierre, Jules et Louise Gauthier s’adorent et aiment profondément leurs parents. Alors, lorsque ces derniers leur demandent de venir les rejoindre d’urgence, ils ont quelque chose de très important à leur annoncer, les trois enfants bouleversés se précipitent craignant le pire. Mais le pire n’a pas lieu, du moins pas tout de suite, et la merveilleuse nouvelle que leur annoncent Jeanne et Vincent va faire voler en éclats la belle unité familiale… faisant ardemment souhaiter aux trois rejetons ce qu’ils redoutaient le plus en arrivant quelques heures plus tôt ! « Chers Parents » est une comédie qui parle de la famille, d’amour, d’argent, de la place de chacun dans la fratrie, de l’impermanence des sentiments, de la part d’ombre qui sommeille en chacun de nous et de ce que les parents doivent à leurs enfants. Captation le 21 octobre 2023 au Théâtre de Paris, à Paris 9ème."
1000407,/tX3UAs3NczOKYH09LppdrQCqVzY.jpg,"Valensole, Provence, Été 65. À l’aube, Maurice Masse, un paysan découvre dans son champ de lavandes un mystérieux engin qui décolle à une vitesse sidérante en laissant des traces au sol. La nouvelle attire les foules et met Maurice sous le feu des projecteurs. Face à cette soudaine notoriété non désirée, il tente de protéger sa famille et de faire face. Sa vie, celle de sa famille et de ce petit village vont être bouleversées. Basé sur une histoire vraie."
740277,/rg9R351YXm9P447q9QiWzst0FzC.jpg,"Paris, 1942. Le port de l'étoile jaune est décrété.  Au bord de la faillite, Joseph Haffmann, un joaillier juif, propose à son employé, Pierre Vigneau, de lui confier sa boutique s'il accepte de la cacher jusqu'à ce que la situation s'améliore pour la communauté juive de France.  Peter prendra-t-il le risque d'héberger clandestinement son ""ancien"" patron ?  Et si oui, sous quelle condition ?"
1265725,/vGzv7gRpxz1gC7zkx6MZ6InFJTw.jpg,"Après avoir exploré les affres de la maternité et la crise de la quarantaine, Florence Foresti se frotte avec talent au néo-féminisme et ausculte les relations hommes-femmes dans ce spectacle."
483206,/xLQpvSYBM6QZG0JDGseXF2gro6q.jpg,"Comique à l'humour corrosif, Jérémy Ferrari ne recule devant rien pour faire rire son assemblée ! Pour la quatrième année consécutive, il propose un spectacle avec des sketches improbables en duo. Chaque séquence a été écrite spécialement pour l'occasion autour de la recherche du tandem parfait. Quel sera l'humoriste qui parviendra à atteindre un tel niveau d'excellence avec le maître de cérémonie ? Qui parviendra à le convaincre ? Ont accepté de relever le défi : Guillaume Bats, Anthony Kavanagh, Ahmed Sylla, Eric Antoine, Virginie Hocq, Kyan Khojandi et Mamane."
1271783,/mvMFxPkfndfrZTDIHYXspJOcDx0.jpg,"Calais, 25 juillet 1909. Louis Blériot, industriel, passionné d'aviation s'apprête à relever un défi historique : traverser la Manche en aéroplane. Il deviendrait ainsi le premier à relier l'Angleterre par les airs et entrerait dans l'Histoire. Mais rien ne va se passer comme prévu."
485466,/3D07gvCC4leSlZTEljutYadX922.jpg,"Après avoir séduit plus d’un million de spectateurs, Michael Gregorio propose au public de vivre ou revivre ce spectacle exceptionnel au cinéma en France, en Suisse et en Belgique. Michael Gregorio a choisi le grand écran pour célébrer ses 10 ans de carrière ! Vendredi 29 septembre à 20h00 sera diffusé en exclusivité le dernier one man show du jeune artiste. Au programme de cette soirée, les meilleurs moments de ses trois spectacles revisités, des sketches inédits, de nouvelles voix, des invités exceptionnels et des surprises… Capté à l’AccorHotels Arena en décembre 2016, ce spectacle sera à vivre au cinéma en image HD et en son 5.1."
1535731,/YlIDKe2q4k6hikKzDgFdtqab0z.jpg,"1789 et après ?!, d'après la pièce du Théâtre du Soleil créée par Ariane Mouchkine."
488061,/1QwrfrR153aBXNxnusFdgtF3CNS.jpg,"Des comédiens répètent une pièce de théâtre de boulevard pour la dernière fois avant la première représentation en public. Mais il s'avère qu'ils ne sont pas franchement prêts, et ils doivent reprendre plusieurs scènes."
488374,/tjSz3QqBAlEuen25Q6vGNJjWs2C.jpg,"En 2012, le Montreux Comedy Festival donnait carte blanche au tandem Jérémy Ferrari/Arnaud Tsamere pour électriser une salle comble pour la 23e édition du rendez-vous suisse de l'humour.  Les compères Arnaud Tsamere et Jérémy Ferrari se tiraient la bourre sur scène et invitaient Baptiste Lecaplain, qui surfait sur son côté sexuellement inexpérimenté.  Puis venait Walter, qui parlait surtout de lui-même sous prétexte de faire connaissance avec les Suisses, avant de donner une savoureuse interprétation de quelques personnages imaginaires.  Enfin Guillaume Bats «utilisait» son physique pour réussir.  Enregistré à l'Auditorium Stravinski 2M2C de Montreux, le 6 décembre 2012."
1277388,/gaIadCq2JxclBJEaZYd5wKE76HB.jpg,"Marc-Antoine Le Bret revient avec un nouveau spectacle : Solo. Toujours seul sur scène, comme le titre le suggère, il est néanmoins accompagné d'une centaine de personnages dont il imite les voix avec un talent consommé tout au long d'un bouquet de nouveaux sketchs. Dans ce spectacle, le public a un petit aperçu de ce qui pourrait arriver si le monde se mettait à tourner à l'envers : un véritable show d'après la fin du monde, avant la fin du monde, en somme. Mais bien heureusement, l'humour est là pour faire passer la pilule."
229294,/yVWCNfvm05kZsv6yBJnc9CzKAX.jpg,"Stéphanie d'Humily de Malanpry, une bourgeoise qui vient de quitter un berger ardéchois, décide de changer de vie en allant s'installer à Paris. Pour alléger ses charges, elle se trouve deux colocataires. Les deux femmes qui emménagent finalement avec elle sont, elles aussi, divorcées. Il s'agit de Mary Bybowl, une Anglaise un brin délurée, et Brigitte, originaire de Tarbes et issue du monde rural. Malgré des statuts sociaux différents et des caractères aux antipodes, elles traversent les affres de la séparation en se soutenant mutuellement. Leur cohabitation donne naissance à une belle amitié."
492615,/h2VgsaocVx0duB8NvTQpgLWECH0.jpg,"L'entreprise de fabrication de fils et de câbles métalliques dirigée par André Jorgensen existe depuis de longues années. Elle est solidement implantée dans sa région, faisant vivre directement ou indirectement des centaines de familles. Même si les affaires ne sont pas brillantes, elle survit grâce à des participations achetées dans des manufactures de produits dérivés. C'est alors que survient un prédateur financier, individu sans scrupules, totalement voué au profit et ne portant aucun intérêt aux hommes composant l'entreprise. Il propose à son directeur une restructuration, en fait, la liquidiation pure et simple de la structure et le licenciement de ses employés. André résiste..."
493328,/asm76N4E6KTIEGNbCtmZa1l2cMp.jpg,"Une équipe de cinéma a investi un théâtre pour le tournage d’un film. Aujourd’hui on tourne la séquence du mari trompé qui interrompt une représentation pour tuer l’amant de sa femme.  Au cours du tournage on va découvrir que le producteur est véreux, que le réalisateur, amoureux de la jeune actrice et dévoré de jalousie, s’est promis de démasquer son rival pour lui faire la peau. L’éternel second rôle, quant à lui, est prêt à toutes les crapuleries pour faire décoller sa carrière et l’assistant-réalisateur doit ménager les uns et les autres d’autant qu’il rêve de réaliser son premier film avec la jeune actrice dans le rôle principal. Quant au public, il fait partie de l’histoire, c’est le figurant du tournage..."
493335,/w1D40a2HE3rk6P6zjf5jcUnsVCj.jpg,"Jean et Elisabeth s'apprêtent à recevoir à dîner leur fille Bénédicte et son mari dans leur maison de campagne. Mais Matthieu, le gendre, arrive seul. Matthieu est incapable d'en expliquer la raison. Il va même jusqu'à avouer à ses beaux-parents qu'il a assassiné leur fille Bénédicte. Jusqu'au moment où celle-ci arrive à son tour. Pourquoi Matthieu torture-t-il ses beaux-parents ? A-t-il des comptes à régler avec eux ? Et si c'était les parents qui perdaient la raison ? Captation en Décembre 2018 au Théâtre du Gymnase à Marseille dans le 1er arrdt."
493341,/yl9CSDT1cZ5vazezhqmplLAwrNo.jpg,"Pourquoi continuer à s’engueuler dans un HLM quand on peut enfin s’engueuler dans un château ?  Richard, architecte fauché, réunit ses proches. Il a une révélation à leur faire, une déclaration d’amour. Il aime sa vie comme elle est, voilà pourquoi il renonce à toucher un gain de 162 millions d’euros au loto. Et oui, à quoi sert l’argent, quand on a l’amour ?"
493354,/648aljXlHTsny7ZLoRZW7ri08mf.jpg,"Les habitants de Davidéjonatown, un patelin perdu du Far-West, choisissent leur nouveau shérif en opposant les candidats dans des duels à mort. Billy, modeste éleveur de cochons, apprend qu’il a été inscrit à son insu à la mortelle compétition...  Pour sa première comédie co-écrite avec Romain Chevalier, Artus libère son humour toujours plus piquant et décalé, avec l’aide de complices aussi fêlés que Cartman et Sébastien Chartier, en multipliant les personnages les plus loufoques dans un western explosif qui repousse les limites du théâtre et de la bienséance."
493371,/nUSTAHXqzAEe0J5bilMKRn0LqzJ.jpg,"Après plus de 250 représentations à guichet fermés en tournée et à Paris, la dernière comédie à succès de Laurent Ruquier revient pour 15 dernières représentations au Comedia.  Comment peut-on être un acteur riche, célèbre et être de gauche ? C'est ce que se demandent la plupart des gens de droite.  Comment peut-on être ouvrier chauffagiste et voter à droite ? C'est ce que pensent la plupart des gens de gauche.  Les limites de la politique ne sont pas définies... Plus que jamais, il est difficile de dire qui est droite, qui est de gauche ?  La confrontation inattendue entre Françis Huster et Régis Laspalès casse les codes, se joue des stéréotypes, fait vaciller nos opinons !"
232157,/iz6x1ZZgPd2McChzvuXaqCBYX2V.jpg,"Orpheline depuis son plus jeune âge et recueillie par sa tante Elm, Dothy souffre de l'absence de ses parents. Un matin, un cyclone s'abat sur son village et Dothy n'a pas le temps de se réfugier dans l'abri familial. Le cyclone l'emporte avec la maison dans un pays lointain, un monde irréel peuplé de personnages extraordinaires. Dès son arrivée, elle n'a qu'une seule idée en tête, rentrer chez elle pour retrouver sa tante. Comment faire ? Personne n'a un pouvoir assez grand pour l'aider à rentrer chez elle. Personne sauf peut-être un personnage étrange et fantastique qui vit depuis des années dans la Cité d'Émeraude, le magicien d'Oz..."
495266,/8VxlC2H9QW7bYltyn3ntEt7tQ7o.jpg,"Ils nous collent à la peau et à l’âme, nos vêtements. Nous croyons les acheter c’est eux qui nous possèdent. Attention ! ces chiffons sont des traitres : loin de nous habiller ils mettent à nu nos complexes, nos humeurs… Accrochés à leurs cintres, à nos mémoires aussi, ils exercent sur nous une dictature sournoise. Blottis, serrés les uns contre les autres, ils construisent dans nos placards un rempart contre l’oubli. Souvent tachés pour l’éternité d’encre ou de groseille, imprégnés de parfum, de larmes quelquefois, empilés ou bordéliques sur nos étagères, ils restent liés pour toujours aux chapitres heureux ou malheureux de notre vie.  C’est à travers l’évocation de leur garde robe que Gigi, Eve, Marie, Nora, Françoise, Amanda, Lisa et les autres évoquent le passé, les rendez-vous manqués et ceux qui ont changé leur vie, les joies et les révoltes de l’enfance, les fous rires, les déceptions, les drames, les fêtes et les espoirs aussi…"
495667,/ctAby1AkKOy5wFIHSzYSf4jbihS.jpg,"Un nouveau spectacle à l'image de son humour : intime, émouvant et saignant ! Un djihadiste débutant, un conseil municipal d'un maire fasciste, mapi une cougar épanouie, un pervers ravi de son voyage en thaïlande, un patron efféminé du spa empire des sens, un accidenté de la route sont les nouveaux personnages d‘Elie Semoun dans son nouveau spectacle a partager.  Vous partagerez également une part de son intimité ! il vous racontera l'adolescence de son fils, ses origines marocaines, et ses histoires d'amour."
497668,/xJcaAGwR52F8F2o6TgYQyCgQd7g.jpg,"Rien ne va plus au ranch de Bob Flanagan, où les maîtres se font passer pour des valets et les valets pour les maîtres ! En effet, Victoria et Brandon sont promis l’un a l’autre mais ils ont décidé de se travestir pour mieux s’espionner, et depuis, plus personne n’est à sa place. Bob Flanagan et son fils, seuls avertis de cette supercherie, laisseront-ils faire ce « Jeu de l’amour et du hasard »?"
1284836,/yaiHkfUH9Y6rSNDSGekU05KPOGk.jpg,"Christophe Dechavanne raconte la télévision provocatrice, scandaleuse et irrévérencieuse des années 1980, 1990 et 2000, qu'il a vécue de l'intérieur. Des émissions politiques aux talk-shows, des divertissements aux JT, aucun genre n'a échappé à ses dérapages parfois provoqués, souvent imprévus, qui ont amusé, choqué voire bouleversé le public. Grâce aux témoignages de Léa Salamé, Michèle Cotta, Marie-Laure Augry, Enora Malagré, Patrice Carmouze, Alain Bougrain-Dubourg, Michel Field, Benjamin Castaldi, Eric Naulleau et Marc-Olivier Fogiel, replongeons avec ce documentaire dans les coulisses de ces séquences cultes de la télévision française."
499137,/v9lS5HlpVhNN3FIID6Z17r9lTIj.jpg,"Un jury doit statuer sur le cas d'un jeune homme de 18 ans, issu d’un quartier difficile, accusé du meurtre de son père. Les preuves sont accablantes, les hommes sont pressés d'en finir, mais il faut l'unanimité des votes pour condamner l'accusé. Or sur les douze jurés, un d’entre eux a un doute sur sa culpabilité. Commence alors un vif débat au cours duquel chacun devra défendre ses convictions."
499267,/46xMiYEucwdT8St68U59M4MS1fQ.jpg,"Geneviève vit avec sa mère qui tient une boutique de parapluies à Cherbourg. Amoureuse de Guy, ce dernier est appelé sous les drapeaux en Algérie et quitte la ville. Les amants se séparent, se promettant un amour éternel. Mais Geneviève découvre bientôt qu’elle est enceinte et finit par céder aux pressions de sa mère en épousant Roland, un riche bijoutier qui la convoite depuis longtemps.  Lorsque Guy rentre à Cherbourg, il découvre le mariage de Geneviève et retrouve sa tante gravement malade dont s’occupe fidèlement Madeleine, amoureuse de lui depuis des années. Il se résout à l’épouser et décide d’ouvrir une station-service. C’est à cet endroit que, quelques années plus tard, Geneviève s’arrête un soir d’hiver. Guy voit alors pour la première fois l’enfant qu’ils ont eu ensemble. Après quelques mots échangés, chacun repart vers sa vie."
1025030,/nsNyXFShBg2eMDncn3vMKwaw1vH.jpg,"Pour sa 9ème édition, les Duos Impossibles de Jérémy Ferrari s’invitent à Paris pour une date unique et exceptionnelle. Retrouvez sur la scène mythique des Folies Bergère Jérémy Ferrari et de nombreux artistes qui formeront, pour cette soirée de gala inédite, des duos improbables et surprenants. La soirée fera l’objet comme chaque année d’une captation pour la télévision."
241160,/uMG9MtkusfopTwaqnPAF8akPppk.jpg,"Jonathan Lambert propose de revisiter les personnages hors-norme qu’il a créés. Après quatre saisons chez Ruquier, homme, femme, vieux, jeune, bon ou mauvais, les voilà pour la première fois sortis de la télé..."
1551917,/gDkjmmtEQt4WpDajeQyPlCXUu0c.jpg,"Une chose est sure, en sortant du spectacle d’Anthony Kavanagh vous serez gonflé à bloc.  L’humoriste québécois au rire et à l'énergie contagieuse, partagera avec vous tout ce qui le rend happy. Captation le 22 janvier 2025 au Théâtre Sébastopol à Lille, dans les Hauts-de-France."
769201,/wC5Cj2Sd45gTcBOXugshpsr4QFU.jpg,"Ce documentaire revient sur les débuts du duo formé par Omar Sy et Fred Testot, deux copains dont l'humour et la complicité ont séduit un large public, avant que chacun n'entame une carrière solo. Leurs amis et complices mais aussi des personnalités fans de leur humour, évoquent des anecdotes et souvenirs personnels. Avec, entre autres, Bertrand Delaire, Mickaël Youn, et la participation de Rocco Sifredi."
1034055,/qt6Lrcq00Ze7kdXEqrj2eVSxEf1.jpg,"Qui appelle-t-on à la rescousse quand un mystérieux super-vilain recouvre la jungle d’une mousse rose qui explose au contact de l’eau ? Les As de la Jungle ! Moins d’un mois avant la saison des pluies, la course contre la montre est lancée. Du Pôle Nord à l’Extrême-Orient, traversant des montagnes, des déserts et des océans, nos héros vont devoir parcourir le monde à la recherche d’un antidote, loin de leur jungle favorite !"
1352086,/agAJIpgr773ID2B0thuhCHgldwj.jpg,"Pour le dixième anniversaire, Les Duos Impossibles ont vu les choses en grand : la 10 ème édition aura lieu dans la mythique salle du Grand Rex à Paris pour un show unique, inédit et spectaculaire !"
251938,/sobzqdRzulU47NkbbjxuoZrWwyg.jpg,"L'enfant terrible du PAF se déchaîne dans son nouveau spectacle. Un show sans retenue, enregistré au théâtre Dejazet les 21 et 22 décembre 2001."
778809,/eKNeuxb6e7kFb0AKFg7Y8z0WTqd.jpg,"Quand le maître de maison, hystériquement superstitieux, s'aperçoit qu'ils vont être 13 à table... le réveillon de Noël tourne au cauchemar ! Il prend les choses en main: il invite d'autres amis. Chaque fois qu'il pense avoir trouvé une solution, un convive vient à se décommander et on en revient toujours au même: ce soir, ils seront 13 à table."
517193,/zS04bj7T1urtJHqV5Db5AULY3OX.jpg,"L'humoriste belge partage sa conception très personnelle des vacances. Autour de scénarios désopilants, le comédien s'amuse à endosser divers rôles, comme celui d'un campeur impoli, d'un agent de voyages décalé ou d'un moniteur de ski entreprenant. Son objectif est de rendre ses victimes totalement incrédules face à la situation. Cette version moderne de la caméra cachée va toujours plus loin dans la provocation. François Damiens, alias François l'Embrouille, s'est incontestablement imposé comme le maître du genre, à tel point qu'il lui est aujourd'hui quasiment impossible de se grimer sans être reconnu par ceux qu'il essaye de piéger. C'est ça, le comble du succès."
1303942,/6oCAILVOCzfjsuKdV6hTFoN2dSS.jpg,"Un spectacle capté au Trianon, à Paris. Laure Felpin, récompensée d'un Molière de l'humour en 2023, est seule en scène dans ce one-woman-show qui selon ses mots ""va passer"". En observant la vie quotidienne de ses contemporains, l'humoriste parvient à en capter les moments absurdes et surréalistes qui jalonnent les existences. Avec sa gouaille et toute une galerie de personnages, Laure Felpin emmène son public dans tous les petits travers de la vie, tout en y incrustant des passages de sa propre vie. Avec malice et ingéniosité, la jeune femme l'assure ""ça va passer"" au final !"
780121,/qOAi3JJoRoSApfxClj3C3guhAAs.jpg,"La pièce nous emmène en plusieurs lieux quelque part dans ce monde et donne l'occasion de suivre une fresque de personnages qui s'aiment, subissent, se jalousent, profitent les uns des autres et dont le point commun est une séance de dédicace, où tous se retrouvent pour mieux se déchirer. Une comédie de moeurs qui dépeint les petites monstruosités, les mesquineries, les mensonges, les stéréotypes de notre société. Rien n'échappe à l'oeil de Pierre Palmade et de sa troupe, cet oeil traquant la réalité sous le jeu des apparences. Aux côtés de François Berléand, Pierre Palmade nous offre une fois encore l'un de ces spectacles dont il a le secret"
1044454,/ul8buthzBHz6WbysdlNOQrDto38.jpg,"La saga des Lambert se poursuit dans un nouvel opus encore plus fou. Argent, héritage, amour : les dix personnages campés par les Chevaliers du fiel se déchaînent. Lorsque une grand-mère gagne au Loto, elle décide de donner l'argent à des membres de sa famille. Mais une chute lui fait perdre la mémoire. Le tandem formé par Eric Carrière et Francis Ginibre poursuit l'humour qui a fait sa renommée depuis près de 30 ans dans cette pièce au rythme effréné où trahisons, amour, mensonges et chansons sont au rendez-vous."
258868,/rGcvUtZp7amBmkp0ehQTRIJNZO2.jpg,"Dans la même journée, Etienne, flic de la BAC, perd son coéquipier en opération et apprend qu'il va être papa. En effet, Angèle, qui l'a quitté il y a sept mois, est sur le point d'accoucher. Comme deux malheurs n'arrivent jamais seuls, il découvre avec horreur, au lendemain d'une soirée arrosée, qu'il a peut-être couché avec un homme. Un homme qui s'avère être son futur partenaire de travail. Etienne, désireux de retrouver l'assassin de son ami, devra affronter et gérer toutes ces difficultés en même temps"
1309396,/lw7ZdkW3BrNfgxWuFVyaXecE5Jn.jpg,"Rémi ne s’est pas remis d’un chagrin d’amour et depuis, il partage sa vie avec une poupée, Audrey. Cependant, le jour où Patricia, une intérimaire, arrive dans son entreprise, Audrey devient vivante. Les deux femmes vont bouleverser la vie de Rémi… pour le meilleur."
